date,log_return,vol_20,garch_vol_daily,garch_vol_annual
2018-03-29,0.0180763741986234,0.2712712676460729,0.014983901719004853,0.2378620657075204
2018-04-02,-0.0194662284876777,0.2785940858268382,0.015317345706080595,0.24315532490335387
2018-04-03,0.0136294586112281,0.2772931731302187,0.016004973111894905,0.2540710715660968
2018-04-04,0.0150692757174947,0.2841156794750937,0.015739004275907333,0.24984894718699815
2018-04-05,0.0079867611698708,0.286119946796964,0.015638174860433677,0.24824832983789835
2018-04-06,-0.0252536387240935,0.2984154082287019,0.015048807305114953,0.23889240994479766
2018-04-09,0.0119369042333295,0.2810689606699123,0.01664770591004844,0.2642741384263704
2018-04-10,0.0189319727399856,0.2919870457045668,0.016165736026604486,0.2566231037202774
2018-04-11,-0.0169412020164486,0.2946683197602264,0.016395925438816936,0.2602772473552031
2018-04-12,0.0245559014629753,0.3076635372844248,0.0165852009598182,0.26328190310225225
2018-04-13,-0.0274528797700505,0.3215938718022874,0.017450810727094358,0.2770230321620995
2018-04-16,-0.0008162895560062,0.3213083664536926,0.018855379193953206,0.2993198653381302
2018-04-17,0.0,0.320707769763571,0.017762988016977697,0.28197869300606015
2018-04-18,-0.0081082756435832,0.3212417300338937,0.016777472921031572,0.2663341258630197
2018-04-19,0.0217163800171088,0.3323652102131885,0.01615995478112138,0.25653132929337835
2018-04-20,-0.0022402446754438,0.2945538061652796,0.016726678680027758,0.26552779228463746
2018-04-23,-0.0048561246509638,0.2767639895680286,0.015882377061750382,0.25212491960368955
2018-04-24,-0.0046986622995226,0.2559570022334064,0.015212770247479477,0.24149524096315933
2018-04-25,-0.0038112568820204,0.2458298516021873,0.014616589362656883,0.2320311628172532
2018-04-26,0.000999591159609,0.2456653032477733,0.014059028089035785,0.22318015199316202
2018-04-27,-0.0063781537407533,0.2382965011135878,0.013482311732338525,0.214025063652097
2018-04-30,-0.0056833959930661,0.2283786188603054,0.013188642895784424,0.20936321539610606
2018-05-01,0.0,0.2229910812621473,0.01289633490273054,0.2047229698609642
2018-05-02,-0.0079372820953142,0.2168959791550518,0.012465388151499768,0.19788190226855717
2018-05-03,-0.0063208985317419,0.2146152398093669,0.012420132779552628,0.19716349551058598
2018-05-04,0.0110354901163322,0.2009521779830996,0.012272003777019152,0.19481202049462817
2018-05-07,0.0086318258630438,0.198610891278624,0.012346391208385033,0.19599288435900622
2018-05-08,0.0147034778167535,0.1936374849816771,0.012230735035707206,0.1941568995360358
2018-05-09,0.0215694636633509,0.1989238794859145,0.012671861458299263,0.20115956440154478
2018-05-10,0.0077295070822676,0.1809244873094053,0.013934279612667504,0.2211998313237339
2018-05-11,-0.0037694543865707,0.1493330425591539,0.013546874639964578,0.21504996803708362
2018-05-14,0.0003512469302006,0.1491410823708562,0.013120766630538613,0.2082857130895204
2018-05-15,-0.0076676002504967,0.1527048217848353,0.012659464581056663,0.2009627700762385
2018-05-16,0.0027388805388333,0.1486767054726958,0.012565494745664174,0.19947104518509728
2018-05-17,-0.0033583769965413,0.129551077771603,0.012185453757458766,0.19343808152828085
2018-05-18,-0.0163330865473768,0.1425823842680713,0.011923187321305095,0.18927473092446997
2018-05-21,0.0091365737686622,0.1450895709126537,0.012876819720190301,0.2044131759422152
2018-05-22,0.007639049405842,0.1457813777232765,0.012716946180212525,0.20187526217421076
2018-05-23,-0.0046119815673249,0.1461709952895902,0.012488970865261963,0.1982562662436859
2018-05-24,-0.0112641992007965,0.152647945737807,0.012238332031768835,0.19427749810977704
2018-05-25,-0.0051376921339742,0.1519674683580699,0.012521404724231553,0.19877113779303596
2018-05-29,-0.0436839388615588,0.2181631099332574,0.01229218466798486,0.195132382207014
2018-05-30,0.0225882293739631,0.2341354337839866,0.018662391324958883,0.29625627789366243
2018-05-31,-0.0124444399434581,0.236644574142867,0.018900638412385283,0.3000383331571568
2018-06-01,0.0129058009666358,0.2401054766450787,0.01830947448848119,0.2906538967968167
2018-06-04,0.0004611482673376,0.2368860164177283,0.017683642766699207,0.28071912620635375
2018-06-05,-0.0056405901088864,0.2354084889920559,0.016704343788577172,0.26517323687461025
2018-06-06,0.0230991021850884,0.244410919702185,0.015971024332724338,0.2535321514040994
2018-06-07,0.003979024964098,0.2311668476042852,0.01675603968669547,0.26599388381594913
2018-06-08,0.0027939272827339,0.2293047449996941,0.01590392861007304,0.25246703982707036
2018-06-11,-0.0025232058083556,0.2291773684592171,0.015127053641077772,0.24013453202055543
2018-06-12,-0.005791347287876,0.2296099037229507,0.01447012508433381,0.2297061144788688
2018-06-13,-0.0019985471768425,0.2285204368660553,0.014014973870410263,0.22248081295304362
2018-06-14,-0.0177986349939494,0.2351519496080794,0.013477563064948472,0.21394968089425873
2018-06-15,-0.0012040940648045,0.235159734018009,0.014305174319819557,0.22708760227002064
2018-06-18,0.0025916341791919,0.2297036795233419,0.013717382916073568,0.21775670300745997
2018-06-19,-0.0058406507295419,0.226772714721382,0.01319165921940137,0.20941109804909083
2018-06-20,-9.29843322069454e-05,0.2240153142088549,0.012907423629582889,0.20489899794261004
2018-06-21,-0.0002790048843953,0.2239965486053909,0.012475875443873019,0.19804838287383345
2018-06-22,-0.0165060485707494,0.2275348563304957,0.012101028378386195,0.19209787018407057
2018-06-25,-0.009119470439537,0.2285775972884351,0.013040105952203753,0.20700526451678553
2018-06-26,0.0006677796575364,0.1698393810174858,0.012998773347791483,0.20634912976290465
2018-06-27,-0.0155697522939736,0.1543178901421637,0.012551424041523348,0.19924767968152812
2018-06-28,0.0162370863194065,0.1629386136756516,0.013271746187734197,0.2106824392578854
2018-06-29,-0.0069813318505531,0.1555837314602458,0.013696617207748608,0.21742705760730427
2018-07-02,0.0084098354980724,0.1597379561700176,0.013409568720173825,0.21287030413326374
2018-07-03,-0.0140881145536787,0.1653046572089606,0.013129638211950637,0.20842654507843286
2018-07-05,0.0010611104068031,0.137011225692065,0.013559273838009346,0.21524679920398218
2018-07-06,0.0032726951916938,0.1365491770413367,0.013042576037783417,0.20704447590975056
2018-07-09,0.0304745831112657,0.1807086398950691,0.012610826970894504,0.200190671951117
2018-07-10,-0.0061711275788081,0.1813773008987937,0.015455537447879024,0.24534905079560285
2018-07-11,-0.0021595238663403,0.1808107627282097,0.014895868391474826,0.2364645799571407
2018-07-12,0.0043143942368819,0.1820819949395127,0.01425725177861921,0.22632685551275844
2018-07-13,-0.0045964153903375,0.1721069355622181,0.013698956744915359,0.21746419660846156
2018-07-16,0.0389096745349677,0.2223584428954001,0.013286756650858038,0.21092072297282294
2018-07-17,-0.0007237199519794,0.2223999429363727,0.017673258028676676,0.2805542736009247
2018-07-18,0.009278092048638,0.2226520770822529,0.01670321072307408,0.2651552500173682
2018-07-19,-0.0148137475476128,0.2303262030755511,0.016050379727400758,0.2547918792411305
2018-07-20,0.0125696821563547,0.233809326619366,0.016068342009390512,0.2550770216278751
2018-07-23,0.0184308293383504,0.2305476191125985,0.01570936154571923,0.24937838343344587
2018-07-24,0.0070329960222667,0.2259322119933738,0.015959393222136523,0.2533475132475783
2018-07-25,0.0089827491027217,0.2260979368218453,0.015289199501290185,0.24270851775399954
2018-07-26,-0.0028691929434191,0.2152348478545582,0.01479483924311823,0.23486079194681947
2018-07-27,0.0102218492243468,0.2122294847990397,0.014186133592415799,0.2251978893064292
2018-07-30,0.0060147973051178,0.2074354763935764,0.013914522294989254,0.22088619362883177
2018-07-31,-0.0153663244553813,0.2200661444336361,0.0134524693266189,0.21355133014774888
2018-08-01,0.0061576015208814,0.2088470814733351,0.013973195387470216,0.2218176000969661
2018-08-02,0.0042276064863459,0.2082558642204261,0.013509335328338623,0.21445404993937864
2018-08-03,0.008060410644215,0.2082215539745851,0.01304039940411798,0.20700992292150633
2018-08-06,0.0002561803523681,0.1875163197848227,0.012791104485601097,0.20305248877645962
2018-08-07,0.0036647247730769,0.1833750676780239,0.01237159189079677,0.19639293279018966
2018-08-08,0.0020396029846147,0.1818365031753813,0.012034233636574868,0.19103753652975333
2018-08-09,-0.0077556105282492,0.1874789094508511,0.011714849056732212,0.1859674635046382
2018-08-10,-0.0098878755824575,0.1917706518902138,0.01177248541466737,0.1868824123220698
2018-08-13,-0.0160268215737266,0.1557345600065142,0.012002070900456933,0.19052696892224463
2018-08-14,0.0066509390176538,0.1565517577876729,0.012896617975588956,0.2047274635032819
2018-08-15,-0.008320608547423,0.1579244643140508,0.01259393278223667,0.199922485020372
2018-08-16,0.0093667249360866,0.1489546220063243,0.012557977334158739,0.19935170997701937
2018-08-17,0.0,0.1439150438129441,0.012460330612381578,0.1978016163240409
2018-08-20,-0.0013078165689854,0.1295332318861749,0.012084811557676043,0.19184043613613946
2018-08-21,0.0060885636466098,0.1289490617087743,0.011776879809553768,0.18695217117826193
2018-08-22,-0.0030396480045525,0.1254868768696838,0.01160316178346969,0.18419448300665692
2018-08-23,-0.0020896829545971,0.1252883529238299,0.01140968495376253,0.1811231335515069
2018-08-24,-0.0004359007958825,0.1192634514905968,0.01121261008132447,0.17799466693872157
2018-08-27,0.017546584409093,0.1338590450093147,0.01100856244050078,0.17475551105934808
2018-08-28,-0.0048958654803584,0.1226135533819495,0.012060547274223373,0.1914552525775978
2018-08-29,-0.0032772776206753,0.1214228041147168,0.011883783545079985,0.18864921536881907
2018-08-30,-0.0049361433848134,0.1215912363629782,0.011659935038516665,0.18509573049050057
2018-08-31,-0.0053096699579832,0.1184521881112248,0.011543070861587951,0.1832405691945468
2018-09-04,0.0049623572862625,0.1203213482613871,0.011463922961035022,0.18198413522461124
2018-09-05,-0.0048750858283373,0.1198908637876574,0.011288527537938329,0.17919981920093442
2018-09-06,-0.0042852835703269,0.1196734484077598,0.011223422178285725,0.17816630365698516
2018-09-07,0.0019262767535819,0.117981881392559,0.011137749453754566,0.17680629131748044
2018-09-10,-0.0053501859849804,0.1145524581896828,0.010938854003162253,0.17364892392246406
2018-09-11,0.0063119346929921,0.1021503615625773,0.01095419314111668,0.17389242518858522
2018-09-12,-0.0118677495042338,0.1077255175845961,0.010911910802046438,0.1732212138644054
2018-09-13,0.0038835000263976,0.1049332681817054,0.011506420545283624,0.18265876346006815
2018-09-14,-0.0001761959303297,0.0988296868652598,0.011291146342434055,0.17924139143350235
2018-09-17,0.0029911168601395,0.0996201798388323,0.01107307464393561,0.1757796105402523
2018-09-18,0.004032617019168,0.1007764681063434,0.010898110771938363,0.1730021451778984
2018-09-19,0.028632518231045,0.1424225998358805,0.010773281480876737,0.171020541614985
2018-09-20,0.0085503166412019,0.1440091854429362,0.013845546289637373,0.21979123348928137
2018-09-21,-0.0065967762908717,0.1463959362426135,0.013514691337030761,0.21453907394149443
2018-09-24,-0.0096347251676099,0.1514320972607647,0.013229364636286116,0.21000965298603314
2018-09-25,-0.0028312832606452,0.1384040403067921,0.013201187281142706,0.20956235134015508
2018-09-26,-0.0118405946682768,0.1436662261301082,0.012787140146380929,0.20298955684232403
2018-09-27,-0.0043565460556938,0.1439951918038771,0.013033937478529963,0.20690734303292732
2018-09-28,-0.0147785940961187,0.1519979767015177,0.012698163450008846,0.20157709557584022
2018-10-01,0.0058319507876617,0.1529798451773192,0.01329031940125385,0.21097727988200723
2018-10-02,0.0041324189461866,0.1526166435373927,0.01290082883876446,0.20479430888388572
2018-10-03,0.0093446381050927,0.1555473014255774,0.012506303618829135,0.1985314151765341
2018-10-04,0.0019973086401844,0.1547432666747373,0.01241479433358953,0.19707875030815053
2018-10-05,-0.0056548934893297,0.1561565187631702,0.012045408179314267,0.1912149268963732
2018-10-08,0.0060885636466098,0.1561100535832288,0.011912017700410045,0.18909741868970692
2018-10-09,-0.0069613925402871,0.1568928300487377,0.011719163478993728,0.18603595283476757
2018-10-10,-0.0269939838283821,0.1796549607102229,0.011717923161001897,0.1860162633970494
2018-10-11,-0.0304212894440863,0.207165286259375,0.014544198510517359,0.23088199366550982
2018-10-12,-0.010972771429031,0.209141271701938,0.017183142139394505,0.27277392506107334
2018-10-15,-0.0057199274522222,0.2081304000233255,0.01670352418674127,0.2651602260988189
2018-10-16,0.0212140445305069,0.224563498718656,0.015973714960876725,0.25357486380187
2018-10-17,0.0110781631935552,0.1994792825323227,0.016510630082582637,0.2620981271249729
2018-10-18,-0.0159695023721429,0.1989410948468152,0.01598826898242621,0.25380590173144485
2018-10-19,-0.0016666670524693,0.1990716334358023,0.01613738776413527,0.2561730890047114
2018-10-22,-0.0144679800008231,0.201480157622015,0.015347165125467086,0.24362869351097582
2018-10-23,-0.0104910938123282,0.2023969267870963,0.015440770766481704,0.24511463699560065
2018-10-24,-0.0187979065439486,0.2069571004258336,0.015159307116558047,0.2406465400707854
2018-10-25,0.0150855611258446,0.2193648052429604,0.015789696333811006,0.2506536586589534
2018-10-26,-0.0138277601763112,0.2187937262792746,0.015682811735109135,0.24895691825606486
2018-10-29,0.0137323903798535,0.2253725422817439,0.015659511331975507,0.24858703582323008
2018-10-30,0.0174904009597788,0.2364525351858658,0.015451259060384127,0.24528113349965963
2018-10-31,0.0215101933284271,0.2487041261247596,0.015640028360341524,0.24827775323676582
2018-11-01,-0.0003669724811824,0.2482546430956382,0.016276707154450155,0.2583847157622054
2018-11-02,-0.0055208090169842,0.2482346877910212,0.015453658794191742,0.24531922809286585
2018-11-05,0.0065296594716973,0.2484489912574813,0.01486342399821313,0.23594954118108774
2018-11-06,0.0046641449042496,0.2492777568582251,0.014304151345493782,0.22707136305603903
2018-11-07,0.0170078280998324,0.2399795699120682,0.01374941908377888,0.21826526140370686
2018-11-08,0.0080407830703046,0.2125738758692209,0.014177196431481782,0.22505601627487898
2018-11-09,-0.0097465786987183,0.2116293822893511,0.013774332433596895,0.218660748571371
2018-11-12,-0.0212503455947048,0.2258357881725312,0.013673130804371459,0.21705422251214057
2018-11-13,0.0058570680846718,0.2140686497489675,0.014957702118788399,0.2374461599477881
2018-11-14,-0.0208379289818678,0.222839861007414,0.014361809576231828,0.22798665909345212
2018-11-15,0.0252083265418673,0.234171825604386,0.0154329137374972,0.2449899105271797
2018-11-16,-0.000727074466275,0.234058553307542,0.016630359388281425,0.2639987709301254
2018-11-19,0.0076080432185364,0.2277995495933659,0.015772266433448028,0.25037696756853095
2018-11-20,-0.0217082585146782,0.2391905695750199,0.01514904421481296,0.24048362155630104
2018-11-21,-0.0074969114141782,0.2296459537075473,0.016180410411624692,0.25685605236071507
2018-11-23,-0.0092398809413454,0.2275736485538588,0.01560146445450768,0.24766557021024782
2018-11-26,0.024177918050212,0.2349381290331854,0.015205892321208616,0.24138605726846812
2018-11-27,0.0042013031018308,0.2314369255234687,0.016298739000824757,0.2587344604807901
2018-11-28,0.011057848557686,0.2269082005312393,0.015501702579271866,0.2460818995370513
2018-11-29,-0.0079638429954756,0.2171153081715522,0.015109167419862726,0.23985059706117723
2018-11-30,0.0102147780835451,0.2198036961057147,0.014694155192644926,0.23326248219556125
2018-12-03,0.0093989860790476,0.2203093298256317,0.014352692275573294,0.22784192643242798
2018-12-04,-0.0456633755621511,0.2761201760144346,0.014004717505646835,0.22231799820992604
2018-12-06,-0.0192078214808715,0.2827096202493075,0.020124454574673,0.31946581245240535
2018-12-07,-0.0182276727326405,0.2788407546884984,0.019976473538069944,0.31711668632277396
2018-12-10,-0.0188620300056585,0.2800191453607862,0.019749928793998645,0.31352040000092535
2018-12-11,-0.0098151781871746,0.2800341524602893,0.01962167601665734,0.31148445027813476
2018-12-12,0.0064551592141974,0.2761673790945635,0.018765355920441623,0.2978907901746126
2018-12-13,0.0009894133586408,0.2744500123504299,0.017759990563761853,0.2819311099114061
2018-12-14,-0.0082419412984303,0.2677746378244751,0.01677181918654447,0.26624437561042974
2018-12-17,-0.0128451339656936,0.2471418363453478,0.016162810711348632,0.25657666578023675
2018-12-18,-0.0047582980186062,0.2465672438200463,0.01597607351766218,0.25361230473011404
2018-12-19,-0.0127663481284806,0.2427828243707433,0.015291637176885038,0.24274721465440577
2018-12-20,-0.0086714696355982,0.2362856093799391,0.015226711695292584,0.24171655458613736
2018-12-21,-0.0239230798297662,0.2448314684897166,0.014842164460273404,0.2356120564788278
2018-12-24,-0.0217925000142009,0.2505567282308822,0.01627589589918681,0.25837183748414577
2018-12-26,0.0406222784637228,0.2827050818764799,0.0170917332925048,0.27132285460206534
2018-12-27,0.011191826664301,0.2872636445664306,0.02058486269436582,0.3267745647702177
2018-12-28,-0.002166401012355,0.2805189974983549,0.01958543881299607,0.310909202503558
2018-12-31,0.0081255268355616,0.2854060628852001,0.01843720179277139,0.29268150489352396
2019-01-02,0.0171638804562657,0.2916393123977859,0.017529236729128515,0.27826800634832005
2019-01-03,-0.0224019143090044,0.2917213498943329,0.017361653817192287,0.2756077100945163
2019-01-04,0.0362021333212607,0.2934377206711437,0.01805256980079207,0.28657566131118395
2019-01-07,0.0006949615568859,0.287432203580281,0.020448307199174513,0.32460681348760484
2019-01-08,-0.0018874490280205,0.2810930219634479,0.019186166525838974,0.3045709514402522
2019-01-09,-0.00169179519876,0.2733948789540702,0.018074137666274595,0.2869180405614475
2019-01-10,-9.960655419365843e-05,0.2711589544754585,0.017074709126336067,0.2710526043423011
2019-01-11,-0.004792819958508,0.2705517625898108,0.016162941885524678,0.25657874810572623
2019-01-14,0.010256500167189,0.273238632957471,0.015458031403710463,0.24538864111706743
2019-01-15,0.0073043459690824,0.2726581829735489,0.015018139387054768,0.23840557183830552
2019-01-16,0.0080321716972642,0.2689602082023193,0.014472887081362178,0.22974995982242255
2019-01-17,0.0040891888350805,0.2679601796199448,0.014031361905904004,0.22274096495140364
2019-01-18,0.0160959573526335,0.2661954531295071,0.013494868154855346,0.21422439068011395
2019-01-22,-0.0159016505415684,0.271800680021711,0.013863705037121539,0.2200794946690625
2019-01-23,-0.0025289382216687,0.253413425148301,0.014372868331644795,0.22816221139324772
2019-01-24,0.0005841690361819,0.2345726568041468,0.013805298894346356,0.2191523258961325
2019-01-25,0.0063067205594798,0.1945264807189442,0.013259493816804652,0.21048793889918246
2019-01-28,0.0047281411959458,0.1925808481434718,0.012893334168457974,0.20467533468114943
2019-01-29,0.0027877932018098,0.1914794443861811,0.012516710665438262,0.19869662191979656
2019-01-30,0.0023012763056614,0.1907901017066255,0.012143688254542467,0.1927750747236924
2019-01-31,-0.0087538435965951,0.1880849001426727,0.011812633166487346,0.1875197381241538
2019-02-01,0.0036647740891239,0.1643735909867358,0.01193476542255766,0.18945852758388165
2019-02-04,0.0035554738843632,0.1096128847159313,0.011655457771798827,0.1850246560847683
2019-02-05,-0.004422233701713,0.1117425937462081,0.011411487930238334,0.18115175491575494
2019-02-06,-0.0004818580539436,0.1112910262864542,0.011304768953417525,0.1794576436787202
2019-02-07,-0.0131963878938169,0.1226507321191498,0.011088547124342612,0.17602522855218578
2019-02-08,-0.0100128450165535,0.1287027465450206,0.01180624565830405,0.18741833957525145
2019-02-11,-0.0047468443562195,0.1286778617008606,0.012041776999788267,0.19115728370842344
2019-02-12,0.0169062410800049,0.1372556504526977,0.011860163603103156,0.18827426041410428
2019-02-13,0.0047644603716241,0.1359530202842848,0.012639973858053622,0.20065336444060514
2019-02-14,-0.0065203870738891,0.1353395769110088,0.012297524779577964,0.19521715385050614
2019-02-15,0.0301027682599252,0.1723135562480012,0.012179724059391175,0.19334712539123486
2019-02-19,-0.0035116061331313,0.1637697827916174,0.015086189593276608,0.23948583537228343
2019-02-20,0.0048371128600578,0.1527650598108638,0.014462263412766227,0.22958131431172624
2019-02-21,-0.0020837287327331,0.15262446449915,0.013893338132877735,0.22054990548074963
2019-02-22,-0.0044662021309994,0.1540030014862598,0.013372696330794624,0.21228497309801111
2019-02-25,0.0104216954624141,0.1565245571785027,0.012997128707115762,0.20632302190156054
2019-02-26,-0.0076635977512693,0.1590779798627837,0.012910622782084255,0.20494978291415875
2019-02-27,-0.0012354480069875,0.1590099885225188,0.012779355974376023,0.20286598694259886
2019-02-28,-0.0076365395931526,0.1613895307848625,0.012379648279362786,0.1965208239938556
2019-03-01,0.0006705302229296,0.1580609928674356,0.012325386760778594,0.19565944909024868
2019-03-04,-0.002300835067365,0.1578687313185468,0.011963545342610913,0.189915394651161
2019-03-05,-0.0007681229374308,0.1573765788262121,0.011696217896981474,0.18567170301261518
2019-03-06,-0.0037530718161979,0.1571487378908606,0.011430660963091515,0.18145611737660527
2019-03-07,-0.0072572770018042,0.1592315461713727,0.011290160402830518,0.17922574012751022
2019-03-08,0.0003883872269425,0.1518513356481065,0.011378122585811884,0.18062209649319255
2019-03-11,0.0129245626276076,0.1530003374457944,0.011143478608989033,0.17689723883731773
2019-03-12,-0.0029751929427588,0.1521750932136088,0.011592597986569158,0.1840267879296605
2019-03-13,0.0033584448397561,0.1412390532021576,0.011398278472262203,0.18094206127120213
2019-03-14,0.0090593286350363,0.1436146420358873,0.011185295962149082,0.17756106873900845
2019-03-15,0.0114211444893827,0.1451347947378918,0.011278028408612906,0.17903315068986778
2019-03-18,0.0059886021588019,0.101979151966592,0.01155275882243868,0.18339436080528093
2019-03-19,-0.0036450341773337,0.1020545398021732,0.011406588940412804,0.18107398586323223
2019-03-20,-0.0215794858736827,0.1278822317043665,0.011264934367316199,0.1788252892283004
2019-03-21,-0.0159123855094729,0.1390092607277266,0.013209857071427564,0.20969997999423198
2019-03-22,-0.0306987537711576,0.1738781238673471,0.013844009369767247,0.21976683564271304
2019-03-25,-0.0083547720366498,0.167958857039026,0.016741208886418602,0.26575845216028915
2019-03-26,0.009957336482191,0.1737112230815722,0.016142664060101553,0.2562568476065336
2019-03-27,-0.0034085246032855,0.1736531802142492,0.015596958672859198,0.24759404314402478
2019-03-28,0.0112837584460165,0.1794476449200668,0.014909968025249567,0.23668840470441102
2019-03-29,0.0051500559506072,0.1809571326966242,0.014613471925642975,0.23198167503885295
2019-04-01,0.0331307320982281,0.2187773108643993,0.01403564678047354,0.22280898522646422
2019-04-02,0.0047669076824133,0.2193287828707313,0.016966219565659926,0.26933038595792674
2019-04-03,0.0019953448588959,0.2188015765885447,0.016108260399379258,0.255710706423765
2019-04-04,0.0019913713849254,0.2167491181959714,0.015301081085046584,0.24289713204880564
2019-04-05,-0.0023711302426175,0.2171143004099001,0.014584106331466498,0.2315155106830973
2019-04-08,0.0032233626695599,0.2127971035413949,0.013987275346897142,0.22204111252364725
2019-04-09,-0.0074102562157519,0.2143671969738181,0.01343837410572447,0.21332757545278178
2019-04-10,0.0044717262089294,0.2146074504034242,0.013214325812462981,0.20977091905895157
2019-04-11,0.0084133407366788,0.2142758500001458,0.012789018053328733,0.20301936769093928
2019-04-12,0.0458137510388285,0.266183965511899,0.012595766122132326,0.19995158838896734
2019-04-15,-0.0114855433982362,0.2700323605998188,0.018872819807814585,0.2995967265000673
2019-04-16,0.01049593421307,0.2712833781665433,0.018215012340205745,0.2891543566809423
2019-04-17,0.0283958741551807,0.2717354343876801,0.01744893649054016,0.2769932795791764
2019-04-18,-0.0073762189023439,0.2648442353889425,0.018696932245355694,0.2968045980062139
2019-04-22,0.0012331543886297,0.2298635715501723,0.017814912836299913,0.2828029739588514
2019-04-23,0.0012316355916026,0.2240955291571143,0.016821165190768372,0.2670277191426569
2019-04-24,-0.0016718733270861,0.2258381287875625,0.015933084277401966,0.2529298716974332
2019-04-25,0.0005282620302456,0.2239966760848803,0.01516578588823544,0.24074938738274268
2019-04-26,0.0075412493485717,0.2233496564224886,0.01446129321633507,0.2295659129208479
2019-04-29,0.0143113592260442,0.2250288917943157,0.01399665486016562,0.2221900076808106
2019-04-30,-0.0006030064359831,0.20364128473172,0.014093383232934678,0.22372552299523588
2019-05-01,-0.0076986669764709,0.2087164520152513,0.013522189545576591,0.21465810431203902
2019-05-02,0.0021685396883383,0.2086892230850792,0.013305496494671807,0.2112182087708595
2019-05-03,0.0061331337241157,0.2085308485168825,0.012825423716807994,0.20359728968222188
2019-05-06,-0.0089097081760293,0.2127484696251082,0.012509258018669287,0.19857831482003707
2019-05-07,-0.0164699298903817,0.2253535751784169,0.01253288632180611,0.19895340250405194
2019-05-08,-0.0053139793810837,0.2241325247211807,0.013375527678114452,0.2123299193433122
2019-05-09,-0.000799538087278,0.2246287473103361,0.013039050647042631,0.20698851206670385
2019-05-10,-8.887703867544322e-05,0.224086976170016,0.01259929094912825,0.20000754328284182
2019-05-13,-0.0275742826141085,0.1856888504642686,0.0122067375427643,0.19377595114554003
2019-05-14,0.0079174095161743,0.1836381658438334,0.014993401148542846,0.23801286447644746
2019-05-15,-0.0038143720754705,0.1799569438493288,0.01448017734188457,0.2298656891204333
2019-05-16,0.0127482400955587,0.1531594558415597,0.013939332089682788,0.22128003690985773
2019-05-17,-0.0048631219762929,0.1520987424194108,0.013900464626871905,0.22066303506571985
2019-05-20,0.0052224141745351,0.1535968547681309,0.013474138575352335,0.2138953188072265
2019-05-21,0.0034068528558699,0.1542089258701857,0.013039079365064094,0.20698896795116145
2019-05-22,-0.008177983120043,0.1563599189102486,0.012610358103344613,0.20018322890950796
2019-05-23,-0.0198675996288175,0.1695458259248881,0.012561088076277472,0.19940109147725352
2019-05-24,0.0098008570190135,0.1714531868202704,0.01388996128037688,0.2204962996091612
2019-05-28,-0.0109060330386685,0.1625268966756548,0.013630926785482776,0.216384254482299
2019-05-29,-0.0027682955761417,0.1622168514988742,0.01365060773428046,0.2166966798588058
2019-05-30,-0.0107767672493539,0.1636371115787479,0.013178026375563472,0.20919468336234487
2019-05-31,-0.0103277605613664,0.1637591664382008,0.01325754515121979,0.2104570047920266
2019-06-03,0.0047076633407423,0.162632234285437,0.013284208876906461,0.21088027831518685
2019-06-04,0.0303446038862179,0.2027538893888089,0.01285688784967335,0.20409676730690204
2019-06-05,0.0035475545460232,0.1966630505619183,0.015600651313006223,0.24765266198908648
2019-06-06,0.0021768716079401,0.1964726660060446,0.014869205316249383,0.2360413167597323
2019-06-07,-0.0110236619446549,0.1996572159805054,0.014203051001924798,0.2254664448567587
2019-06-10,0.0107518120041471,0.2043381947671018,0.014145214438679608,0.2245483178785581
2019-06-11,0.0030766470744404,0.1787843246242715,0.01391666539576663,0.22092021429898068
2019-06-12,-0.0128212713360712,0.1825783736537487,0.01337382399102504,0.21230287414920945
2019-06-13,0.0024678957729214,0.1824176036330668,0.013621632472605996,0.2162367118394239
2019-06-14,0.0025528824951512,0.176334409986408,0.013106033237892728,0.2080518277320647
2019-06-17,-0.0054784651267188,0.1765417122104985,0.012654983519117787,0.20089163542324004
2019-06-18,0.0135499731473678,0.1826199216426496,0.01242506916248747,0.19724185816031664
2019-06-19,-0.0072523207905664,0.183675932432963,0.012708134077825929,0.20173537438555533
2019-06-20,0.0025442994188765,0.1819147941667473,0.012578215990482387,0.19967298868603425
2019-06-21,-0.0068296946254453,0.1687075949765844,0.01219380990413788,0.19357073124447113
2019-06-24,-0.0071527127508632,0.1668567134846705,0.012111473929211298,0.1922636881628124
2019-06-25,-0.0083172090212683,0.1649535983655229,0.012063503224309593,0.19150217683049414
2019-06-26,0.0066592920899767,0.1665087216389718,0.012109625232965715,0.19223434101971934
2019-06-27,0.0033130897229601,0.1617216003857256,0.011915760375313025,0.1891568318118956
2019-06-28,0.0268326468059532,0.1804441352333842,0.011631197510662574,0.18463953637852026
2019-07-01,0.0166759230678464,0.187103817164471,0.014071522128803709,0.22337848872574087
2019-07-02,0.0010550379033853,0.1574488041628453,0.014404162909185532,0.22865899741059342
2019-07-03,-0.0086488933804005,0.161568414752639,0.013786780273513467,0.21885835190404615
2019-07-05,0.0059210990012174,0.1624110903420579,0.013599202567302002,0.2158806481312333
2019-07-08,-0.0054780133455124,0.1579182832577861,0.013173483719393551,0.20912257093124118
2019-07-09,0.0042436629860029,0.154609835227946,0.012872433131401257,0.2043435410039769
2019-07-10,-0.0029155827518406,0.1551821152701273,0.012484498875458954,0.1981852756063796
2019-07-11,0.0095104626663326,0.1488303231962955,0.012166375188099446,0.1931352186289069
2019-07-12,0.0104621704069834,0.1517248738065843,0.012137882160452694,0.19268290583739134
2019-07-15,-0.0122165568218767,0.1605387088741889,0.012186515521532111,0.1934549365104154
2019-07-16,0.0106541921259759,0.1610186569183986,0.012578414553858403,0.1996761407819088
2019-07-17,-0.0098643373304252,0.1614084801795718,0.012573481735270432,0.1995978347144306
2019-07-18,0.0059477128015259,0.1587374845252868,0.012667971861598881,0.2010978189681275
2019-07-19,-0.0099032403076328,0.1643462626909432,0.012365102307576824,0.19628991385031508
2019-07-22,0.006408871416042,0.1621533779280789,0.012496918327111589,0.19838242828933558
2019-07-23,0.0181247644683786,0.1676322439947973,0.012237334219194942,0.19426165832622358
2019-07-24,0.004031053102056,0.1617905350795556,0.013099895318582876,0.20795439128369722
2019-07-25,-0.0096328258408109,0.1684901891788758,0.012677420938258698,0.20124781840989386
2019-07-26,0.0043978857587134,0.1685416138276806,0.012735103309171526,0.20216349766070144
2019-07-29,-0.0031886957685743,0.1449357582838935,0.0123691937149835,0.19635486292937696
2019-07-30,-0.0022468035722092,0.1343155041120582,0.01207585264755449,0.1916982178469406
2019-07-31,0.0035407438001886,0.1346593503853599,0.01179181210937565,0.18718921408924766
2019-08-01,-0.026733486861674,0.1638972325967052,0.011528928738545212,0.1830160699510574
2019-08-02,-8.85465091117068e-05,0.162425155839494,0.014363973945584125,0.22802101739176092
2019-08-05,-0.0302045433182771,0.193691541409628,0.013755586350792083,0.21836316373242207
2019-08-06,0.0078182216417375,0.195500570037353,0.016583116106589756,0.2632488070832771
2019-08-07,-0.0219728697301459,0.2088318972036865,0.01587316139639118,0.2519786254514509
2019-08-08,0.0167978615855808,0.2157656020489075,0.01679393707765259,0.2665954862468135
2019-08-09,-0.001092896283645,0.2108316573383069,0.016699996642171942,0.26510422806480405
2019-08-12,-0.0189500657344115,0.216245107997282,0.01583883911444372,0.25143377611668355
2019-08-13,0.0152984275704354,0.2206630103693625,0.016362751824435896,0.25975063255275477
2019-08-14,-0.0424085215799115,0.2613987260702117,0.01619092497513548,0.2570229658818788
2019-08-15,0.0038095284166676,0.2604057949166062,0.020749570833268116,0.32938922541688026
2019-08-16,0.0236719676397885,0.2775488874021381,0.019478547720772635,0.30921235901921035
2019-08-19,0.0089645256316973,0.2787983351574177,0.019710266826838952,0.3128907857912524
2019-08-20,-0.0127779516360594,0.2699106384615451,0.018698278006432173,0.29682596130100874
2019-08-21,0.0027917382732649,0.2694540761208721,0.018158810528418792,0.2882621805776251
2019-08-22,0.0102621896305874,0.2732732479241765,0.017138781332193022,0.2720697190781941
2019-08-23,-0.0251480142832283,0.2824693718055834,0.016488075155659213,0.2617400787601012
2019-08-26,0.0079853869771453,0.2859692079730767,0.01774640904770239,0.28171551002788264
2019-08-27,-0.0106298917295012,0.2868212157704317,0.016909929601368088,0.2684368104769773
2019-08-28,0.0099746757187904,0.2900902033557419,0.016440862851302647,0.2609906066632026
2019-08-29,0.0224062701979132,0.2917469386349516,0.0158590252115241,0.2517542204735777
2019-08-30,0.0058426311904667,0.2929318544909938,0.016572253801819113,0.2630763733407484
2019-09-03,-0.0119038123878605,0.2757447758036201,0.015788254106102864,0.25063076400385537
2019-09-04,0.0119948331861758,0.2777993118628005,0.015573257421077508,0.24721779743617311
2019-09-05,0.0224991492070213,0.276534236917967,0.015238265637350675,0.2418999677302263
2019-09-06,0.002133523789123,0.2709475745715112,0.016085307249441464,0.2553463364645191
2019-09-09,0.024473832365065,0.2829648601348882,0.015281669734562131,0.24258898641284302
2019-09-10,0.0126578518710663,0.2732406836080844,0.016402035540894425,0.26037424221869665
2019-09-11,0.0027343433254452,0.2700288246850574,0.016004767368403113,0.2540678054894179
2019-09-12,0.006125072318071,0.208649016618828,0.015215949232696497,0.24154570578899406
2019-09-13,0.0194849533982358,0.2139251661534837,0.014598762990869612,0.231748177938087
2019-09-16,-0.0089394471417363,0.2108615543137469,0.01517121373364117,0.24083555175733348
2019-09-17,-0.0049636243751024,0.2132120593410169,0.014812340302454423,0.23513861265092198
2019-09-18,0.0099862366413939,0.2040734671973867,0.014275918465169265,0.22662317997523668
2019-09-19,-0.0031780573708691,0.2062087733687946,0.013976054627401702,0.22186298912375035
2019-09-20,-0.0040288790437675,0.2077800891191202,0.013475656487195597,0.21391941491072286
2019-09-23,-0.0001682227272872,0.1772166753296109,0.01306864454184274,0.20745830058250522
2019-09-24,-0.0131241035339166,0.1890882202773303,0.012617606328653712,0.2002982909191946
2019-09-25,0.0056941470301323,0.1802423757117306,0.013031123359693095,0.20686267028131453
2019-09-26,-0.0082543122789899,0.1857506490609278,0.012670033505817729,0.20113054655549728
2019-09-27,0.0058786111785971,0.1735713411758825,0.012617479274020104,0.20029627398941394
2019-09-30,-0.000254874475701,0.1739441140853429,0.012318541843783344,0.1955507894015628
2019-10-01,-0.0183507121691811,0.1827693355381936,0.011963773930519683,0.18991902337171693
2019-10-02,-0.0201055723572462,0.1970562572520805,0.013200816659062652,0.2095564678970298
2019-10-03,-0.0094039018062701,0.1841120290844058,0.014418348692889023,0.22888418974558536
2019-10-04,0.021428446566718,0.1993016741517867,0.014196907778621648,0.22536892421010787
2019-10-07,-0.002183502330466,0.1788698999530885,0.015106175108287484,0.23980309558753737
2019-10-08,-0.0225483711946262,0.1880748905251724,0.014443586177074561,0.22928482238681652
2019-10-09,0.007217674461106,0.1902978509675508,0.01575339816934919,0.25007744316166886
2019-10-10,0.0139307490029105,0.1966216938335154,0.015115318923046623,0.2399482491468601
2019-10-11,0.0167575008813882,0.1929475706902147,0.015003796004265752,0.2381778776953907
2019-10-14,0.0026656363864461,0.1915894245608532,0.015187248468330012,0.24109009527928696
2019-10-15,0.0296963575504583,0.2198568894126411,0.014489663936883088,0.2300162841473625
2019-10-16,-0.0023368396546411,0.2172017413300614,0.01665024933034011,0.264314513971798
2019-10-17,0.0055826500029136,0.2177449523805122,0.015816423519719743,0.25107793958190805
2019-10-18,0.0017433900891591,0.2171493494949634,0.015110479547090945,0.2398714264351833
2019-10-21,0.0244983781163791,0.2329303190348098,0.014413612188237947,0.22880900006524268
2019-10-22,0.009986392085144,0.2275071929027195,0.015727720469589992,0.24966982231485074
2019-10-23,0.0026409522772379,0.2273003072373839,0.015236236724350389,0.24186775973484304
2019-10-24,-0.0007195682900927,0.2239318592854204,0.014532769930569022,0.2307005705832183
2019-10-25,0.007966265342492,0.2243721200534293,0.013911108384563758,0.2208319994809271
2019-10-28,0.0038013825771779,0.2239548344204773,0.013539126291662772,0.21492696682101511
2019-10-29,-0.0006325611027718,0.2092564589680257,0.013056276898313735,0.20726197032801535
2019-10-30,-0.0055520447187165,0.1922453485223561,0.012612037377175285,0.2002098865551428
2019-10-31,-0.006463218190212,0.1895414127637586,0.012392092802754636,0.19671837467833295
2019-11-01,0.0227930095285565,0.1911296141256309,0.012256863500782707,0.19457167606041345
2019-11-04,0.0079495391753101,0.189141603016795,0.013812080224582992,0.21925997617631854
2019-11-05,0.0021712167338522,0.1574410422526236,0.013452275483642997,0.21354825298590305
2019-11-06,0.0015479879252151,0.1587065702413803,0.012954200402827408,0.20564155619744437
2019-11-07,0.0053991646777706,0.1565697018121875,0.01251332524356036,0.19864288001356475
2019-11-08,0.0029188130408107,0.1521591615137413,0.01220957662926456,0.19382102024652179
2019-11-11,-0.0035343870830255,0.1554008559876735,0.011878624225997137,0.1885673137174532
2019-11-12,-0.0058669305232932,0.1312771014667377,0.011665476207348181,0.18518369381870545
2019-11-13,-0.0052786956916229,0.1334668631234734,0.011600777697579445,0.1841566368164381
2019-11-14,0.0009335616050675,0.1335468822582608,0.011511303266188804,0.1827362742514868
2019-11-15,0.0072057027386457,0.1341006209669396,0.011256871391669981,0.17869729345797802
2019-11-18,0.0083798299323463,0.1109779160421299,0.01121680049744309,0.17806118773236004
2019-11-19,-0.0003062787160236,0.1080926767018638,0.011256355198834223,0.17868909915074618
2019-11-20,-0.007301827146536,0.1132748934119048,0.011044586638021943,0.1753273774662781
2019-11-21,0.0023116052826936,0.1129015078580275,0.011175971608020403,0.17741304920604373
2019-11-22,0.0065971396064159,0.1120306133537947,0.010975865950931354,0.17423647037847498
2019-11-25,0.0053378195977665,0.1125165950960625,0.010945021596397828,0.17374683142979888
2019-11-26,0.0013679892694245,0.1121356269316221,0.01085940782429634,0.17238775493110267
2019-11-27,0.002957572398173,0.1085136459680431,0.010696149888422723,0.16979611554382676
2019-11-29,-0.0022742788970404,0.1049058172131622,0.010574525368270733,0.1678653861419284
2019-12-02,-0.0022033971608719,0.0743782263778213,0.010503649903260241,0.16674027301508546
2019-12-03,-0.0129379795154905,0.0860761658667137,0.010441120672169107,0.1657476522442501
2019-12-04,0.0195336593908909,0.1097106929584004,0.011263138758291512,0.17879678481871306
2019-12-05,0.0054257857298279,0.1107142881495959,0.012547823100078716,0.1991905165082389
2019-12-06,0.0147708765339053,0.119792382337441,0.012240455124211609,0.19431120115746092
2019-12-09,-0.00467620076459,0.1219514114573829,0.012687331998351975,0.20140515161130884
2019-12-10,0.0006693689588368,0.1205444366412405,0.012412567480515313,0.19704340011150656
2019-12-11,-0.0023820169071517,0.1182433893780541,0.012039481792414231,0.19112084842090932
2019-12-12,0.0282164200577137,0.1474233861451384,0.011764250737971995,0.1867516908820919
2019-12-13,-0.0088055002604331,0.1536644670854239,0.014429746125619529,0.2290651183811224
2019-12-16,0.0038665012605076,0.1529349160514146,0.014162780861773644,0.22482717620014867
2019-12-17,0.0060975798681185,0.1520678354449747,0.013605336677756213,0.21597802411589198
2019-12-18,-0.0010136848308462,0.1522808895961965,0.013185778565370955,0.2093177455604255
2019-12-19,-0.0050110856885198,0.1504762293115789,0.01273096832581332,0.2020978568348542
2019-12-20,-0.0008011945510338,0.1510401971613514,0.012466429269022902,0.19789842949686798
2019-12-23,-0.0002915026984642,0.1506839313613425,0.01209958253562261,0.19207491814174646
2019-12-24,0.0027658508060834,0.1502931845128058,0.011773823807420047,0.18690365864835048
2019-12-26,0.0105560954192137,0.1530798216271966,0.011498299774674757,0.18252985022315654
2019-12-27,0.0007189589784132,0.1532405116330733,0.011658473480611886,0.18507252897804397
2019-12-30,-0.0036721069452104,0.1539104418149358,0.011384456133460173,0.18072263844515743
2019-12-31,0.0055389847761389,0.1531968311938852,0.011247149770032938,0.17854296749882673
2020-01-02,0.0120504862986428,0.1442910843623094,0.011125559275217382,0.17661277823239924
2020-01-03,-0.0196835614526276,0.1556410626535639,0.011488078527533203,0.18236759295500368
2020-01-06,-0.0007954586961728,0.1555065093449075,0.013051227861898313,0.20718181935972108
2020-01-07,-0.0171468211838826,0.1616359436512986,0.012609882293760359,0.20017567566651984
2020-01-08,0.0077707304005336,0.1625789921687189,0.013528708633123837,0.21476159161858943
2020-01-09,0.0036445845430283,0.1628579250573577,0.013197058859922714,0.20949681468502257
2020-01-10,-0.0100179990331782,0.1672090605733181,0.01275337881018551,0.2024536122453101
2020-01-13,0.0082702560890177,0.135692840536919,0.012832553776199563,0.20371047586612115
2020-01-14,0.0115943327809194,0.1380302969618597,0.012624528590629805,0.2004081784213873
2020-01-15,-0.0150990092653687,0.1483325193897377,0.012690237949934185,0.20145128216255997
2020-01-16,0.0038690415823045,0.1472796027458705,0.013323487116840262,0.21150380104399383
2020-01-17,0.0068978309439293,0.1494592511311459,0.012868984736593075,0.204288799433468
2020-01-21,-0.0098895512241655,0.1526234223712675,0.012581752689083944,0.19972913203580572
2020-01-22,-0.0011699328623128,0.1526487458516122,0.012677138842841513,0.2012433402839747
2020-01-23,-0.0010248152569569,0.1526764840628009,0.012289307741272341,0.19508671241128514
2020-01-24,-0.0251412997301928,0.175775799931378,0.011949132442408446,0.1896865969535195
2020-01-27,-0.0084471427688315,0.1711758914785837,0.014346293542568491,0.22774034969500834
2020-01-28,0.0180144479750515,0.1859753414253563,0.014065712286192552,0.2232862603335076
2020-01-29,-0.0014888709666167,0.1858330975271052,0.014555456899210254,0.23106071504537803
2020-01-30,0.0122909884328612,0.1907597297958373,0.013943026816777525,0.2213386888841873
2020-01-31,-0.0263202518789944,0.2034138594582625,0.013864392920722843,0.22009041448270256
2020-02-03,0.0076017375808916,0.1970347191109193,0.01594043120816445,0.2530465006076161
2020-02-04,0.0142934019809656,0.2051954930259651,0.015296792819238158,0.24282905793949663
2020-02-05,0.0168576258244562,0.2053717098520929,0.015190807124473078,0.24114658719422383
2020-02-06,0.0001453488374652,0.2036292116216156,0.01535420457739516,0.2437404413459831
2020-02-07,-0.0032025647868748,0.2035631276826279,0.01463010278095937,0.23224568168239781
2020-02-10,0.0041468176262367,0.2005961436824314,0.014050846999507881,0.2230502812230957
2020-02-11,0.0018858350406525,0.1986330328927585,0.0135133704721758,0.2145181058619639
2020-02-12,0.0,0.1940937738223491,0.013005461410928872,0.20645529947379002
2020-02-13,-0.0008699435085401,0.1861008222447945,0.012560838817593012,0.1993971346183063
2020-02-14,-0.0030507759552053,0.186022050331834,0.012182878921017902,0.19339720726694568
2020-02-18,-0.0133286484360214,0.18999760358605,0.01190980926654149,0.18906236088888817
2020-02-19,0.0135468699317047,0.1935274699578243,0.012479521125650062,0.19810625627788145
2020-02-20,0.0,0.1934592123481766,0.012752830449258264,0.20244490728545692
2020-02-21,-0.0122943370731655,0.1985481519112379,0.012339985406168213,0.1958911954013248
2020-02-24,-0.0272435403433089,0.2021487155449711,0.012712594879221894,0.20180618741240597
2020-02-25,-0.0456700368331883,0.2574764161470033,0.015281277019250403,0.24258275225053771
2020-02-26,0.0030051426332771,0.2471249826824665,0.02089623342162104,0.3317174218293935
2020-02-27,-0.0425046844544865,0.2839721354342491,0.019600337604176996,0.31114571348135933
2020-02-28,-0.0443057134793553,0.3082011647772966,0.023119977036812563,0.36701825734158045
2020-03-02,0.0455408406486026,0.3533775836295769,0.02604038949459808,0.41337836787579274
2020-03-03,-0.0382468622860491,0.3700282772082163,0.028154189155292105,0.4469338972174474
2020-03-04,0.0244089648789249,0.3792190107544902,0.029041506420139095,0.46101962211824243
2020-03-05,-0.0503057050127494,0.3997704711519452,0.02800230872390716,0.4445228701146768
2020-03-06,-0.0530635622157004,0.4266058402389148,0.03080304915402017,0.4889832461042154
2020-03-09,-0.1455521745720265,0.6354520571172254,0.03343636457422535,0.5307858324569421
2020-03-10,0.0748262806445996,0.7144974619407294,0.056348125102105365,0.894498755189561
2020-03-11,-0.0482143617530228,0.7202871511235663,0.057102386604231635,0.9064722853383779
2020-03-12,-0.0860266030292786,0.7553848957716846,0.054955517286309485,0.8723917914629166
2020-03-13,0.1656203049223402,1.007595348217568,0.05786369934839198,0.9185577504843323
2020-03-16,-0.1621057613126389,1.1345527564913476,0.07510726407299667,1.1922908543496322
2020-03-17,0.0593189472767861,1.1707277003060943,0.08675532652144165,1.3771981133156455
2020-03-18,-0.1112319089704993,1.2086484090933942,0.08201577352230853,1.301960041947746
2020-03-19,0.0166680376394301,1.2146001155273063,0.08365835170096966,1.3280351621660587
2020-03-20,-0.0213278226408236,1.213881422868372,0.07716745978943017,1.2249954474564537
2020-03-23,-0.0550191046399258,1.218762659899029,0.07140432657088498,1.1335085438436188
2020-03-24,0.1123837513707599,1.3101358308771769,0.06817036331564397,1.0821709687086871
2020-03-25,0.0366382009339205,1.322602065521136,0.07226769757930929,1.1472141337084614
2020-03-26,0.0673417398687243,1.3507201698210882,0.06752482830455615,1.0719234180971449
2020-03-27,-0.0739041608822532,1.364522424868754,0.06574541830132943,1.0436761600033937
2020-03-30,0.0256743777866058,1.3551796754324947,0.0651639419414436,1.0344455089542677
2020-03-31,-0.0378184881742558,1.3550751208243612,0.06054971940860647,0.961196997059482
2020-04-01,-0.0650495925098116,1.359445542501158,0.05717064067062322,0.907555785052224
2020-04-02,0.0366597169371658,1.366689279875519,0.05680548354476586,0.9017590953853338
2020-04-03,-0.0403412126931151,1.3625083622047267,0.05360151812979916,0.8508977212018113
2020-04-06,0.0623797381500773,1.2914060714711024,0.05117657352051875,0.8124029189262354
2020-04-07,0.0131040187150488,1.2608161438892902,0.05115721309782918,0.8120955817439532
2020-04-08,0.0395855729196609,1.2596639812845418,0.047345529565255326,0.7515869815219297
2020-04-09,0.085914982602271,1.2533446317667762,0.04541903741602538,0.7210048667444452
2020-04-13,-0.045491795060484,1.1172346698165754,0.05002391004634809,0.7941049535382156
2020-04-14,-0.0277781296945142,0.9529093226232164,0.0485014671253399,0.7699369214125451
2020-04-15,-0.0505771001030186,0.9479512607893936,0.04569591771705456,0.7254002052611805
2020-04-16,-0.0388551009580243,0.8684194893738775,0.04531802378526662,0.7194013250683529
2020-04-17,0.0860757892673229,0.917518731674496,0.04375056800202252,0.6945187359070296
2020-04-20,-0.0371384111221116,0.9253287625459454,0.048779910298244945,0.7743570697511681
2020-04-21,-0.0294334148351821,0.907721281754741,0.046643368976070645,0.7404405277254502
2020-04-22,0.003251306188302,0.8160655932264257,0.04414541896800134,0.7007868006725111
2020-04-23,0.0005595031757885,0.8048540209200616,0.04077046934649489,0.6472111363572454
2020-04-24,0.0146587855270915,0.7660591158295988,0.03767652891038054,0.5980963545660136
2020-04-27,0.0422012655761493,0.7356486015434435,0.03512381825286377,0.5575733291526523
2020-04-28,0.0070560031570948,0.7306125070408371,0.03510882367104159,0.5573352975455629
2020-04-29,0.0266130125008804,0.7210029342338543,0.03256142407965037,0.5168965826931906
2020-04-30,-0.0216928246112597,0.6811181913297564,0.03128157779595614,0.49657965279491967
2020-05-01,-0.0265610027257928,0.6807582660579902,0.029912523181154834,0.4748465845427422
2020-05-04,-0.0119748990161539,0.663946739839133,0.029140739591991167,0.46259489988541475
2020-05-05,-0.0015205824587305,0.6279542653525713,0.02738083505627825,0.4346572814891489
2020-05-06,-0.0189833977389767,0.6303470600630722,0.025474824469917806,0.4044003014425521
2020-05-07,0.0103593608820034,0.6142085634011512,0.024582800758571433,0.3902398640197799
2020-05-08,0.0162039323797425,0.5258621929493151,0.023119588149285733,0.3670120839434766
2020-05-11,-0.029892191142782,0.5127420050888467,0.02214409571043087,0.3515266215492735
2020-05-12,-0.033223394627605,0.516390257980609,0.02296738119142139,0.3645958733935402
2020-05-13,-0.0350790088612954,0.5008010937600161,0.024109278254491405,0.38272292730385
2020-05-14,0.0406934607335441,0.5066640642689699,0.02530101884215809,0.4016412226374581
2020-05-15,-0.0186835096834613,0.3950887703914436,0.026803550211740686,0.42549316868339104
2020-05-18,0.0516133828510945,0.4242477194573879,0.02572532367856931,0.4083768531008143
2020-05-19,-0.0198755984493884,0.4169534404334018,0.028957157603865757,0.45968062617079086
2020-05-20,0.0295577073116719,0.4301019816133747,0.027717567630216097,0.44000274538299416
2020-05-21,-0.0127825431917722,0.4329231620000435,0.027354128437489838,0.43423332705910767
2020-05-22,-0.0077934039523107,0.4304677233912675,0.025819299955523244,0.4098686802485733
2020-05-26,0.0685680578954713,0.4733493140357097,0.02420869099596214,0.38430105565034633
2020-05-27,0.0563057579393323,0.5128510631416859,0.031326043577358346,0.4972855251915741
2020-05-28,-0.015007984321845,0.5087981444808521,0.03405661573971761,0.540632014462685
2020-05-29,-0.0258674462385655,0.5114776256324567,0.031958114048419355,0.5073193328565433
2020-06-01,0.0131695027746921,0.5026527330392754,0.0308585354108454,0.48986406312466385
2020-06-02,0.0033412677265416,0.499616948842782,0.0288931076816301,0.45866386517641944
2020-06-03,0.0525711594663705,0.528394435332839,0.026847981973880056,0.42619850104098994
2020-06-04,0.0205977573079867,0.5219548271781568,0.029974968020829596,0.4758378656413745
2020-06-05,0.0440186834944495,0.5372200285320788,0.02852649099831686,0.4528440057532145
2020-06-08,0.0197620816219128,0.5379199000346523,0.029892273633633334,0.4745251329413213
2020-06-09,-0.0259847648207338,0.5342331441045481,0.02839482820620465,0.45075392372411865
2020-06-10,-0.0413724746961329,0.5437361090671576,0.027769683595296746,0.44083006068063135
2020-06-11,-0.0871313848760063,0.6260000196126604,0.029181297343863807,0.46323873423656
2020-06-12,0.0269957534220657,0.6181433226158398,0.03918538027893206,0.6220486274852943
2020-06-15,0.0137233657316052,0.6112275201367106,0.0371781390435322,0.5901846607042017
2020-06-16,0.0079681696491768,0.5893749634110912,0.03463530802439622,0.5498184696880334
2020-06-17,-0.0256042567006214,0.5930549820206845,0.03214911485020251,0.5103513765869364
2020-06-18,-0.0054430131356414,0.5874073888712614,0.031002355550682374,0.4921471370658509
2020-06-19,-0.0114867844971609,0.586934146431998,0.0288317124828708,0.4576892466107565
2020-06-22,-0.0108964893925103,0.587868394191174,0.027079314280340695,0.4298707875596489
2020-06-23,0.0121226058228119,0.5375166351777408,0.02547554765368947,0.4044117816290242
2020-06-24,-0.0339614132546012,0.5092907695848278,0.024000322228317335,0.38099330400925935
2020-06-25,0.0342677076058649,0.5242422957623214,0.02505042055311641,0.3976630981267627
2020-06-26,-0.0563780876240111,0.5538207085381022,0.025678197988941154,0.4076287559701032
2020-06-29,0.0044183486933002,0.5514055750578786,0.03019051096392074,0.47925950378701915
2020-06-30,0.011333383363646,0.5533363151555368,0.02803997676928016,0.4451208317972619
2020-07-01,-0.0085415851367271,0.5137359598423348,0.026272531283609842,0.4170635045315773
2020-07-02,-0.0064544113916726,0.5043419750849037,0.024646020129539682,0.3912434404215234
2020-07-06,0.0249400116120385,0.4828680836139915,0.023103714655795426,0.3667601000461977
2020-07-07,-0.0286160888407515,0.4766239406167828,0.02291409490736166,0.36374997985806345
2020-07-08,0.0105593050935087,0.4783280420634097,0.023427739345873798,0.3719038325377506
2020-07-09,-0.0218884022994779,0.4653813183799374,0.02209164041684908,0.3506939195786757
2020-07-10,0.0532250382360549,0.4102849899503589,0.021935216837015235,0.3482107722301149
2020-07-13,0.0142329135328127,0.4013505487927422,0.026513469180105012,0.42088827506480075
2020-07-14,0.0057183858469949,0.39841804933548,0.025038546350549685,0.3974746010047101
2020-07-15,0.0153584912440937,0.4016042655246663,0.023385246436048078,0.3712292785064565
2020-07-16,0.002803646574648,0.3911907169474774,0.0223208428174249,0.3543323948896115
2020-07-17,-0.0186713805857687,0.3965327555531348,0.020883599414311314,0.3315168631809713
2020-07-20,-0.0087998112106966,0.3956496888449102,0.020570932738680783,0.32655343357911715
2020-07-21,0.0214537230320944,0.4007476958727559,0.01955060191994887,0.3103561839708398
2020-07-22,-0.0072690880401379,0.3997481915694892,0.019519038090032338,0.30985512370453644
2020-07-23,0.0029341853398242,0.3785952009117562,0.01854019591662049,0.2943164859227582
2020-07-24,-0.0070972618707616,0.3601963772947207,0.017482038423157913,0.2775187564689096
2020-07-27,-0.0141410287562577,0.2981125578845544,0.016725795285223694,0.2655137688268712
2020-07-28,0.0043249990186012,0.2981038398887596,0.016575706752306213,0.2631311872304181
2020-07-29,0.0239605371238212,0.3064483962195657,0.015750599759593715,0.25003301978399217
2020-07-30,-0.0270479122220726,0.3222474782138457,0.016699213684288047,0.26509179899371715
2020-07-31,-0.0039244086305656,0.3214938417125733,0.01820643666405579,0.2890182220424402
2020-08-03,-0.005603418210258,0.3108215290184302,0.01724380394375263,0.2737369013515457
2020-08-04,-0.0057396452899647,0.2923861517635185,0.016446885871522262,0.2610862191450583
2020-08-05,0.0172239161466954,0.2959934022699639,0.015747919065959973,0.24999046509181597
2020-08-06,0.0003085626149449,0.2823536542296006,0.015859760669770736,0.25176589551129935
2020-08-07,0.0217687367262519,0.2245397921591891,0.015078151609003063,0.23935823632770314
2020-08-10,0.012598906777956,0.2233914738355441,0.015857074179500875,0.25172324880037744
2020-08-11,0.0311088374469525,0.2467030806965535,0.015529130175174004,0.24651729912395592
2020-08-12,-0.0085123361744744,0.2451035850006508,0.017668518428413847,0.2804790347792689
2020-08-13,-0.005552593292929,0.2463437324711873,0.016966378759034378,0.26933291307440177
2020-08-14,0.0003906631556667,0.2350166218944915,0.01619908892991173,0.2571525646461952
2020-08-17,-0.0267183912466447,0.2539062013828224,0.01537964409500659,0.24414428116842288
2020-08-18,-0.0140385075829222,0.2475764631054926,0.01714075848443451,0.27210110539700466
2020-08-19,0.0023365683409499,0.2464649466463093,0.016920751810823084,0.26860860772610234
2020-08-20,-0.0120458786080643,0.2497564594602513,0.016027651921823583,0.2544310865127099
2020-08-21,-0.000513637075343,0.2486526999573288,0.015790603513887894,0.2506680596962202
2020-08-24,0.0277654881447373,0.2622628301345366,0.015022816391954677,0.23847981698938026
2020-08-25,0.0043877214390714,0.2622715538354707,0.016717415422115304,0.2653807426240378
2020-08-26,-0.0141291994283224,0.2539328516281454,0.015878042379205367,0.2520561086515304
2020-08-27,0.0323697840364904,0.2584617271672083,0.015854282037470722,0.25167892491975574
2020-08-28,0.0040951695296831,0.2573113390375993,0.018132939966996667,0.2878514981468217
2020-08-31,-0.02542509836581,0.2751776719864947,0.017134940192650428,0.27200874287830934
2020-09-01,-0.0004991763693728,0.2738269851288529,0.018298030419815436,0.2904722278387587
2020-09-02,0.014966333172557,0.2723131749056418,0.017260252025822632,0.2739980065597529
2020-09-03,-0.0031530226141295,0.2729142034007206,0.016931598241291965,0.2687807894719028
2020-09-04,0.0213823132923641,0.2725472836749477,0.016086389855514135,0.2553635223031359
2020-09-08,-0.0353949649352681,0.2997721579061779,0.016624054575957826,0.26389868513729836
2020-09-09,0.0094626932494218,0.2787446033530726,0.019617087679800967,0.3114116126886146
2020-09-10,-0.0103638197184102,0.2794441383823952,0.01863799419843636,0.2958689855167634
2020-09-11,0.0123446067382373,0.2832261592779681,0.017932822335525355,0.2846747292318275
2020-09-14,0.0137567267250554,0.2878074773421059,0.01731550017955497,0.2748750438107803
2020-09-15,-0.0316259319152747,0.2943103582054495,0.01688057721878871,0.26797085584882374
2020-09-16,0.004221536071441,0.2900424242805239,0.01911191276075674,0.30339220946234535
2020-09-17,-0.0115001771825829,0.2931469443985126,0.018013972177339545,0.285962943034063
2020-09-18,-0.0021329549501416,0.2898352035409703,0.017465711912643293,0.2772595811493146
2020-09-21,-0.0313978078855334,0.3112133244003924,0.016538897228964195,0.2625468541625673
2020-09-22,-0.0109717315414755,0.2935270234586043,0.01881715567383698,0.29871308576736416
2020-09-23,-0.0163631264447442,0.2958512075277925,0.018130605014389522,0.2878144319232919
2020-09-24,-0.0008629989748124,0.2935766230367346,0.017988356952429282,0.2855563139447257
2020-09-25,0.0087036492059896,0.2661154621431869,0.016986605660103536,0.26965400517453675
2020-09-28,0.0283729415924054,0.2894886809455176,0.016270652587528685,0.258288602491983
2020-09-29,-0.0084591387404694,0.2783595745264217,0.017772682715933238,0.28213259158089216
2020-09-30,0.0096024117434471,0.2816015071134759,0.01705502762923992,0.27074017026182606
2020-10-01,0.0072449085265797,0.2767337752616783,0.016377358350308836,0.25998250396262534
2020-10-02,0.0094427469568841,0.2798473631677974,0.01566687744875291,0.24870396930195768
2020-10-05,0.011679409662947,0.2712063547953303,0.015150876232478268,0.24051270393514035
2020-10-06,-0.0103522694548846,0.243745185144781,0.014850284932308767,0.23574096497603195
2020-10-07,0.0172949949323752,0.2496999899462298,0.0146411006994147,0.23242026822543083
2020-10-08,0.0203470867469099,0.2573985361625334,0.014944741791978073,0.2372404211378866
2020-10-09,-0.0057148643073213,0.2547804691415641,0.015561888504143995,0.24703732147487975
2020-10-12,0.0121785044779592,0.253714888393896,0.014967383889204567,0.2375998532884201
2020-10-13,-0.0163373380788724,0.2334446853453051,0.014730507357286449,0.23383955491912334
2020-10-14,-0.0055721537208734,0.2341004919761041,0.015134845782481657,0.2402582284305674
2020-10-15,0.0148561710223402,0.2352311070228891,0.014585918349217474,0.23154427557313922
2020-10-16,-0.0020666247575791,0.2352173460344775,0.014641943192327487,0.23243364238580225
2020-10-19,-0.0169891324789214,0.2129276735382912,0.014031079860373037,0.2227364876174036
2020-10-20,0.0056951745082906,0.2072919890109382,0.014643641924844481,0.23246060892850615
2020-10-21,-0.0100131005824369,0.2004837014201447,0.014079942177744694,0.22351215285888992
2020-10-22,0.0347130032460372,0.2281849546076945,0.013955142621696564,0.22153102132468222
2020-10-23,0.0089990447158448,0.2282469743361691,0.017225082074319414,0.2734397008879546
2020-10-26,-0.0250683695282308,0.2351537762917782,0.01649571992065958,0.2618614356422362
2020-10-27,-0.0190462954496586,0.2445570279526435,0.01774032997916057,0.2816190078064953
2020-10-28,-0.0284902099949176,0.2654327891509689,0.01794706761932681,0.2849008661015926
2020-10-29,0.0065045916190007,0.2651828549507822,0.019405387913829276,0.30805098308838463
2020-10-30,0.0089135368085642,0.2649421904717128,0.0183335714345047,0.2910364239560228
2020-11-02,0.0222915075267666,0.2736412520703765,0.017472244857471408,0.2773632884333792
2020-11-03,0.0310346030102051,0.2905684436629262,0.017876683651691646,0.28378355525370064
2020-11-04,-0.031034603010205,0.3084144588627051,0.0194419885160167,0.30863199963572335
2020-11-05,0.040083567336531,0.3324813394749044,0.020974956593820326,0.33296711344573804
2020-11-06,-0.0134100702353385,0.3357246318427015,0.023329927422651327,0.370351116393129
2020-11-09,0.1269783051901516,0.5596671141856169,0.022273034661847248,0.3535734639478166
2020-11-10,-0.0032559363867889,0.5544577704847395,0.04551875149912925,0.722587778741067
2020-11-11,-0.0150456794110172,0.5583708121855456,0.04204307616913781,0.6674131433741088
2020-11-12,-0.0123604466507091,0.561500207568457,0.03918005672271592,0.621964118650264
2020-11-13,0.0062431506364784,0.5608047084585065,0.03647483652396452,0.5790200793248745
2020-11-16,0.027834798993444,0.5591752026757184,0.03379251990439012,0.5364396230472986
2020-11-17,-0.0101967380205149,0.5629064766985794,0.03246827340167019,0.5154178615228349
2020-11-18,-0.0074343357621568,0.5619290877978803,0.030307336156916734,0.4811140462322263
2020-11-19,0.0026861937212766,0.5527162398750355,0.028254309722091822,0.4485232619426967
2020-11-20,-0.0086038856924999,0.5548973271048586,0.026261916400786817,0.4168949984907024
2020-11-23,0.0283963323329436,0.5489825191062327,0.024638950595366214,0.39113121504567505
2020-11-24,0.0452002807794715,0.5549513824892204,0.024603237253737968,0.3905642833230625
2020-11-25,-0.0105156868742013,0.5415721693585589,0.026982020622167195,0.42832629861762406
2020-11-27,-0.0066598396206091,0.5452556128257402,0.025370057680944344,0.40273718022685673
2020-11-30,-0.027939918653645,0.5625943328084608,0.02376353821408721,0.37723447431272844
2020-12-01,0.015655567627712,0.5610395175837065,0.024047551127246117,0.38174303953682515
2020-12-02,0.0190261343512629,0.5563506554274849,0.02292726721903469,0.36395908382333547
2020-12-03,-0.0065768076588665,0.5399586064994645,0.02219376628705478,0.35231511750861777
2020-12-04,0.0090320016248164,0.527747433088683,0.020902126824533563,0.33181097670028814
2020-12-07,-0.0037670996969105,0.5236645483806005,0.019764722272778187,0.3137552391961824
2020-12-08,0.0009840906157482,0.2793782710661961,0.018633228796961956,0.2957933371135715
2020-12-09,-0.007817361349189,0.2810101173948547,0.01755424529868313,0.2786650050824419
2020-12-10,-0.0064644680615422,0.2757455401462882,0.01682689739207445,0.2671187150173819
2020-12-11,-0.0059208779067881,0.2721170068152777,0.01611653348989909,0.2558420376643014
2020-12-14,-0.010594566431396,0.2757147591578392,0.015464816743430594,0.24549635504583078
2020-12-15,0.0169310892171885,0.2645584150118626,0.01518811209765109,0.24110380496973807
2020-12-16,0.0029046868839797,0.261090975514276,0.015359805467048626,0.24382935271284584
2020-12-17,-0.0083215925000844,0.2615314893712852,0.014645611640004847,0.23249187718731393
2020-12-18,-0.0049424184378493,0.2626198626966838,0.014315560748343033,0.22725248171132023
2020-12-21,0.0368503962870435,0.2877829079787757,0.0138400498468136,0.21970398016443823
2020-12-22,-0.0153334706352613,0.2799126489981726,0.017588313853160027,0.27920582661848187
2020-12-23,0.0275611187614574,0.2487257210854803,0.01742511961715365,0.27661519843524957
2020-12-24,-0.0044072349874077,0.2460011436018237,0.01855324899624184,0.2945236971378879
2020-12-28,0.0065636992231221,0.2450091231050692,0.01756803550832718,0.27888391787391553
2020-12-29,-0.0026363106940576,0.2195942081529362,0.016696598203682703,0.2650502795262732
2020-12-30,0.0027958639452936,0.2143980161027868,0.015864421324025303,0.25183988110392597
2020-12-31,0.0135485176686775,0.2095549384717508,0.015091977733557022,0.2395777192506966
2021-01-04,-0.0094884874130293,0.2113859887324627,0.014950311384067019,0.23732883567131513
2021-01-05,-0.0017493643138123,0.2100035290337353,0.014660744968108668,0.23273211132334265
2021-01-06,0.0458867434967005,0.2616236561317367,0.01404092367317219,0.22289275330111902
2021-01-07,0.0323115387499304,0.2801037673179817,0.01973299450392213,0.31325157647989404
2021-01-08,0.0011033875112603,0.2762914333200136,0.021096913846771127,0.3349031248170686
2021-01-11,0.0148140046286708,0.2740482933901832,0.019770552232962098,0.31384778694498267
2021-01-12,0.0155966794026579,0.2713336167386813,0.019099793896852672,0.3031998284619686
2021-01-13,0.0009266850290699,0.2638577234434069,0.018575924370075294,0.29488365753818035
2021-01-14,0.0058255350882167,0.2621157639183983,0.017502853072772287,0.27784917878794907
2021-01-15,-0.0180841924887576,0.277645376182569,0.01661476988228686,0.2637512951945816
2021-01-19,-0.0043371471775479,0.2750887862615148,0.016897831587102813,0.2682447604543555
2021-01-20,-0.0151092250622079,0.2832574505133529,0.016092293147049644,0.2554572341510539
2021-01-21,-0.0084195475216113,0.2641384808534213,0.01613388897842134,0.25611754750337284
2021-01-22,-0.0077433191604554,0.2579307465421717,0.015615300313039822,0.24788520765535454
2021-01-25,-0.0125608059629389,0.2500631901832921,0.015121445591506098,0.24004550699351482
2021-01-26,-0.0040955688647369,0.2499474324149373,0.015063186096298248,0.23912066617854602
2021-01-27,-0.0286791163192711,0.2730664617375559,0.014461941747756333,0.22957620803799633
2021-01-28,0.0174443311768039,0.2787679821649158,0.016800796749310395,0.26670438015850617
2021-01-29,-0.011129259318486,0.2825962047119841,0.016770139291478914,0.26621770810299683
2021-02-01,0.0073561058026713,0.2798791057195561,0.016356818099309767,0.25965643758656304
2021-02-02,0.0303180156012328,0.2953466705910483,0.015653363537660413,0.24848944261401418
2021-02-03,0.0113861695232257,0.2962338369278738,0.017623806680505606,0.2797692577853796
2021-02-04,0.0227523622784158,0.2618640564289357,0.016982004015846718,0.2695809563365836
2021-02-05,-0.0019548932844816,0.2371819960619908,0.01753138750134731,0.27830214879882614
2021-02-08,0.0155331758244251,0.2429120648202997,0.0165941661352098,0.26342422084952977
2021-02-09,-0.0040040093533821,0.2383656307404613,0.0164100773204956,0.26050190151223523
2021-02-10,0.0005729838288835,0.2316594992128622,0.015648573676010885,0.24841340591757985
2021-02-11,-0.0027964023528885,0.2317962408784711,0.014889512034773466,0.2363636759226834
2021-02-12,0.0141168749615495,0.2365626992992683,0.014267588695373014,0.2264909489790809
2021-02-16,0.0237856613955937,0.2406949405605644,0.014302589917652066,0.22704657615748292
2021-02-17,0.003106128467998,0.2394928984282377,0.015532568653003863,0.2465718832673144
2021-02-18,0.0033712921950923,0.2302839008316554,0.014801636038608507,0.2349686877302961
2021-02-19,0.0165529476840858,0.2303189617887902,0.014158877878524472,0.22476521826185733
2021-02-22,0.009346805093673,0.2260553739942211,0.014462618836423495,0.22958695648736943
2021-02-23,0.0079995093607638,0.2157908360497916,0.014096762673220244,0.22377916994663308
2021-02-24,0.0174421113185007,0.215241663887942,0.013702202709218984,0.21751572469433347
2021-02-25,-0.0136646456782275,0.1863058777398751,0.01418989393688776,0.22525758292432968
2021-02-26,-0.0268827986880092,0.220919854824313,0.01438869805605448,0.228413500477912
2021-03-01,0.0223747030129091,0.2181360056528406,0.016426150522799752,0.26075705568865054
2021-03-02,-0.0032611256481314,0.2216725147115867,0.017028620642901653,0.2703209723494716
2021-03-03,0.019147554479261,0.2095037752863963,0.01617559804676933,0.25677965843696277
2021-03-04,-0.0154878371829905,0.2228991540069773,0.016428609994092007,0.2607960985850266
2021-03-05,0.0023219567933896,0.2134025749532506,0.016456540589380984,0.26123948303965433
2021-03-08,0.0131658803896009,0.2141965887190543,0.015613689743125386,0.24785964065057844
2021-03-09,-0.0070880391259636,0.2146847978389326,0.015364667410134617,0.24390653366661033
2021-03-10,0.0215020011821434,0.2210592101364617,0.01486473874794066,0.23597041218597975
2021-03-11,-0.0052351064787661,0.2236461839124523,0.015649587226770886,0.24842949553709248
2021-03-12,0.0117887151316139,0.2229016465578004,0.015023197584253214,0.238485868229522
2021-03-15,-0.0050077146251778,0.2236825494829421,0.014748478008200028,0.23412483015841504
2021-03-16,-0.0120436576187997,0.2193863006826475,0.014221840013855215,0.22576471117444977
2021-03-17,0.0102398820862515,0.2209001307779996,0.014253878185749698,0.2262733013862134
2021-03-18,0.0163717924197084,0.2257010730631201,0.013974139883556346,0.22183259350751514
2021-03-19,-0.0160494509283444,0.2312133803771696,0.014289731391418224,0.22684245338163364
2021-03-22,-0.0272467934830807,0.2520703923912924,0.014738824422381152,0.23397158423439446
2021-03-23,-0.0100523430775005,0.2531078179032255,0.016749445684072838,0.26588920726944515
2021-03-24,0.0077313101710615,0.2462926668814911,0.016259987946886968,0.2581193065702238
2021-03-25,0.0127323024894731,0.2459266275388543,0.015584179932765053,0.24739118693387774
2021-03-26,0.0165131824086827,0.2296592913252186,0.015304388405348455,0.24294963413095438
2021-03-29,-0.0156613656943324,0.2259238209299428,0.015413068214902736,0.24467487262264132
2021-03-30,0.0117204102432299,0.2286653742007669,0.015623144441213257,0.24800972932974868
2021-03-31,-0.0146721030490962,0.2254749312302214,0.015261197484317599,0.24226399951529354
2021-04-01,0.0096751751656781,0.2205172830471539,0.015389892017772492,0.2443069618989843
2021-04-05,-0.0005856896663049,0.2205338047843081,0.014922818383226805,0.2368923978132066
2021-04-06,-0.0070551638344434,0.2172613188430041,0.014254238999082989,0.22627902912031103
2021-04-07,0.015546545272108,0.2224292093224676,0.013896415347060017,0.22059875474149282
2021-04-08,0.0012256089261958,0.2088864565765671,0.01413560348325432,0.22439574869105589
2021-04-09,0.0074502592524734,0.2095247407928832,0.013550032651697942,0.21510009991918705
2021-04-12,-0.0021138271330576,0.2054779599602195,0.013198941482894444,0.20952670039819674
2021-04-13,-0.0119985957600501,0.2091739544241516,0.012765157179764206,0.20264058806584034
2021-04-14,-0.0188672481691842,0.2155121975028754,0.013031865041405508,0.20687444411349257
2021-04-15,0.0063287178074453,0.2133015861312471,0.014103630845494833,0.22388819880143374
2021-04-16,0.0073984689457453,0.2058857600012126,0.01363021892523027,0.2163730175491523
2021-04-19,-0.0042490666968816,0.1988909227284343,0.013265938367581364,0.2105902429711827
2021-04-20,-0.0223909725357385,0.1909170552310221,0.012895062952174168,0.20470277827185143
2021-04-21,0.0084720829612375,0.190030866800953,0.014547521160650256,0.23093473910118176
2021-04-22,-0.0212823983812143,0.2025961359155838,0.014119824840256178,0.22414527049866095
2021-04-23,0.0189547279923178,0.2093194763940355,0.015309214203509702,0.24302624130182668
2021-04-26,0.0024605166195801,0.1996414805490419,0.015688446515929617,0.24904636762852497
2021-04-27,0.0045724210738814,0.193403420579786,0.014931893595352755,0.2370364623394891
2021-04-28,0.0064584381602117,0.1898740087557676,0.014299923080526428,0.2270042414305536
2021-04-29,0.0192576376123707,0.1949680045094942,0.013807227824095438,0.219182946706608
2021-04-30,-0.0089320982198144,0.195127634935866,0.014501770970514387,0.23020847734798117
2021-05-03,-0.0029299757263298,0.1954033850084119,0.014233860075797284,0.2259555237423036
2021-05-04,0.0137290072466331,0.1994553651573943,0.013694263968532778,0.2173897010928611
2021-05-05,0.0130353283468477,0.1972051647356805,0.013783329624794963,0.2188035745538201
2021-05-06,0.0199246087227916,0.2085479510288555,0.013793966036760722,0.21897242235924072
2021-05-07,0.0034168951953031,0.2075785151575435,0.014579203949961414,0.23143768778933083
2021-05-10,-0.0001240463935102,0.207231025763236,0.013963291262823894,0.22166037699235838
2021-05-11,-0.0167629644464451,0.2120309288110596,0.013402682911290957,0.21276099530598622
2021-05-12,-0.0068989798619761,0.2007987655075562,0.014107926679682414,0.2239563930550372
2021-05-13,0.0253971951156776,0.2169793555456839,0.013760334837009553,0.2184385436142347
2021-05-14,0.0154222589123062,0.2209811517519148,0.01537047786462876,0.24399877177218487
2021-05-17,0.0040160696548899,0.2191381826403442,0.0153591184666231,0.24381844691918658
2021-05-18,-0.0141889726810524,0.2077812860281065,0.014664388482791384,0.23278995032583472
2021-05-19,-0.0076671370459596,0.2112487957376775,0.014839760055171314,0.23557388773112067
2021-05-20,-0.0017394549953392,0.1914329762579484,0.014441631694951489,0.22925379594497908
2021-05-21,0.011314226231073,0.1855429935813418,0.013847487900675548,0.21982205560898033
2021-05-24,0.0053954759952019,0.1855149986855593,0.013703893024023188,0.2175425576099895
2021-05-25,-0.0103876283615778,0.1925151132917985,0.0132457236553082,0.21026934436218558
2021-05-26,-0.0001235788434591,0.1925399678061797,0.013279515508459055,0.21080577340084866
2021-05-27,0.0154518985814342,0.1887292044143853,0.01280191717330794,0.2032241348725187
2021-05-28,-0.0006695273995501,0.1840998438453511,0.013222575978945939,0.20990188639168428
2021-06-01,0.0109601751120773,0.1844870158003237,0.012758103958121278,0.2025286216433863
2021-06-02,6.022101112890498e-05,0.1812538874180458,0.012749914434727512,0.20239861698984998
2021-06-03,0.0006621918792376,0.1777187050741682,0.012336958718406146,0.19584314822263676
2021-06-04,0.0016235234016184,0.1656171919419251,0.011973643965151905,0.19007570531412768
2021-06-07,-0.0046973889446224,0.1670376342521027,0.01165913811132573,0.1850830796635391
2021-06-08,-0.0039920212695374,0.1680522179778991,0.01153000556094503,0.183033163976714
2021-06-09,-0.0125634390180849,0.1626877883264029,0.011385730669755359,0.18074287108160136
2021-06-10,-0.0157113394500815,0.1714014712912207,0.011967506355782101,0.1899782737859059
2021-06-11,-0.0006860207946245,0.1449853049178196,0.01282674771960093,0.20361830757497346
2021-06-14,-0.0171148706638355,0.1439603171161567,0.012412125977151078,0.197036391462878
2021-06-15,-0.0152840705081509,0.1494541533821749,0.013368795496719517,0.21222304927680036
2021-06-16,0.0069995469594065,0.1472633944642229,0.013895205706573757,0.2205795522940782
2021-06-17,-0.0292849547984512,0.1757188870335297,0.013477297310072698,0.21394546216639274
2021-06-18,-0.0256287385478894,0.1930695922568661,0.016209991903733078,0.25732564398988916
2021-06-21,0.0168262726308631,0.1998117215009515,0.017603031825608774,0.27943946718789675
2021-06-22,-0.0014635446997692,0.1970399708445049,0.017392599001924882,0.2760989496729807
2021-06-23,0.0060399081832909,0.198874327524811,0.016461988833455832,0.26132597123307855
2021-06-24,0.0091559444748382,0.2035922568342036,0.015696894124738944,0.2491804692610208
2021-06-25,0.0100470573745845,0.1979326282975463,0.015160886028382788,0.24067160451896757
2021-06-28,0.0018159418700632,0.1985557214770869,0.014746496897489742,0.2340933810008604
2021-06-29,-0.001231886562893,0.1916932469913537,0.014091840104956168,0.22370102659800217
2021-06-30,0.0090416529169501,0.1966307191873525,0.013529947644860067,0.21478126032014275
2021-07-01,0.0098522964430118,0.201710095419114,0.013271683351886266,0.21068144176972314
2021-07-02,-0.0067069332567181,0.2014473497263168,0.013103575883517793,0.20801281844070932
2021-07-06,-0.0169342205964087,0.2072300379148196,0.012881825670752783,0.20449264294379804
2021-07-07,0.0011726385708549,0.2079896895890346,0.013714728956928643,0.2177145727121368
2021-07-08,-0.0174043075708146,0.211443063927324,0.013179341682888512,0.20921556321882295
2021-07-09,0.0314981534817922,0.2406346438116497,0.014014541415525581,0.22247394794457487
2021-07-12,0.0142144726884523,0.2470025176366328,0.01663720769074253,0.2641074843614156
2021-07-13,-0.0149851361393495,0.245236932688691,0.01633154359768196,0.2592552173116534
2021-07-14,-0.0034108859532207,0.2393673424710899,0.016323228000083873,0.25912321129216886
2021-07-15,0.0021894528676772,0.238102253271498,0.015553174008594468,0.24689898314672717
2021-07-16,-0.0231002235825023,0.2289385034002578,0.014809281666618318,0.23509005831228133
2021-07-19,-0.0330597559009782,0.2411850338291551,0.016122079734631617,0.2559300815699368
2021-07-20,0.0184716051431522,0.2428019083165919,0.01881410763181522,0.29866469960031267
2021-07-21,0.0208223803529928,0.2539435621629876,0.01858585192956195,0.2950412526593453
2021-07-22,-0.0127063166434012,0.2575783320769726,0.018635274904242775,0.2958258180596963
2021-07-23,-0.00192326882244,0.2553113792227009,0.01809838923735458,0.28730302231732896
2021-07-26,0.0066823497856933,0.2537218123350243,0.017100302713055,0.27145888993599987
2021-07-27,-0.0013196966613439,0.2535395382967166,0.016285286622729375,0.2585209105988933
2021-07-28,0.0016493488812403,0.2537020534616971,0.015472902978357999,0.24562472004579533
2021-07-29,0.0085330350379489,0.2534467195756737,0.014734507298426734,0.23390305201621986
2021-07-30,-0.0080058174166687,0.2513889829093026,0.014286052824401539,0.22678405794059023
2021-08-02,-0.0040270726151504,0.2508627733331883,0.013983842710975794,0.22198662111771136
2021-08-03,0.0113136772119058,0.247957115571703,0.013512244404969231,0.21450023009923513
2021-08-04,-0.01085072954979,0.2507509982462235,0.013418047618930378,0.21300490247827294
2021-08-05,0.012549854256052,0.2469109138019284,0.013466158759470388,0.2137686431572362
2021-08-06,0.0280076249869033,0.2413904851599315,0.013482814582536804,0.21403304615152519
2021-08-09,-0.0010799480133557,0.2359532166480818,0.015611436733445174,0.24782387523068689
2021-08-10,0.0121925765769668,0.2330893825470456,0.014870717322982237,0.23606531912250703
2021-08-11,0.0118595734938478,0.2354204671444168,0.014648644404103501,0.23254002082485492
2021-08-12,0.0039015376940988,0.2355258465818906,0.0144320415286266,0.22910155677421468
2021-08-13,-0.0112503905965695,0.2221559973866419,0.013843159573609131,0.2197533455469162
2021-08-16,-0.0065849537119475,0.1820717690938095,0.01386087837459487,0.22003462279254726
2021-08-17,-0.0121543561212981,0.1820438684923259,0.013528000321573508,0.21475034752131186
2021-08-18,-0.009149428808802,0.1726168613678529,0.013682110694925774,0.21719677385538436
2021-08-19,-0.008390935438601,0.168747645400588,0.013547295617763608,0.21505665085246592
2021-08-20,0.0028478983649571,0.1684644260124946,0.013375360463005352,0.2123272648857474
2021-08-23,0.0127161176569908,0.172321363771818,0.012894984969991204,0.2047015403430745
2021-08-24,0.0061710918874152,0.1726672521444982,0.013017731353309706,0.20665007877063468
2021-08-25,0.0204031058321971,0.184566570516775,0.012677621780606906,0.20125100668333037
2021-08-26,0.0051445862994226,0.1835965078642548,0.01376491662400494,0.2185112772279351
2021-08-27,0.0080049688543182,0.1798791722819989,0.013290743103783526,0.21098400595114758
2021-08-30,-0.016136861333476,0.1914373846123868,0.013003943106716256,0.20643119714162328
2021-08-31,-0.0030587745063251,0.1899268321443799,0.013707031285252221,0.21759237596255654
2021-09-01,-0.0014389842005063,0.184162504031853,0.01323625617485909,0.21011905276932136
2021-09-02,0.0046224081304893,0.180671551748108,0.01278274613671563,0.20291980410132726
2021-09-03,-0.0060634659908472,0.1551227270834872,0.012417238633982627,0.19711755237396855
2021-09-07,-0.0017571388267494,0.1552401860696183,0.012253985210562892,0.19452598461967727
2021-09-08,-0.004469492190578,0.1499038889033347,0.011933476924117588,0.18943807330525889
2021-09-09,0.0043438640497093,0.1441209293595866,0.01175368544330734,0.18658397202882715
2021-09-10,-0.0115622832862408,0.1480919240468837,0.01151729093028276,0.1828313254722476
2021-09-13,0.0157622581170693,0.1551079542822643,0.011961286287676764,0.18987953326583826
2021-09-14,-0.0176068663429321,0.1658415993720489,0.012576990212487755,0.19965353006361602
2021-09-15,0.0069156130074204,0.1619722163533834,0.013567196665840813,0.21537257019671685
2021-09-16,-0.000442687754265,0.1580910084003063,0.0131879248290771,0.20935181644051204
2021-09-17,-0.0025968282636315,0.1549294135116721,0.012724926840463002,0.20200195122813594
2021-09-20,-0.0303912135413735,0.1907198614816888,0.012365152373967814,0.1962907086296327
2021-09-21,0.0001307445906287,0.1842108504402594,0.015668789709611976,0.24873432550200752
2021-09-22,0.0189717237947401,0.1962181101082706,0.01490940023956907,0.23667939138615954
2021-09-23,0.033242835207905,0.2184468727287704,0.015361638030789389,0.24385844376036422
2021-09-24,0.0114738165780494,0.2215264316358142,0.01793155097950714,0.28465454708071536
2021-09-27,0.0238784752914398,0.2354827744727346,0.017257595267968863,0.2739558318363042
2021-09-28,-0.0054044447883304,0.227970198629099,0.01790290175487873,0.2841997547389858
2021-09-29,-0.0007830618115402,0.2274790912978923,0.017023830790807985,0.27024493580473186
2021-09-30,-0.0137121430097202,0.2339072537600871,0.016123752908186354,0.2559566423766933
2021-10-01,0.0207975575445705,0.2438561220639279,0.0160225107693606,0.25434947324749396
2021-10-04,-0.0010775863111703,0.2422968682598323,0.016498468543426625,0.2619050686759734
2021-10-05,0.0101904877568321,0.2433620758895975,0.01565912302318315,0.24858087161225123
2021-10-06,0.0021321969698408,0.2418401804657846,0.015189036656320497,0.2411184818836085
2021-10-07,0.0063106576096641,0.2420628140871064,0.014485868880527974,0.22995603949539986
2021-10-08,0.0007640093228146,0.2358930538148703,0.013964181177658986,0.22167450395240845
2021-10-11,-0.0212559210960984,0.2475700886615005,0.013398933269924114,0.21270147159461214
2021-10-12,-0.0077108815792035,0.2394949141151515,0.014747375789409118,0.23410733297754827
2021-10-13,-0.0267205503890499,0.2602642685911825,0.01436415652960503,0.22802391582323706
2021-10-14,0.0152251222786537,0.2650975707223511,0.016379615298996116,0.2600183319123156
2021-10-15,0.0190262646778609,0.2715119132880086,0.016198662882468087,0.2571458013526996
2021-10-18,-0.0003601873012887,0.242235368779342,0.016434023977896058,0.2608820429135125
2021-10-19,0.0120555291525276,0.2432381769858387,0.01559367136588548,0.24754185876361126
2021-10-20,0.0133763521810493,0.2397156826751768,0.015260430551974563,0.242251824841781
2021-10-21,-0.0078745191527608,0.2179335889246502,0.01507943798041172,0.23937865684074897
2021-10-22,0.0133616615175737,0.2190628055528017,0.014662729068456844,0.23276360793992748
2021-10-25,-0.0049019706002067,0.2053991438866901,0.01456835529347414,0.23126547070658388
2021-10-26,0.0026873884258075,0.2039662532190806,0.014059460884362487,0.2231870224059803
2021-10-27,-0.0210484438435914,0.2191923888414224,0.01349380336262532,0.21420748762748235
2021-10-28,0.0149622827349248,0.2180528852981532,0.014788289861430699,0.2347568237357008
2021-10-29,-0.0027626762611895,0.2068608148656352,0.014822793889936342,0.23530455820763568
2021-11-01,-0.0005298949165762,0.2068033433356005,0.01420783563857353,0.2255423986088768
2021-11-02,0.0039380542855865,0.2042313150315495,0.013622175713540104,0.21624533552190575
2021-11-03,0.0003519061619893,0.204144257167292,0.0131321791075844,0.20846688054615872
2021-11-04,-0.0132225525998409,0.2084297352446386,0.012669457861881997,0.20112140849131127
2021-11-05,-0.0014271275538671,0.2083941537183709,0.013084565893337008,0.2077110442020445
2021-11-08,0.0059921273296668,0.1946359993768355,0.012649841217201524,0.200810003911019
2021-11-09,-0.007600084082633,0.1945727255465525,0.01235125631019921,0.19607011545602615
2021-11-10,-0.0009540847473884,0.1657229553059483,0.012298660425725532,0.19523518167420914
2021-11-11,-5.966053159293008e-05,0.1582770949305712,0.011956057938762095,0.18979653579986414
2021-11-12,-0.0044847146652386,0.1446736888395499,0.011646874472333568,0.1848884004298875
2021-11-15,-0.0017995326072697,0.1448212496778909,0.01150890306619455,0.18269817225779714
2021-11-16,-0.0072306894931458,0.1396205130177399,0.011290219942543686,0.17922668529115526
2021-11-17,-0.0053967326203352,0.1295940193069759,0.011376188792953223,0.18059139848324576
2021-11-18,-0.0086712805178494,0.1301110363501999,0.01132709020456221,0.1798119825556041
2021-11-19,-0.0131495551537408,0.1225726239288741,0.011522947722143899,0.18292112425914575
2021-11-22,0.021090953028641,0.1496949447049248,0.012147085791662078,0.19282900895342403
2021-11-23,0.0236309586120918,0.1747009239209169,0.013459118823164987,0.21365688763297724
2021-11-24,-0.0078749959533748,0.1602272065555666,0.014857519379332837,0.23585580826222452
2021-11-26,-0.0305901196835658,0.1828237850190841,0.014470035845913633,0.2297046978628657
2021-11-29,-0.004332226109731,0.1829342832679655,0.017162137165756652,0.27244048144182603
2021-11-30,-0.0149974691285845,0.1878874494474043,0.016326799998212484,0.2591799150045602
2021-12-01,-0.0059358598132665,0.186075348515795,0.016320462756971937,0.25907931441863596
2021-12-02,0.02080927485411,0.2053489235052858,0.01564519783420163,0.24835981609022317
2021-12-03,-0.0182790691902602,0.2094921541758875,0.01619103010907164,0.25702463483137533
2021-12-06,0.0117445218692635,0.2159734485835651,0.016569834466027066,0.2630379675756861
2021-12-07,0.0149353626792219,0.2228098224715061,0.01608458630711935,0.2553348918599555
2021-12-08,-0.0115071796851538,0.2245470754515552,0.01592040669630316,0.25272862133655344
2021-12-09,-0.0015568082354687,0.2245145972655577,0.01565340667851948,0.2484901274539208
2021-12-10,-0.0039965083791933,0.2244557315977478,0.014915550324747546,0.23677702096170422
2021-12-13,-0.0119596062611453,0.2269400716443825,0.014328452306279913,0.22745712884919922
2021-12-14,0.0076329025369211,0.2299162361280714,0.014335975293923477,0.2275765525757257
2021-12-15,-0.0075062641526576,0.2299969770822292,0.013891774680817238,0.22052508644871657
2021-12-16,0.0155178235593148,0.2380956855582862,0.01361094615690685,0.21606707183679513
2021-12-17,-0.0230170642973192,0.2492124532734493,0.01389578379881517,0.220588729223912
2021-12-20,-0.0181530572252592,0.2527973118742545,0.015406113817400756,0.24456447498479014
2021-12-21,0.0138698478641505,0.245150637217447,0.01590913094335257,0.2525496243076399
2021-12-22,0.0039003853916532,0.2264654149069154,0.015676881554514376,0.24886277955756425
2021-12-23,0.0035673372013947,0.2272180065458145,0.014943488069193732,0.23722051890568432
2021-12-27,0.0057066922989915,0.2040995412355365,0.014287766825135068,0.22681126685871764
2021-12-28,0.003030305349179,0.2042634980904848,0.013767888029870574,0.21855844683372333
2021-12-29,-0.0005044136298625,0.1972707468783294,0.013242299322225435,0.2102149847597261
2021-12-30,-0.0005046681913824,0.1960726901890816,0.012773286644769323,0.20276963932201358
2021-12-31,-0.0008206294056466,0.180296648632035,0.012363057041656533,0.19625744626037456
2022-01-03,0.0209349935984123,0.1838462822516609,0.012009910947307561,0.19065142580764777
2022-01-04,0.0372087957370269,0.2217722360403364,0.013330519841019253,0.21161544207929536
2022-01-05,-0.0244274984780457,0.2356972608848447,0.017329595240774848,0.27509879597099246
2022-01-06,0.0105679695952454,0.2339613939335725,0.01830720278210493,0.29061783457607665
2022-01-07,0.0098594041424269,0.2355039518088915,0.017534332729543686,0.2783489028469978
2022-01-10,0.0009567089942829,0.2344726050019154,0.016813470410440873,0.26690556829181783
2022-01-11,0.0010155014163812,0.2284582422628034,0.01592602089051753,0.2528177439067729
2022-01-12,0.0056559553033482,0.2280272004823567,0.015135512989362497,0.2402688200114458
2022-01-13,-0.0012475125626579,0.2253259526822188,0.014511566868925203,0.23036398241436198
2022-01-14,-0.0634335026972717,0.3215928662743305,0.01390009850984657,0.22065722313812117
2022-01-18,-0.0428322684596892,0.3464844093987327,0.024620398009687322,0.39083670187837366
2022-01-19,-0.0155899226763317,0.3449944634899726,0.0269275181890029,0.42746109931362025
2022-01-20,-0.0085640632667568,0.340770079723574,0.02560964573074534,0.4065405226081151
2022-01-21,-0.0176270192163178,0.343730913460021,0.024050062366694352,0.3817829042272005
2022-01-24,-0.0008964590470372,0.3428169279673517,0.02322247096052448,0.3686452979398022
2022-01-25,0.0108413302822694,0.3452361716538179,0.021699080587788567,0.34446222548422684
2022-01-26,0.0094414014289356,0.3476646193448724,0.020559180272582946,0.32636686896359757
2022-01-27,-0.0178021957462648,0.351094065717846,0.019476265075347384,0.30917612314645104
2022-01-28,0.0089066086175687,0.3540428177423029,0.019279877928918845,0.3060585738456138
2022-01-31,0.0134821323334854,0.3592901307886789,0.018312531039593873,0.290702418041499
2022-02-01,0.0170145889418082,0.3560554795425681,0.017727326525565384,0.28141258438010824
2022-02-02,-0.0080375071505511,0.322277804442195,0.017516650747526338,0.2780682100843701
2022-02-03,-0.0083043606088066,0.3148038395332893,0.016805802973623135,0.26678385150573963
2022-02-04,0.0256271078260542,0.3288003136336415,0.01619629681064254,0.2571082411268925
2022-02-07,0.0033373718114521,0.3259364786564186,0.017294100437758392,0.2745353334412919
2022-02-08,0.0186401099501965,0.3356913142257531,0.01637266147099398,0.25990794331499417
2022-02-09,0.0041593405028904,0.3364391702556828,0.01653615018768944,0.26250324623424187
2022-02-10,-0.0041593405028905,0.334749752821727,0.015711876247889122,0.24941830309282348
2022-02-11,-0.0131024561364159,0.3361682670385908,0.01503616926250586,0.23869178723798387
2022-02-14,-0.0093339667904753,0.2554096534034907,0.015042284148918068,0.23878885805043654
2022-02-15,0.0145180115780632,0.2101495228899061,0.014728789660520542,0.23381228732830087
2022-02-16,0.0018080852142625,0.2006527674276682,0.014729891665857493,0.23382978112069108
2022-02-17,-0.0233016449506823,0.2170876622486936,0.014077107765696407,0.2234671579625328
2022-02-18,0.0046776776005909,0.2054762674179677,0.015590146749139529,0.24748590720735167
2022-02-22,-0.0017762578269764,0.2056857230131132,0.014884429634652188,0.23628299532197805
2022-02-23,-0.0211612900330467,0.2190600196977375,0.01423895900479849,0.2260364667308434
2022-02-24,-0.0282381332467767,0.2391040349461318,0.015384157602047966,0.24421593087145618
2022-02-25,0.0233840820520877,0.2456703031014476,0.01740255298628141,0.27625696427595026
2022-02-28,-0.0425919364164156,0.2878235080369917,0.01795687293433692,0.285056520651853
2022-03-01,-0.0384593669436797,0.3097776020691491,0.02198075287000588,0.3489336343440289
2022-03-02,0.0205280483055862,0.3132106971963916,0.02415714910789089,0.3834828535427108
2022-03-03,-0.0071333659833666,0.3130759484943968,0.023395025627230545,0.3713845183538095
2022-03-04,-0.0285325013875177,0.3247431954340266,0.02200183624605867,0.349268322563029
2022-03-07,-0.0393814403549202,0.3252643177810577,0.022665407931759654,0.35980219650760126
2022-03-08,-0.0070677161125381,0.3224086987712002,0.024839351919003425,0.3943124874341884
2022-03-09,0.0392806669888457,0.3526381696618303,0.02329907725763109,0.3698613852058359
2022-03-10,-0.0119111849252829,0.3500172725784201,0.024996680369716938,0.39680999916264664
2022-03-11,-0.0227814262684655,0.3531134441855721,0.023663060844460224,0.3756394455181909
2022-03-14,0.0098819610616807,0.3593976210633802,0.023371228601530212,0.3710067522821329
2022-03-15,0.0175904021585806,0.370970401898511,0.022011686373287723,0.34942468848521147
2022-03-16,0.0437163525466198,0.4062673390447899,0.021275755980887042,0.3377421556819332
2022-03-17,0.0125652344272281,0.4106305862565009,0.024201242476421258,0.3841828140683016
2022-03-18,-0.000356824267836,0.4051338739630595,0.022881318712539556,0.3632296738955297
2022-03-21,-0.0032171609517754,0.4038872225417068,0.021386411218902196,0.3394987531282617
2022-03-22,0.0210444582089718,0.4137684037344847,0.02007703499881452,0.3187130500224192
2022-03-23,-0.0201139925511745,0.4131797680368956,0.019922634721121147,0.31626202159960326
2022-03-24,0.0064891303401389,0.4034185215852711,0.01990199561463107,0.3159343859412713
2022-03-25,0.0087046301721473,0.3947519304617836,0.018777623058790816,0.29808552495883495
2022-03-28,-0.0074260392890538,0.365550478936393,0.017856897683393047,0.28346946274430046
2022-03-29,0.0021981926951106,0.3366481959500119,0.017073573302907593,0.27103457370435097
2022-03-30,-0.0045435262032746,0.329746907429747,0.016162900703366657,0.2565780943592348
2022-03-31,-0.030487082683046,0.3468472279484654,0.015448588569280046,0.24523874076762078
2022-04-01,-0.0074366208054527,0.3321825287871166,0.01784967820946658,0.28335485714866354
2022-04-04,0.0044244596917031,0.2972716482191378,0.017067730479796473,0.2709418217629116
2022-04-05,-0.0190906447773419,0.3053718720374619,0.016190752205289666,0.2570202232456023
2022-04-06,-0.0139714540910864,0.2760745154628798,0.01666870529028462,0.2646074932531189
2022-04-07,-0.0030466928891096,0.2730924582333704,0.016511104690529712,0.2621056612925622
2022-04-08,0.0181424584579232,0.2669621803167064,0.01570980636401454,0.24938544470497392
2022-04-11,-0.0036774404458873,0.2658226969790102,0.015927470777312602,0.2528407601461066
2022-04-12,-0.0110381403485488,0.2616236299599604,0.015210644413162104,0.24146149438956557
2022-04-13,-0.032764482309844,0.2296437779640007,0.015005652447473181,0.2382073478176905
2022-04-14,-0.0093126708865006,0.2214705071969169,0.017959290437841037,0.2850948973302461
2022-04-18,0.0183837371527864,0.2364715996022551,0.01726983852476468,0.27415018751261955
2022-04-19,0.0204953626059277,0.2524043247301904,0.017263404446147296,0.27404804968099494
2022-04-20,0.0035020972222775,0.2373315711297013,0.017489424249798862,0.2776360028320211
2022-04-21,-0.007782140442055,0.2301749975739715,0.01654958033416397,0.2627164432000985
2022-04-22,-0.0291429879689886,0.2441716667174639,0.01594128732911746,0.2530600911064192
2022-04-25,-0.000315482296173,0.2394150602572454,0.017976064107249824,0.2853611710772241
2022-04-26,-0.0300274771704131,0.2546057431304739,0.016970371386733563,0.26939629407422006
2022-04-27,-0.0130913340779341,0.2532399508700553,0.018903473343810685,0.30008333629837
2022-04-28,0.0156891598610587,0.2662632100303984,0.018362001138046678,0.291487731508539
2022-04-29,-0.032800633107896,0.269135552488757,0.017943986761647438,0.28485195900212623
2022-05-02,0.0090905926054295,0.2748230565378538,0.020114901211860103,0.31931415751928155
2022-05-03,0.0211934990111971,0.2891821498125029,0.019064457775612963,0.30263888492738117
2022-05-04,0.0325459501233306,0.3128769731556876,0.019079719640534024,0.3028811595221263
2022-05-05,-0.025337982086795,0.320951573315914,0.020619718485821167,0.32732788330586476
2022-05-06,-0.0016152482917443,0.3209869437253732,0.021107639808732204,0.33507339418459425
2022-05-09,-0.0151481029965205,0.3137206810315323,0.019797786643442887,0.3142801198083964
2022-05-10,-0.024674148949895,0.3216912458081084,0.019308636648121585,0.30651510435982493
2022-05-11,-0.0063283339913641,0.3210705318360211,0.019943198886489016,0.3165884676045012
2022-05-12,-0.0008468118043504,0.3045165641695076,0.018877868767424998,0.2996768762491199
2022-05-13,0.0088559597051656,0.3069548455553944,0.017783484982899226,0.2823040722528185
2022-05-16,-0.0069939193872206,0.2966985595087832,0.016982202183513356,0.2695841021507665
2022-05-17,0.032609776828937,0.3127214400205887,0.016279518172061528,0.2584293392833897
2022-05-18,-0.0172539055490289,0.3151994735997714,0.018490859526504904,0.29353329500976916
2022-05-19,-0.0149331634070204,0.3171822796552485,0.01838480520365439,0.2918497348274143
2022-05-20,-0.0082325947678575,0.3044362537005222,0.01806980464343004,0.28684925595621635
2022-05-23,0.0600329028556387,0.3798381354565738,0.017304275157079562,0.27469685210319406
2022-05-24,0.0140263695805317,0.36694615909138,0.025051344522480017,0.3976777656856936
2022-05-25,0.0069400909470588,0.363369536382818,0.02372028532411493,0.37654785597061946
2022-05-26,0.0171423864292382,0.3641134237883045,0.022223781622829068,0.35279159619247896
2022-05-27,0.0140388175051345,0.3412758429951539,0.02142596660267834,0.3401266753791741
2022-05-31,0.0072865597534153,0.341031905012371,0.020500876868341848,0.3254413311143351
2022-06-01,-0.0177009275610899,0.343964070042662,0.019339586200580693,0.30700641327379824
2022-06-02,0.0159600195787293,0.32962921888195,0.01915303118812834,0.3040449442611093
2022-06-03,-0.0140374596755884,0.3195342791903765,0.018651953394429065,0.29609058088335805
2022-06-06,-0.0033090953278613,0.319876933231241,0.018221429553873146,0.28925622678978574
2022-06-07,0.0026173994927284,0.313116115563129,0.017240251764998674,0.2736805122619732
2022-06-08,-0.0160425031560321,0.3042770216545272,0.01631551807695585,0.2590008200568238
2022-06-09,-0.0212395967424234,0.3151973147950881,0.016419659497992675,0.26065401386428966
2022-06-10,-0.0470559732728599,0.3618052648216401,0.017132794438286844,0.2719746800837853
2022-06-13,-0.0302307134105489,0.376337354296767,0.022381091923081037,0.3552888197912927
2022-06-14,-0.016779354765392,0.3798807966613691,0.02320748097356985,0.36840733927397384
2022-06-15,0.0117663797039205,0.3615990727441546,0.02241541876536972,0.3558337415192326
2022-06-16,-0.0173050988613621,0.3616261636081729,0.02124514977888164,0.3372562972874382
2022-06-17,-0.0035326363683115,0.3588284438383238,0.020752995960748893,0.32944359763001724
2022-06-21,0.024470328741615,0.3702322205446473,0.0195144441679296,0.309782197451979
2022-06-22,-0.0056274768657283,0.2927544294949422,0.01983636379594349,0.31489251311923006
2022-06-23,-0.0109996744148607,0.2857898606327786,0.01875568118798963,0.2977372085581983
2022-06-24,0.0294087964455845,0.3086449907830903,0.01807860168285057,0.2869889046276985
2022-06-27,-0.0080445448807263,0.2984799513579533,0.01934726707146495,0.3071283433190711
2022-06-28,-0.0048234374308801,0.2896344947565853,0.018424966383510454,0.29248727379296274
2022-06-29,-0.0044998345226303,0.2853119296773648,0.017467334508401912,0.27728533905844877
2022-06-30,-0.0236069055660791,0.2890368455829684,0.01660370368121669,0.2635756246986422
2022-07-01,0.0127064270214627,0.28579981304997,0.017609754929988213,0.27954619316125473
2022-07-05,-0.0126176289039245,0.2854005820987004,0.017058260667203146,0.27079149314840556
2022-07-06,-0.0065030740068426,0.2850424874714983,0.016725169188945618,0.2655038298565798
2022-07-07,0.0249781310316803,0.3057601054337471,0.016028649632281233,0.25444692467521823
2022-07-08,-0.0031430093971991,0.3037185853267443,0.017066437248274117,0.27092129234893686
2022-07-11,-0.013203254913117,0.299552991204456,0.016206098117925047,0.25726383205644954
2022-07-12,0.0009741841978434,0.255954420058355,0.01604538032581626,0.25471251620135016
2022-07-13,-0.0094273199089015,0.2363161273411391,0.015241675558392453,0.24195409854862776
2022-07-14,-0.035563749705716,0.2603074130806014,0.014907715635237614,0.2366526491214481
2022-07-15,0.0448140157897926,0.3069669257371796,0.018448939101922045,0.29286782889996626
2022-07-18,-0.0103231316317778,0.3030469119578581,0.022374156097909288,0.35517871698004383
2022-07-19,0.024476591930101,0.3156559695062878,0.02123642729185818,0.33711783209856977
2022-07-20,-0.0001745962466241,0.3028759859634997,0.021279453563792624,0.3378008529908545
2022-07-21,0.0067867658044901,0.303326462079164,0.01993862460693742,0.3165158531677763
2022-07-22,-0.0048678816570373,0.3011339730037702,0.018819663897360443,0.298752902581418
2022-07-25,0.0040003531910729,0.2815001983729152,0.01782090580608915,0.28289810940491367
2022-07-26,-0.015745601718355,0.2853918024466088,0.016854229251590018,0.2675525948362648
2022-07-27,0.0159191676304456,0.2914180810126971,0.01684257730548228,0.2673676259261188
2022-07-28,-0.0037383221106071,0.2912833295761776,0.016657867217222348,0.26443544417703535
2022-07-29,0.0047790854309183,0.2781789406909689,0.015859901689601247,0.2517681341317081
2022-08-01,-0.0100188144741233,0.2774133876398898,0.015125950864052207,0.24011702597798823
2022-08-02,-0.0157080533008473,0.2794971119921983,0.014851828818094348,0.23576547340307996
2022-08-03,0.0104407248201448,0.2808043718527521,0.015162067201778952,0.24069035506533656
2022-08-04,-0.0110635283457702,0.2684536273562593,0.014773008370393526,0.23451423758602105
2022-08-05,0.0298110800871855,0.2896750852055468,0.014633630971062555,0.23230168996394493
2022-08-08,-0.0122551618544383,0.2890944935271741,0.016776629893096116,0.2663207432094267
2022-08-09,0.0089671083599532,0.2905995648390284,0.016452188316355074,0.26117039284726784
2022-08-10,0.0257532305948014,0.300433263889766,0.0158132436679697,0.25102746100028805
2022-08-11,0.0146734699984705,0.2663017527962157,0.01701078318125208,0.2700378114241991
2022-08-12,0.0164283217609817,0.2265746692449576,0.016691837649667272,0.2649747080741069
2022-08-15,0.0026983948668113,0.2203570976448199,0.016577352606207196,0.26315731435111617
2022-08-16,0.0095087879690273,0.208498556868575,0.01572509757090694,0.2496281850890739
2022-08-17,-0.0084477799119327,0.2126227885883753,0.015205569942637158,0.24138093966729957
2022-08-18,-0.007779591297739,0.215804922456316,0.014808970681026127,0.23508512156905176
2022-08-19,-0.0250564571361519,0.2360991319947891,0.014421903252440828,0.22894061662915205
2022-08-22,-0.0166599688372462,0.2446171777753898,0.01613904694799162,0.25619942773189086
2022-08-23,-0.0099057616912495,0.2402733084099679,0.016339331633762114,0.25937884855167154
2022-08-24,0.0024208899943788,0.2337850792186064,0.01589299552396649,0.2522934824656681
2022-08-25,0.0234702473725195,0.2472049266672036,0.01511320311901523,0.23991466179912005
2022-08-26,-0.0332763744612014,0.2759555503100894,0.01612260189988678,0.2559383706863875
2022-08-29,-0.0024447755126309,0.2737181951778706,0.01885501220539102,0.29931403957531294
2022-08-30,0.0001748251752703,0.2672994552156832,0.017787364434366747,0.28236565663565694
2022-08-31,-0.0059612695164993,0.2658493934725624,0.01679832295270401,0.2666651098548182
2022-09-01,0.0068349372288948,0.2635043966313189,0.01606808725493097,0.2550729775262031
2022-09-02,-0.0070108077886167,0.2415078137909033,0.015377203719092765,0.2441055414017819
2022-09-06,0.0002637942420221,0.2377555704557535,0.014871386569044813,0.23607594307439198
2022-09-07,0.0188126084670525,0.2452770213156201,0.014201682128793565,0.22544471466946886
2022-09-08,0.0230287362179188,0.2416803423816172,0.014764162797609726,0.23437381847128191
2022-09-09,0.0047945585390897,0.2362563855491931,0.015782788116788918,0.25054399411349354
2022-09-12,0.0117623879585446,0.2323959796781611,0.015058034205748298,0.23903888245148408
2022-09-13,-0.0353668121073744,0.2624791289006092,0.014776487580267075,0.23456946833052753
2022-09-14,-0.0023224817974558,0.2586059602227762,0.018319116683496145,0.2908069618974309
2022-09-15,0.0149581830820488,0.2654812408180487,0.01730518761756958,0.2747113369644206
2022-09-16,-0.006724860414793,0.2652010053776293,0.016969624365701267,0.2693844354829665
2022-09-19,0.0091821763994392,0.2531413576592054,0.016255041704613348,0.2580407874083422
2022-09-20,-0.0199160392788696,0.2561951125990049,0.015651466877083714,0.2484593340607695
2022-09-21,-0.0292592701395201,0.2743269656383348,0.016334713519651885,0.2593055382629008
2022-09-22,-0.0114440229739839,0.2762214941080388,0.01829192726447957,0.2903753432513697
2022-09-23,-0.0187888440726646,0.264996782409053,0.017704099307947002,0.28104386373131096
2022-09-26,-0.021767172574632,0.2509892377404794,0.01788727725057289,0.28395172342247427
2022-09-27,-0.0088412916025797,0.2516385394425454,0.018399230921329824,0.2920787359961312
2022-09-28,0.0200156326637941,0.2653598762980985,0.017629146453194675,0.27985402404893694
2022-09-29,-0.0170912402207162,0.2699707347630961,0.017741394077700593,0.28163589984713944
2022-09-30,-0.0157603186190863,0.2704740319412861,0.01773253386414312,0.2814952483173235
2022-10-03,0.0304410255012355,0.2973354174056983,0.01758965046668378,0.279227044700379
2022-10-04,0.0457222493380951,0.3435420878214741,0.01912440719589279,0.30359055247119865
2022-10-05,-0.0213307962139359,0.3432742814825076,0.023029363392155364,0.3655798103266677
2022-10-06,-0.0205928660764015,0.3351835110249049,0.02267843858066365,0.3600090516461319
2022-10-07,-0.0201762868892427,0.3375957587560451,0.022302784998257018,0.35404573589718114
2022-10-10,-0.0093852895377662,0.3312362730033227,0.02193848629456501,0.3482626732597076
2022-10-11,-0.0292845280189352,0.3249528575906105,0.020798389755505357,0.3301642017819639
2022-10-12,0.0160532707557457,0.3345787485834035,0.021790587834762322,0.3459148579961432
2022-10-13,0.054102779083474,0.3907685731448707,0.02096303997416308,0.33277794297324836
2022-10-14,0.0165038203680232,0.3970653628817074,0.02602424088488076,0.413122016643804
2022-10-17,0.0411421159533202,0.4248569999810964,0.02473758964676623,0.3926970614430576
2022-10-18,0.0253954849259288,0.4285046800653894,0.026425390359032547,0.41949006712682374
2022-10-19,-0.0198009443625571,0.4208095018023873,0.025814073894998082,0.4097857191096564
2022-10-20,-0.0032668529741834,0.4184017310860407,0.024949074198931772,0.39605427463002896
2022-10-21,0.0511942625315051,0.4448286807122751,0.02329463024467521,0.36979079106368584
2022-10-24,0.0012264422452228,0.4333626773017592,0.027082446132727842,0.42992050417500505
2022-10-25,0.0026113936824714,0.4297674252440839,0.025191108897887057,0.39989645636253335
2022-10-26,0.011425917424564,0.4274950232096186,0.02347990317473373,0.3727319076493285
2022-10-27,0.0039403372119229,0.4182216256125173,0.022178785876506683,0.3520773108635303
2022-10-28,0.0118080197562162,0.4087835633426701,0.0207687928374586,0.32969436527360985
2022-10-31,-0.0015875539133629,0.4026679899723112,0.019782689637059966,0.3140404622618118
2022-11-01,0.017872380613874,0.3793257006794263,0.018605144774814775,0.29534751708307627
2022-11-02,-0.00925061472838,0.3699229233448972,0.018349393033636488,0.2912875840558992
2022-11-03,0.0018098128243216,0.356049642289047,0.01760926270084841,0.27953837926590286
2022-11-04,0.0269909358268476,0.3455484763875134,0.016639082086432604,0.26413723947054246
2022-11-07,0.0052661827485472,0.3382156416860574,0.01784659104310614,0.28330584990198987
2022-11-08,0.0006087816944735,0.3058441876825892,0.016905407381998364,0.2683650224700191
2022-11-09,-0.0130941033909807,0.3188328127073964,0.01600850942449522,0.25412720878828854
2022-11-10,0.0403347477324576,0.2973053416984531,0.01586683892092051,0.2518782592648567
2022-11-11,0.0016273396593754,0.2980470739865422,0.019679310904746207,0.31239937576247984
2022-11-14,-0.0103266026692676,0.2818448970469611,0.018494994334277134,0.29359893304827545
2022-11-15,-0.007270033894039,0.2777569341321958,0.017804818454308785,0.2826427306125269
2022-11-16,0.0013530784594627,0.2617833402009951,0.017019668913509155,0.27017886805081265
2022-11-17,-0.0043664904128177,0.2623650520671005,0.016110493280283536,0.2557461523092447
2022-11-18,0.0097605700184879,0.2036252713401439,0.015395805535232105,0.24440083607841495
2022-11-21,-0.0059200592548703,0.206722889783467,0.014933127294681416,0.23705604670918667
2022-11-22,0.0148460334239487,0.2100271965236639,0.014425889754929469,0.22900390039426732
2022-11-23,0.0106070528957219,0.2097039852060171,0.014506339006899648,0.23028099267751292
2022-11-25,0.0019032287422791,0.2099329113797451,0.014217176328577939,0.22569067746582927
2022-11-28,-0.0176329774241477,0.2222655102829498,0.013624950648689649,0.2162893862517659
2022-11-29,0.016315743424685,0.2262257284086283,0.014400508678183268,0.2286009882918024
2022-11-30,0.0117931045744636,0.2223021486423227,0.014637041125830925,0.23235582449264103
2022-12-01,-0.0141391467062159,0.2267322533557609,0.014416931396680504,0.2288616908657742
2022-12-02,-0.0079587745083437,0.2303343129718236,0.014628089050542888,0.23221371470306057
2022-12-05,-0.0284414923646724,0.2377924592580234,0.014276509125927126,0.22663255642408373
2022-12-06,0.0016732586806325,0.2371309750217294,0.016622708399862726,0.26387731525428715
2022-12-07,-0.00068417654423,0.2371374138206227,0.015757436776262165,0.2501415540588781
2022-12-08,0.01043961368722,0.2345771780267992,0.014995212702983408,0.23804162201166454
2022-12-09,-0.0054331555323714,0.1841270592433405,0.01462829819791105,0.2322170348146017
2022-12-12,0.0153924276370467,0.1930890404070649,0.014135830203177255,0.22439934775825596
2022-12-13,-0.0009691006759416,0.1895357211292798,0.01431874252072082,0.22730299078196045
2022-12-14,-0.0050095435430582,0.1885429401288036,0.013725685905725753,0.21788850888200811
2022-12-15,-0.0251237076722551,0.2086981512548688,0.013328566130663053,0.21158442788887724
2022-12-16,-0.0062454422519976,0.2091885465143705,0.015335887960469283,0.24344967406650767
2022-12-19,0.0059379391745438,0.2069501624982397,0.014794716462815305,0.23485884286993486
2022-12-20,0.0048322241679387,0.2073767811549632,0.014221303037956892,0.22575618694632776
2022-12-21,0.0111852031637234,0.2040720950680811,0.013681369854512364,0.21718501337841395
2022-12-22,-0.0114147803600636,0.2023118349874489,0.013552069864747756,0.21513243967377182
2022-12-23,0.0047339173692311,0.2033164122519499,0.013630936139643453,0.21638440297499625
2022-12-27,0.0034978364307115,0.1955043626392959,0.013160797136124083,0.2089211776653324
2022-12-28,0.0054504298442864,0.1863444831247271,0.012718590683070493,0.20190136784776586
2022-12-29,0.0057211839281998,0.181779675157817,0.012389422490815134,0.1966759847904436
2022-12-30,0.0065838933025994,0.1780090166080288,0.01211488004845266,0.19231775862950326
2023-01-03,0.0075774822119119,0.1782549018642589,0.011916593075877885,0.18917005052356284
2023-01-04,0.0092818345929621,0.1458072453887581,0.01179950805217433,0.18731138339374456
2023-01-05,-0.0075810910321966,0.1496244860262326,0.011811044693461746,0.18749452189661334
2023-01-06,0.0189547919428349,0.1617309886290732,0.011840287414286806,0.18795873569838534
2023-01-09,-0.0041407926660313,0.1603822038872206,0.012904854337441173,0.20485821169429533
2023-01-10,0.008914071418689,0.1600498835075239,0.012576993710339041,0.19965358559028376
2023-01-11,0.0074039801983004,0.1538259618344656,0.012445954973198718,0.19757341012674823
2023-01-12,-0.0010031528499594,0.1538346663394413,0.012243139274518089,0.1943538107226157
2023-01-13,0.0249216437807,0.1714801175682009,0.01190863736703764,0.18904375756099567
2023-01-17,-0.0155741141609018,0.152676606871868,0.013917969196028064,0.22094091148648703
2023-01-18,-0.0305031400336089,0.193095999853042,0.014377872390313655,0.2282416483619504
2023-01-19,-0.0134160939012265,0.20090652516848,0.017079991253522987,0.2711364555118811
2023-01-20,0.0024459857282604,0.2006026547313576,0.016812644404583136,0.2668924558553315
2023-01-23,0.0160825937462012,0.2044066797317542,0.015932214086495908,0.2529160578450497
2023-01-24,0.0085594603534025,0.1993892068287384,0.015898913298911157,0.2523874242305787
2023-01-25,0.0048276204290567,0.1994009425911053,0.01530612519808334,0.2429772048608866
2023-01-26,0.0061626852153659,0.199730965012876,0.014637173798987798,0.23235793061371346
2023-01-27,0.0024259733624794,0.1995339750979902,0.014091198720414285,0.22369084493404667
2023-01-30,-0.0085167807700874,0.2032138294873024,0.013518612781968522,0.2146013249500065
2023-01-31,0.005947919645702,0.2030430987574435,0.013359987099554358,0.21208322030671176
2023-02-01,-0.0026471129748204,0.2026538430167612,0.012966028912580798,0.20582932796857223
2023-02-02,-0.004667369259932,0.2017125640534836,0.0125765314998455,0.19964624822616814
2023-02-03,0.0153557993603314,0.2052766570448828,0.012316486816347338,0.1955181668523643
2023-02-06,0.0058655339362029,0.1960535842755117,0.012815845049784504,0.20344523305720796
2023-02-07,0.0121162668640292,0.1984139289946312,0.012489874060864683,0.19827060402938615
2023-02-08,-0.0070558118704137,0.1993795134222666,0.01262359669048316,0.2003933849651787
2023-02-09,-0.0156860419657821,0.2069175825120644,0.0124928682314265,0.19831813501352302
2023-02-10,0.004405606500512,0.207362231146634,0.013240034838041523,0.21017903718773528
2023-02-13,0.0107895690762548,0.1907359842660034,0.01280962939807483,0.20334656264524803
2023-02-14,0.0044091473606755,0.1823126211035138,0.012779882616415434,0.20287434712579624
2023-02-15,0.0041811907604013,0.1398351371961984,0.012408484167987155,0.1969785795346574
2023-02-16,-0.0138647974110957,0.1405232610283482,0.012079267967468929,0.1917524343697886
2023-02-17,0.0029571238897438,0.1405296243905384,0.012680183955387916,0.20129167994704658
2023-02-21,-0.0185197048114911,0.1498111442364821,0.012288865748945688,0.19507969600061878
2023-02-22,-0.0076926221399782,0.1498292620158796,0.013475974418257328,0.21392446190986328
2023-02-23,0.0079790525035549,0.1515724070448446,0.013265404067407484,0.21058176121886943
2023-02-24,0.0089808158857399,0.1533629796981389,0.012980615131631576,0.20606087701763465
2023-02-27,0.008689870642976,0.1560816606760405,0.012795676157605596,0.2031250618196576
2023-02-28,0.008336008482983,0.1544070427568065,0.012618604920491695,0.200314143073182
2023-03-01,-0.0055963769706977,0.1554247089788608,0.012444926893020038,0.1975570898598645
2023-03-02,-0.0104365942722701,0.1601803903945712,0.012250927760348971,0.1944774491022053
2023-03-03,0.0181931755602445,0.1705651644024036,0.012450915174731085,0.19765215088499266
2023-03-06,-0.0058643005256916,0.1645076024612071,0.013278025533110933,0.21078212077546415
2023-03-07,-0.0298487196311251,0.19533207108371,0.012983333375510362,0.2061040278014712
2023-03-08,-0.0059330179102804,0.1894601488670784,0.0159772295766757,0.25363065659801814
2023-03-09,-0.0556569376753239,0.2684652731001691,0.015342736160033168,0.24355838586435516
2023-03-10,0.0250780216806936,0.2844732653917313,0.02333842217078436,0.3704859663391898
2023-03-13,-0.0181205411131949,0.2884610886197563,0.02312902926305831,0.3671619569783269
2023-03-14,0.0253520931108338,0.3023891987765505,0.02246064401882088,0.3565516701609024
2023-03-15,-0.0483965408618503,0.3411436470586106,0.022413116933343833,0.35579720106863055
2023-03-16,0.0192276492243154,0.3508550272385984,0.026284224210046832,0.4172491239842824
2023-03-17,-0.0385142705819927,0.3697435702408144,0.025158119609516513,0.39937276764478863
2023-03-20,0.0105160091452231,0.373127418948978,0.026656964865176422,0.42316619844625947
2023-03-21,0.0264674536368752,0.3864199841310688,0.024992783192459345,0.39674813339161424
2023-03-22,-0.0261528893058761,0.394632598340994,0.024690740687765233,0.3919533572748642
2023-03-23,-0.0026769561691151,0.3920446525115938,0.024615371019582652,0.3907569008844128
2023-03-24,-0.0153329716923287,0.3901898745654893,0.022982175073401927,0.36483071898941466
2023-03-27,0.0282576023175713,0.4058508782099186,0.022103626047837558,0.35088418557208595
2023-03-28,0.0030306585733295,0.4039616742196871,0.022458501384864712,0.35651765690131043
2023-03-29,0.0020153483296018,0.4047954165852333,0.02101011241494706,0.3335251948047637
2023-03-30,-0.0030245476544753,0.4043152267710928,0.01969503408744601,0.3126489735499325
2023-03-31,0.0120436876129691,0.4002926635006578,0.018552689271779804,0.2945148117875123
2023-04-03,-0.0011517642460323,0.4004879221956882,0.0178393817408823,0.2831914057771264
2023-04-04,-0.0134583205448801,0.3909165954983568,0.016856827668279936,0.2675938434224491
2023-04-05,-0.0063274046200172,0.3909473548192059,0.01662498859732579,0.2639135122668515
2023-04-06,-0.0010976949510551,0.3396407153960261,0.015931913327222758,0.25291128343960223
2023-04-10,0.0032894766503987,0.3258830659014727,0.015155493297480125,0.24058599756983196
2023-04-11,0.0049140148024291,0.3211838482217546,0.014470412527002437,0.22971067748977306
2023-04-12,-0.0001556299123832,0.3057649134081209,0.013902729053998274,0.22069898173195027
2023-04-13,0.0038059776417704,0.2530478745878913,0.013349643929551092,0.21191902757313152
2023-04-14,0.0727947161155892,0.3565194366559853,0.012890432126600676,0.20462926619485716
2023-04-17,0.0078978009601253,0.3212230061625261,0.026215510018376763,0.4161583200080834
2023-04-18,0.011165354409713,0.3213715518794,0.024504494448056094,0.38899678987751635
2023-04-19,-0.0012737953742716,0.3121072970802301,0.023084484899038672,0.3664548371212939
2023-04-20,-0.0029074941589805,0.2926960100001314,0.021578023842891602,0.3425405092350807
2023-04-21,-0.0019193181651687,0.2924415900119481,0.020243177457668723,0.32135047979244113
2023-04-24,0.0013510152444246,0.2827966263832824,0.01902407346463742,0.30199780386512126
2023-04-25,-0.0219836439336244,0.2864709294683344,0.017905417960994735,0.28423969827276774
2023-04-26,-0.0178824845895834,0.2963261496200772,0.018441842325093726,0.2927551710603791
2023-04-27,0.0133687902635265,0.2988579202395233,0.018408625140462712,0.29222786460165484
2023-04-28,0.0086454823069507,0.29862284163955,0.01780306765163127,0.2826149374816502
2023-05-01,0.0211860200033961,0.3037879560170991,0.016989606959552605,0.2697016493262504
2023-05-02,-0.0162790971832683,0.311838031340714,0.01734313684812397,0.2753137623233796
2023-05-03,-0.0213904117775597,0.3186733694506311,0.017311071524256056,0.27480474108740016
2023-05-04,-0.0137728945002857,0.3225922245984587,0.01787840647516211,0.2838109042284349
2023-05-05,0.0193463908876201,0.3277004823080671,0.01753073113684893,0.2782917293354334
2023-05-08,0.0024104317576419,0.3277231832121599,0.01758551797421773,0.2791614434162189
2023-05-09,-0.0048266877382609,0.3289739497391193,0.01662204875649963,0.2638668437405307
2023-05-10,0.0005130272383399,0.3288979988833011,0.01586542427036121,0.25185580238342486
2023-05-11,-0.0031556185141134,0.3296027947300664,0.015082385831231684,0.2394254525217794
2023-05-12,-0.0144366749416225,0.2055209687813699,0.014447940251215721,0.2293539411710212
2023-05-15,0.0083912421976356,0.2058337364500749,0.014685878517292866,0.23313109404757745
2023-05-16,-0.006752019715983,0.2007758081238062,0.014235988833591673,0.22598931672465625
2023-05-17,0.0302842368476855,0.2322565606087118,0.013862812866676616,0.22006533190231642
2023-05-18,0.0075553516444496,0.2340734890865247,0.016301222552407662,0.2587738856399295
2023-05-19,-0.0022965418447163,0.2341083514551138,0.015612799488309095,0.24784550829349414
2023-05-22,-0.0082970065812171,0.2356043072485128,0.014894456174928074,0.23644216171446025
2023-05-23,-0.0104873148206864,0.2253131808786845,0.014529296406335834,0.23064543009545446
2023-05-24,-0.0091936072107209,0.2183722135384543,0.01437740481047934,0.2282342257621924
2023-05-25,0.0024353356931376,0.2129017387037134,0.01414601011548269,0.22456094885622774
2023-05-26,0.0093174071956997,0.2132978024900379,0.013567007250164353,0.21536956331607088
2023-05-30,0.0037900920005424,0.198279242509144,0.013321136134647088,0.21146648035867455
2023-05-31,-0.0128127096001798,0.1951732672327116,0.012865125430074589,0.2042275348417815
2023-06-01,0.0136853100045887,0.1864933435964015,0.013200158190711258,0.20954601503600584
2023-06-02,0.0207883767449502,0.1914869720675009,0.013365440773230016,0.2121697946923767
2023-06-05,-0.0098727372237796,0.1849929646818193,0.014358644066145659,0.2279364081786881
2023-06-06,0.001795783982934,0.1849371457270497,0.014181953055979898,0.22513152534789177
2023-06-07,0.0096418987871488,0.1862035398053936,0.013593185532309331,0.21578513066190982
2023-06-08,0.0002842726193544,0.1862221193480843,0.013364973173877893,0.21216237178278313
2023-06-09,0.0019876488406624,0.1853976162630239,0.012873904351218773,0.20436689589454324
2023-06-12,-7.09194709704047e-05,0.1754677549738818,0.012445956927186884,0.19757344114534875
2023-06-13,0.0072080023757793,0.1749912529027501,0.012072904756121277,0.19165142152119483
2023-06-14,-0.0037388495460866,0.173207595516889,0.011912543878507367,0.189105771508052
2023-06-15,0.0112447597107827,0.1434804808290851,0.011703001563417663,0.1857793903788194
2023-06-16,0.0011873582676615,0.1417736484715339,0.01188878214657558,0.18872856570758184
2023-06-20,-0.0051086573193654,0.1430731190876921,0.011583873147470971,0.18388828540276336
2023-06-21,-0.00147446050936,0.1390669693532329,0.011487477826046439,0.18235805711452668
2023-06-22,-0.0194401297685739,0.1523271670691038,0.011263965710482908,0.17880991227778048
2023-06-23,-0.005243699836197,0.149410280048955,0.01284496925750015,0.20390756552169229
2023-06-26,0.0024456924865006,0.1494113465648014,0.012576535630406055,0.19964631379678416
2023-06-27,7.184166101012129e-05,0.1463892111857473,0.012191083227085018,0.19352744658814636
2023-06-28,-0.004391813819608,0.1470657546112591,0.011849866866367138,0.18811080478579026
2023-06-29,0.0343271772254106,0.1819180446819881,0.01167826247779843,0.18538666956954966
2023-06-30,0.0139165191230469,0.1821038603387222,0.015643176456603115,0.24832772771563458
2023-07-03,0.0080123695210046,0.1706303354387873,0.015453065004567357,0.2453098019748026
2023-07-05,-0.0135281033063069,0.1744929156203356,0.014887572434354521,0.2363328857205752
2023-07-06,-0.0099358121532549,0.179532400094631,0.014958889620297521,0.237465010949836
2023-07-07,0.0078595431535159,0.1785519779876412,0.014701753119672445,0.23338309554792785
2023-07-10,0.0055960628265117,0.1791533682143336,0.014222304847873887,0.22577209018573574
2023-07-11,0.0155179652905038,0.1859059849414586,0.013706600919036877,0.21758554411068565
2023-07-12,0.0049396182584315,0.1859368475255225,0.013975033273324562,0.22184677563041844
2023-07-13,0.0048481678693915,0.1853275341260108,0.013468407539033313,0.21380434142609764
2023-07-14,0.0060273421153384,0.184307658147881,0.01302206348771217,0.20671884927228487
2023-07-17,0.0238177183324088,0.1968832721800779,0.01267539580951011,0.20121567048764397
2023-07-18,0.0018238671027756,0.1967982451106994,0.014293794696500932,0.2269069563501326
2023-07-19,0.0038322933460083,0.1941497319544193,0.013692004065962458,0.21735382625173127
2023-07-20,0.0122424209435903,0.1951684039213245,0.013191007278409368,0.20940074880668486
2023-07-21,-0.0077145994953304,0.1798172334702654,0.013223597054932272,0.20991809547046153
2023-07-24,0.0194925487932095,0.1821426768808072,0.013050504467633967,0.2071703358317812
2023-07-25,-0.0074963822241909,0.1883615947439604,0.013928998615512993,0.22111599809286223
2023-07-26,0.0059762400515493,0.1870739847668902,0.013642424652541965,0.2165667774633768
2023-07-27,-0.011090686694158,0.1935318092045584,0.013213335928646349,0.20975520514051763
2023-07-28,0.0056881884108096,0.1618976784924357,0.013316231059892193,0.21138861471089276
2023-07-31,0.0066694438474717,0.1583057719280381,0.012917906155246704,0.20506540287871988
2023-08-01,-0.0049501909804197,0.1607561707725028,0.012613217225276044,0.20022861606309944
2023-08-02,-0.0113892075044817,0.1579086960715686,0.012361830199554745,0.1962379707457789
2023-08-03,0.006094645970303,0.1497412692501976,0.012636084871381063,0.20059162869107933
2023-08-04,-0.002112879743683,0.1508559098135993,0.012343687644749255,0.19594996661680278
2023-08-07,0.0047317691712636,0.1507574810494448,0.012020266179129218,0.19081581001665893
2023-08-08,-0.0056294928609222,0.1477022886723115,0.011759617227671071,0.1866781361863709
2023-08-09,-0.0134984450186763,0.1582660561474624,0.011666701419428637,0.18520314345751462
2023-08-10,-0.0014966653192351,0.1582840090191196,0.012304430964583389,0.1953267861387015
2023-08-11,0.0057790492319935,0.1581933029529492,0.011971406275733388,0.19004018309585088
2023-08-14,0.0020697245600777,0.1346545498036732,0.011756754764058654,0.18663269598523835
2023-08-15,-0.0257867691445072,0.1634991852311452,0.011474552141115292,0.18215286822740875
2023-08-16,-0.0042522155626715,0.1628936588738749,0.014140164847498821,0.22446815810363668
2023-08-17,-0.0104411630566858,0.1576347427678091,0.013657752518047043,0.21681009978491209
2023-08-18,0.002284947230698,0.1572160704631313,0.013632296831854329,0.21640600329420154
2023-08-21,0.0034176612257815,0.1371928229549943,0.01311339497427735,0.20816869167421267
2023-08-22,-0.0209566244442021,0.1509691817518703,0.01267552981453587,0.20121779775147952
2023-08-23,0.0067404510520905,0.1516246339362659,0.014148497685575833,0.22460043780723954
2023-08-24,-0.0009504413478544,0.1490593179655497,0.013686702141405192,0.21726966080863996
2023-08-25,-0.001223324877313,0.145760575428263,0.013169206870589548,0.20905467806125866
2023-08-28,0.0034622077284707,0.1432908646639702,0.012720038048655027,0.2019243440641231
2023-08-29,0.0080993963283943,0.1488058762310794,0.012333037677902899,0.19578090363432354
2023-08-30,-0.0040414981589999,0.1453965595927908,0.012186107436762213,0.19344845836552552
2023-08-31,-0.012428425793534,0.145933445467627,0.011951401958732963,0.18972262440826593
2023-09-01,0.0033430015783,0.147800945990262,0.012409758683377506,0.19699881183924733
2023-09-05,-0.0110952442919395,0.1474414939541795,0.012060461921726,0.19145389764870685
2023-09-06,-0.0016542600960263,0.1474732935617262,0.012357544915145456,0.19616994396471393
2023-09-07,-0.0085908800493512,0.1441088101355118,0.012021014105254867,0.19082768297582403
2023-09-08,0.0007650843704799,0.1447244282560948,0.012095914680959774,0.1920166927540485
2023-09-11,0.0043706060069029,0.1436383106405279,0.011763725196463041,0.1867433481692739
2023-09-12,0.0129300288331831,0.153875004395715,0.011526757991089882,0.18298161040350183
2023-09-13,0.0004782237495067,0.1278854674455265,0.01190567122901747,0.18899667157966168
2023-09-14,0.0192118470673206,0.1468698123621391,0.01159947052758512,0.18413588613608048
2023-09-15,-0.0029524278307526,0.142357304711687,0.012756372023014056,0.20250112802590262
2023-09-18,0.002081026495322,0.1423168775001071,0.012403624124920796,0.1969014287427695
2023-09-19,-0.0012749540395047,0.1418181740775892,0.012036437073344628,0.19107251500408798
2023-09-20,-0.0042391477538898,0.1200925513209334,0.011734281105805506,0.18627593772051224
2023-09-21,-0.0078527346397682,0.121443406314219,0.011571997322919574,0.18369976253250236
2023-09-22,-0.009628919958513,0.1260884744745924,0.011660026157202307,0.18509717695479255
2023-09-25,0.0049284787281372,0.1275110675924919,0.011884808052460451,0.18866547891928945
2023-09-26,-0.0104332060393173,0.1316829949302606,0.011649385311791731,0.18492825877061736
2023-09-27,0.0058477687196417,0.1298723539823415,0.011952702093905447,0.18974326341428888
2023-09-28,0.0123395232396175,0.1375913816117454,0.01174357747273727,0.18642351297049933
2023-09-29,-0.0175664952502378,0.1446778411922967,0.012024521888313022,0.1908833673055743
2023-10-02,-0.0086568635089454,0.1467610121958734,0.013131174186258294,0.20845092791466235
2023-10-03,-0.0074002013222012,0.143965957302118,0.013039938034502136,0.2070025989059103
2023-10-04,0.0044745932170789,0.1451590635074123,0.012871874128413474,0.20433466710665002
2023-10-05,-0.003144107393557,0.1424233530735684,0.012490453997131265,0.198279810232212
2023-10-06,0.0152780749543203,0.1527841253500414,0.012179311020316975,0.19334056859920234
2023-10-09,-0.0022768837241898,0.1523371141530666,0.01269551915294531,0.20153511866130405
2023-10-10,0.0060602072394914,0.1465077653922012,0.012330427114455785,0.19573946222434663
2023-10-11,0.0034270081518113,0.1470713349689636,0.012078128778749316,0.1917343503094978
2023-10-12,-0.002329087229061,0.1282500112580927,0.011774264326320383,0.18691065166909918
2023-10-13,0.0149078694359211,0.1400748045506478,0.011533583757624874,0.18308996608805567
2023-10-16,-0.0010140274656288,0.1398155654021097,0.012130863578699075,0.19257148930613263
2023-10-17,-0.0021667013690105,0.1399230312556701,0.011811323939555312,0.18749895479092232
2023-10-18,-0.0110415516535445,0.1443648200579101,0.011560881308785551,0.18352330127868896
2023-10-19,-0.0042582481926836,0.1425928072919443,0.011941625493005497,0.18956742782616978
2023-10-20,-0.0162368263149266,0.1498658712553547,0.0117507639489161,0.18653759474313178
2023-10-23,-0.0137350283901524,0.1546995736297378,0.012728698715490774,0.20206182788793534
2023-10-24,0.0012049475179399,0.1516676185878894,0.013191165012437289,0.2094032527567519
2023-10-25,-0.0054693463043974,0.1498892078603015,0.012719723495942824,0.20191935069461883
2023-10-26,0.0025608208616736,0.1413617340868068,0.012480324817186656,0.19811901448550126
2023-10-27,-0.0366834402955228,0.1797068188054265,0.012108727575056393,0.19222009114217647
2023-10-30,0.0126690574450683,0.1871061121888775,0.016882860274528323,0.26800709823512164
2023-10-31,0.0118635650679419,0.1925023269039955,0.016422695538631953,0.26070220951530054
2023-11-01,-0.0008633094061369,0.1913090454248568,0.01596487278430879,0.2534344986003863
2023-11-02,0.0176920009113597,0.2029657914403196,0.015181649258410345,0.24100121057737164
2023-11-03,0.0111104440838126,0.1991667553059556,0.015437671731483223,0.24506544134013905
2023-11-06,0.0075240706077933,0.2011847241220229,0.015057302071106015,0.2390272601743459
2023-11-07,-0.0004859592584094,0.1998034611222437,0.014517281851648418,0.23045470495255796
2023-11-08,0.0049180994777483,0.2002682721161265,0.01389468426099065,0.22057127460206727
2023-11-09,-0.0029756777778753,0.2003600859047346,0.01339731378801013,0.21267576311622913
2023-11-10,0.0147223352580015,0.200171549938125,0.012962848074812324,0.20577883373439487
2023-11-13,-0.004448862613099,0.2006517174664537,0.013274683077564006,0.21072906093859142
2023-11-14,0.0180822002383299,0.2112870237884412,0.012911182257542593,0.2049586643117232
2023-11-15,0.0087196206101424,0.2088384607356691,0.013630054233804523,0.21637040315381875
2023-11-16,0.011355080670707,0.2106772604904089,0.013338309857923803,0.21173910476392593
2023-11-17,0.0090052207461744,0.2003774787218593,0.013273491278898465,0.21071014172130015
2023-11-20,0.0030707939585953,0.189996305302286,0.01304867442148,0.2071412847497142
2023-11-21,-0.0020897284428419,0.1910373009337589,0.01261254264746011,0.2002179074722539
2023-11-22,0.0023506377131239,0.1878792625429574,0.01225326211964358,0.19451450590719055
2023-11-24,0.0013686579514544,0.1880820034767441,0.011908450486500265,0.18904079092443504
2023-11-27,-0.0022821383751476,0.1133401989729114,0.011601409900768666,0.18416667273093854
2023-11-28,0.0022821383751477,0.1112918714159022,0.011383186880793393,0.18070248968371422
2023-11-29,0.0050672491977211,0.1087608746494421,0.011154021944646455,0.17706460910214944
2023-11-30,0.0113403277173822,0.1083542423664497,0.011026987919233573,0.1750480064664338
2023-12-01,0.0048574811092751,0.0988588483407265,0.01133845915923007,0.17999245911591166
2023-12-04,0.0073055624606267,0.0967283923711778,0.011177124283340344,0.17743134735947755
2023-12-05,-0.0001265983037518,0.0978696799383721,0.01115499579073876,0.1770800684296024
2023-12-06,-0.010563926673626,0.1105365191084499,0.010955302995233472,0.17391004357649278
2023-12-07,0.0030661154649792,0.1105497439498876,0.011398132086977424,0.18093973747684738
2023-12-08,0.0109734379498752,0.1099537426530659,0.011179156562927967,0.17746360879777795
2023-12-11,0.0036521670215068,0.1034006192811685,0.011430051167002684,0.18144643716379624
2023-12-12,0.0088856100549748,0.0994524341033093,0.01121947887585008,0.17810370567145098
2023-12-13,0.0033584209686827,0.0862611532738145,0.011294013837661408,0.1792869115090458
2023-12-14,0.0180284839879554,0.0983796085245065,0.01109555299976694,0.1761364433767202
2023-12-15,0.007532992307545,0.0957715599882198,0.01219643231723614,0.19361236076182836
2023-12-18,0.0060339288844684,0.0944290524820493,0.012036223303913178,0.19106912151956681
2023-12-19,0.0132665983051938,0.0995979948206504,0.01182350741930657,0.18769236153607366
2023-12-20,-0.0113434052128731,0.11255720982612,0.012183694367004883,0.19341015207068063
2023-12-21,0.0056877866254324,0.1124325240275805,0.012484338943324251,0.19818273676244919
2023-12-22,-0.0005971932097461,0.1133528119935693,0.012195615097247758,0.19359938779669425
2023-12-26,0.0058965595668426,0.1107207186423156,0.011861059069056186,0.18828847549541974
2023-12-27,0.0059800645957364,0.1104139637208302,0.011666897457260761,0.18520625546162278
2023-12-28,0.0052988054506885,0.1104212553356085,0.011503965655464942,0.18261979329233036
2023-12-29,-0.0011750882668266,0.1097141880021973,0.011335610626556867,0.17994724006158322
2024-01-02,0.0115729855576585,0.1127146291356975,0.01112677533642857,0.17663208260566224
2024-01-03,-0.0043679636145933,0.116598309799523,0.011442542342944402,0.18164472843454346
2024-01-04,0.0004668261740842,0.1163349068859104,0.011328608132581042,0.17983607891587966
2024-01-05,0.0050046659393121,0.1026601317544282,0.011100358420205453,0.17621272706127267
2024-01-08,-0.0014522643349442,0.1049355973059416,0.0109787451756424,0.17428217665379958
2024-01-09,-0.0079374760148947,0.1110766254643276,0.010826203406939405,0.17186065114657123
2024-01-10,0.0021072356193704,0.1112188188064703,0.011045104891233982,0.1753356044809694
2024-01-11,-0.0042189210591666,0.1126958462613391,0.010860954120414254,0.17241230162099028
2024-01-12,-0.0073670585147475,0.1184721159234259,0.010826483750336059,0.17186510146002668
2024-01-16,-0.0062900753317721,0.1068597368081593,0.010999227206396567,0.17460731881212618
2024-01-17,-0.0053718644160708,0.1065417468243092,0.011064952939875783,0.1756506824852661
2024-01-18,0.0019730358258581,0.1047341515530444,0.011061990015357917,0.1756036475166997
2024-01-19,0.0171146806188343,0.1116853053829743,0.01087412120247456,0.172621322568734
2024-01-22,-0.0011750192292529,0.1028039087636044,0.011895944575677032,0.1888422657446953
2024-01-23,-0.0066057450467592,0.1047040711758183,0.011610610768382452,0.18431273197625117
2024-01-24,0.0088957551488392,0.1087957666196696,0.011601701051543834,0.18417129460620923
2024-01-25,0.0142094168087127,0.1174953763011792,0.011616497435233268,0.18440617991548125
2024-01-26,-0.0038236533463743,0.1175062224900948,0.012117066340513613,0.1923524649400231
2024-01-29,0.0026086215192832,0.1165372226060922,0.011882634523576185,0.18863097521791836
2024-01-30,0.020287228726669,0.1353239536659614,0.011590124390451815,0.18398752080863748
2024-01-31,-0.0108947830616702,0.1372496748605925,0.012911486713307462,0.20496349739715755
2024-02-01,-0.0036197574643838,0.1369115524599903,0.01304505734897646,0.20708386550380345
2024-02-02,0.0057395554451388,0.1380691299411555,0.012678036119472942,0.20125758410891864
2024-02-05,-0.001317183708465,0.1374345081114603,0.012365376691834089,0.19629426956536544
2024-02-06,0.0034324976493241,0.1375404916003117,0.012020677728989399,0.19082234316815178
2024-02-07,0.0018828636492873,0.1335428068431339,0.011724590114248177,0.18612209799880233
2024-02-08,-0.0035976397196582,0.1346605094173514,0.011445031956751521,0.18168424982850886
2024-02-09,0.0012006519266309,0.1331911196957956,0.01129584581422255,0.17931599323537667
2024-02-12,0.0044469856637336,0.129469251953365,0.01107108559314818,0.17574803533788058
2024-02-13,-0.0087416640086589,0.131811202054768,0.010934057298288977,0.1735727785932205
2024-02-14,0.0101059982547401,0.132041376451449,0.011203788066691702,0.17785462179803632
2024-02-15,0.0215799326819984,0.1481536240721251,0.011375468591381516,0.18057996563773032
2024-02-16,-0.0046809781766977,0.1418226580409943,0.012956174288313114,0.20567289065811456
2024-02-20,0.0039023352007615,0.1412231373914776,0.012645302055273842,0.20073794694929117
2024-02-21,0.0064886676373062,0.1373118699208143,0.012277902966061205,0.19490566721748157
2024-02-22,0.0119242009616737,0.1393240197146053,0.01205224959069353,0.1913235309351305
2024-02-23,0.0050128149430787,0.1337090087133841,0.012240957172991613,0.1943191709347684
2024-02-26,-0.0034299747796272,0.1334458025981594,0.01195989517093458,0.1898574499721714
2024-02-27,0.000490717274916,0.1337640965448979,0.011731343823963238,0.18622930981680136
2024-02-28,0.0050566945691573,0.1176253565059169,0.011448322176765674,0.18173648045200566
2024-02-29,0.0090703569699642,0.1090740596212961,0.011278615022592014,0.17904246289809364
2024-03-01,-0.0041470370460894,0.1095294589944368,0.011357109449583673,0.18028852329684034
2024-03-04,0.0074737557872917,0.1102291031898392,0.011245101261053492,0.17851044842691816
2024-03-05,0.0099673026227513,0.111222934359726,0.011222495876988973,0.17815159907976325
2024-03-06,0.0051840996338426,0.1113049055324473,0.011379662575279082,0.18064654306810374
2024-03-07,-0.0087970890590012,0.1200594326041539,0.011224586454532533,0.17818478596942378
2024-03-08,0.0018612571514341,0.1173573990438811,0.011448887029457913,0.18174544721051197
2024-03-11,0.0003718360776951,0.117627929074532,0.011206487999953657,0.17789748190984195
2024-03-12,0.0081982846191711,0.118710778444591,0.01099560217658086,0.17454977324780085
2024-03-13,0.0080793682236086,0.1097333241909176,0.01105800571531349,0.1755403987143024
2024-03-14,-0.0179786047226126,0.1339459397028607,0.01110256501931301,0.17624775573616355
2024-03-15,0.0123193986735998,0.1205282672504139,0.012490121953971724,0.1982745392104639
2024-03-18,0.0123252030273736,0.1216062112519161,0.01264244343299006,0.20069256772736027
2024-03-19,0.0058481212086804,0.121851693870551,0.012770287402699197,0.20272202783017818
2024-03-20,0.0130218183724997,0.1259264630907819,0.01244967233255075,0.19763242137702425
2024-03-21,0.0138093699072597,0.1276474954268044,0.012675684316061718,0.20122025038716695
2024-03-22,-0.0123333548791392,0.140374701658705,0.012941893405645818,0.20544618867387363
2024-03-25,-0.0091968765959687,0.1454531102903756,0.013212778182989753,0.20974635120270457
2024-03-26,0.0046601031716228,0.1452400289967816,0.013151468110852787,0.2087730839802775
2024-03-27,0.0191783234172939,0.155846076715228,0.012739610157958953,0.20223504166723008
2024-03-28,0.0039017607400463,0.1546673918360132,0.013640045762747173,0.21652901375861608
2024-04-01,-0.0068129709475047,0.1567341077206399,0.013147009201572026,0.20870230098982456
2024-04-02,-0.0004022121723402,0.1566150186293426,0.01292572699306821,0.20518955483023912
2024-04-03,-0.0028200240261772,0.1558191507531323,0.012495022664615479,0.19835233558012907
2024-04-04,-0.0134536868693288,0.1653474048226747,0.01217238315447601,0.19323059213841265
2024-04-05,0.0091580390762367,0.1626502793475256,0.01270642700866313,0.201708275502702
2024-04-08,0.0052029516508871,0.1629121556108789,0.01257270354239622,0.19958548128552733
2024-04-09,-0.0067234790599092,0.166145119642148,0.012253887888138313,0.1945244396740827
2024-04-10,-0.0085579453587056,0.1688781581495093,0.012155615744384311,0.19296441775501302
2024-04-11,-0.000204655922945,0.1671233536155869,0.01220640694657924,0.1937707030937997
2024-04-12,-0.0668643061134728,0.2875995889005241,0.011865714243078244,0.1883623740920523
2024-04-15,0.0005469262879715,0.283154270756046,0.024671556615786662,0.39164881957333103
2024-04-16,-0.0114934312584081,0.2797903688743609,0.023003438273202413,0.36516826182191203
2024-04-17,-0.0039902513595993,0.2777534335848012,0.02186298402637872,0.34706411190945424
2024-04-18,0.0064760971363072,0.2734754046048008,0.020524085512680357,0.325809756921455
2024-04-19,0.024793532644954,0.2854766959108053,0.01933488464806775,0.30693177844144726
2024-04-22,0.019243151288912,0.294307021447801,0.019727223213504227,0.31315996008475583
2024-04-23,0.0143102953129421,0.298344102695976,0.019442776745945453,0.3086445123979279
2024-04-24,0.0048803378106997,0.2983975289040892,0.018775735897133397,0.2980555671962591
2024-04-25,0.0015008412702082,0.2892504579207287,0.01772636777708305,0.28139736471978355
2024-04-26,0.0006203794853369,0.2886617659646688,0.01674255777726355,0.2657798651386182
2024-04-29,-0.0010859168013872,0.2880392657060437,0.015863185460947064,0.2518202623857687
2024-04-30,-0.0079996270975995,0.288936176855224,0.015094276660952706,0.23961421359172363
2024-05-01,0.000625651740951,0.2890373410718387,0.014683470482741223,0.23309286768414486
2024-05-02,-0.0010429704741854,0.2856530421739247,0.014034029075995127,0.22278330496399615
2024-05-03,-0.0060182822882725,0.2835457553340051,0.013476003853196583,0.21392492917503803
2024-05-06,0.0077906854004379,0.2845391375900264,0.013162951390650667,0.2089553753957609
2024-05-07,-0.001302931780416,0.2839095356556425,0.012881762639202399,0.20449164234895567
2024-05-08,0.020134908409056,0.2924401910034905,0.012470280630571961,0.19795956796607483
2024-05-09,0.009411235684755,0.2943168150300126,0.0135646214213025,0.21533168945703554
2024-05-10,0.0064097930613311,0.1525955071622356,0.013325173439050058,0.2115305705791785
2024-05-13,-0.0002012578623146,0.1528553397383588,0.012954845600572085,0.20565179839411762
2024-05-14,0.0138918884066897,0.1447353559360511,0.012518354409943,0.19872271555486737
2024-05-15,0.0029730956937953,0.1407858286507102,0.012820370105876807,0.20351706609574108
2024-05-16,0.0017796237827466,0.1414590692492155,0.01241144153838615,0.19702552633432008
2024-05-17,0.011393336424796,0.1242088994868318,0.012040798853274597,0.19114175611389772
2024-05-20,-0.0460155609640918,0.2102357356305985,0.012183527699846802,0.19340750631156858
2024-05-21,0.0199449790475972,0.2156350391211534,0.019185672842301316,0.30456311445705014
2024-05-22,-0.0060830190339878,0.217121372993882,0.019050137149564175,0.3024115520365181
2024-05-23,-0.0070339080077387,0.2191398123817806,0.018071532808302412,0.2868766897230772
2024-05-24,0.0190635252814019,0.2284001864592609,0.017244111753277298,0.2737417876762664
2024-05-28,-0.0060468438414836,0.2299145353361269,0.01731367745127723,0.27484610889639705
2024-05-29,-0.0069918043436828,0.2293845941806683,0.016527664333395097,0.2623685374734933
2024-05-30,0.006139310748439,0.2298974636736863,0.015879134330906337,0.25207344284739713
2024-05-31,0.0164199131425634,0.235217872275701,0.015184424097090641,0.24104525977582997
2024-06-03,-0.004005444840855,0.2343257812067674,0.015302731828559514,0.24292333678968706
2024-06-04,-0.0132676892624007,0.2403226788670021,0.014669748176600012,0.23287503282736122
2024-06-05,-0.0095858662481345,0.2435322095552556,0.014749727936936885,0.2341446721619807
2024-06-06,-0.0017758839687686,0.2334043961319671,0.014495317600820372,0.2301060332800088
2024-06-07,0.0153205637357485,0.2373658139940563,0.013895553629585486,0.2205850754006648
2024-06-10,-0.0017018724700359,0.2364847292298022,0.014111029719953365,0.22400565229222813
2024-06-11,-0.026653353285089,0.2550109504567967,0.013555606346730625,0.21518857958482823
2024-06-12,-0.0146676552231325,0.2528661600578136,0.01577434939570266,0.25041003356922753
2024-06-13,0.0110595898688153,0.2568029478183551,0.015820670614376565,0.25114536011944705
2024-06-14,0.000619450773473,0.2566013020718007,0.01538616049077958,0.24424772574438167
2024-06-17,0.0061734942442673,0.2535868153839467,0.014656443419273042,0.23266382635251384
2024-06-18,0.0103067395368631,0.19797635168834,0.014108525551525346,0.22396589985081877
2024-06-20,0.0084414280419836,0.1867785936792365,0.013853546348071956,0.2199182304798327
2024-06-21,-0.0120010554975566,0.1903915937044553,0.013515374061911969,0.21454991186299172
2024-06-24,0.0130575264799855,0.1945710214665867,0.013656441886829209,0.21678929415933465
2024-06-25,-0.0040811241932283,0.1822292707795154,0.013688910627548243,0.21730471943929064
2024-06-26,-0.0032364124330352,0.1813989759487919,0.013256676910089485,0.21044322189137366
2024-06-27,0.00877464026304,0.1825696080791756,0.012848638511132602,0.20396581311734444
2024-06-28,0.0153952670748467,0.1893488606469722,0.012669355411215137,0.2011197821373943
2024-07-01,0.0156486968553943,0.1885192309769573,0.013107792341824773,0.20807975264127176
2024-07-02,0.0163178285192662,0.1954785364211509,0.013495397165871403,0.21423278846964974
2024-07-03,-0.0006706265819457,0.1876363033389691,0.013889255600548262,0.22048509728917065
2024-07-05,-0.0188648334185182,0.1980578346927387,0.013343346985680935,0.21181906668813053
2024-07-08,0.0018538399298934,0.1975894018915784,0.014347314941219956,0.22775656389593574
2024-07-09,0.0119187457437674,0.1949109902242795,0.013739422242785721,0.21810656647272192
2024-07-10,0.0008184291432453,0.1945008040459083,0.013660298833713645,0.21685052129299184
2024-07-11,-0.0016857318862502,0.1634047594952974,0.013131446617379042,0.20845525262463172
2024-07-12,-0.0121730934073049,0.1599790446924345,0.012696167320673675,0.20154540800500673
2024-07-15,0.0246283442438192,0.1751453453719761,0.012992906076615305,0.2062559897204642
2024-07-16,0.0168531380461582,0.1803162197203305,0.014665872892354366,0.23281351459711921
2024-07-17,0.015099360018766,0.1839171898696753,0.014916153492851504,0.23678659595851526
2024-07-18,-0.0322858075935203,0.2259412231860371,0.014943976423154108,0.23722827128446988
2024-07-19,-0.0009529255533373,0.2255058727659742,0.017823162241562558,0.2829339292075863
2024-07-22,0.0023806134177895,0.2187298353057208,0.016839842270790627,0.2673242085963913
2024-07-23,0.0002377499357386,0.2159696479748925,0.015955866024409807,0.2532915207195192
2024-07-24,-0.0083071231079498,0.2182639557756042,0.015163940337403321,0.24072009017154042
2024-07-25,0.000383453966257,0.2173592304980573,0.014763653526388275,0.23436573404127087
2024-07-26,0.0169636530841908,0.222249117977595,0.014105790584809597,0.2239224836001753
2024-07-29,-0.0065707296369153,0.2198988033624684,0.01446500176324358,0.2296247842779199
2024-07-30,0.0203743786138839,0.2243609029351734,0.014051563250471825,0.2230616513546571
2024-07-31,-0.0111686013389633,0.2228187357444303,0.014845674807895502,0.23566778151976855
2024-08-01,-0.0230070039519742,0.2385157361091162,0.014704571395045232,0.2334278342825028
2024-08-02,-0.0433376585555768,0.276710959737409,0.01602645712348466,0.25441211967707994
2024-08-05,-0.021521488446423,0.2853713444375902,0.02084407713011137,0.33088946636954164
2024-08-06,0.027529316670103,0.3008420979040955,0.020836684989335805,0.33077211977265053
2024-08-07,0.0002994460270916,0.3007881184875922,0.021315802050147385,0.3383778673234244
2024-08-08,0.0180986990364493,0.3089858263403617,0.019969155301273484,0.31700051291518044
2024-08-09,0.0084907551527901,0.3076222151208129,0.019543809714166683,0.3102483610467203
2024-08-12,0.0018932504016742,0.2939687466485995,0.018529607591446756,0.2941484014714959
2024-08-13,0.0084515027482005,0.2886942708304709,0.017463751552366395,0.27722846139467805
2024-08-14,0.0110001587464216,0.2859505773023083,0.016680251268160317,0.26479077996973177
2024-08-15,0.0062116418698307,0.2627866226238102,0.016131359057405162,0.2560773862523002
2024-08-16,0.011374441112783,0.2655902036565243,0.015409981718288873,0.24462587600786495
2024-08-19,0.0068930457829873,0.2663856469434658,0.015051890197511419,0.2389413493443966
2024-08-20,-0.0043258899471224,0.2670991687672935,0.014484580527917375,0.22993558753174823
2024-08-21,0.0003728560818736,0.2648612720506696,0.01396231197369052,0.22164483125930717
2024-08-22,0.0094149989346018,0.2663284976722363,0.013398535699829784,0.21269516036502226
2024-08-23,0.0077252418959048,0.261357688194146,0.013182648363291116,0.2092680551428857
2024-08-26,0.0039316133665227,0.2597581467408531,0.01289522644285221,0.2047053736059061
2024-08-27,0.0045977092486295,0.2507861001454694,0.012496365351699696,0.19837365007680957
2024-08-28,0.0050286648655174,0.2467958552267685,0.012167628437647354,0.19315511334871371
2024-08-29,0.004148822185533,0.2285124214183818,0.011897044809687446,0.18885973141814846
2024-08-30,0.0115882373262285,0.1491974732467221,0.011635378796986904,0.18470591224116745
2024-09-03,-0.0202208642112385,0.1460466113830508,0.011863764763040385,0.18833142705585595
2024-09-04,-0.0044128088349631,0.1266866766765411,0.013419014492346766,0.2130202511179272
2024-09-05,-0.0077810718473585,0.1333364902697736,0.013035119620451157,0.2069261089541545
2024-09-06,-0.0240426377741083,0.1566309018340382,0.012893906439012197,0.20468441919456412
2024-09-09,0.020267658611132,0.1682355331073008,0.014827454908096106,0.23537854957707824
2024-09-10,-0.0532834318389705,0.2602045794325986,0.015456538851959491,0.24536494759255564
2024-09-11,0.0080913254253673,0.2600497043406723,0.022814099568302857,0.3621626030615724
2024-09-12,-0.003044730863858,0.256806129365357,0.021443206471069252,0.34040034980556116
2024-09-13,-0.011097164401309,0.2578203423981955,0.02012452980116054,0.3194670066358735
2024-09-16,0.0171773838760465,0.2625150242374249,0.019288745188014638,0.30619933721988324
2024-09-17,0.0066649332093089,0.2624201187072352,0.018873785754011208,0.2996120604205641
2024-09-18,-0.0082538018360157,0.2633577943851315,0.01786358776231925,0.2835756644548412
2024-09-19,0.0141147291984682,0.2692143945140935,0.017123550319133672,0.2718279342415704
2024-09-20,0.0028939460859418,0.2668631303098484,0.016742883197148256,0.2657850310191378
2024-09-23,0.0016566874780546,0.265005393723254,0.01587492027698259,0.25200654681523527
2024-09-24,0.0007091695921638,0.2643595406511129,0.015091624502556633,0.2395721118824023
2024-09-25,-0.0066385563163089,0.2637837105318076,0.014395104369330239,0.22851519754840258
2024-09-26,-0.0019525210384308,0.262363788986502,0.013994564427018416,0.22215682308337115
2024-09-27,0.0034262905889782,0.2621271281371438,0.013458584261905143,0.2136484017360528
2024-09-30,0.0017087530263676,0.2572822971656988,0.012977868539790181,0.20601727622384267
2024-10-01,-0.0182823948362679,0.2556684365564574,0.012534888081776612,0.19898517945845032
2024-10-02,0.0012067676988842,0.2560647184939076,0.013631356671777084,0.21639107871565966
2024-10-03,-0.0099874775704035,0.256750206861206,0.013106095065524648,0.208052809215294
2024-10-04,0.028768942877312,0.2673776303995107,0.013126825844713226,0.20838190013259944
2024-10-07,-0.0013739194391486,0.2561035120953035,0.015492481895785835,0.24593552572451885
2024-10-08,-0.0008537279972147,0.1674274428736683,0.014769746606855911,0.2344624586950849
2024-10-09,0.0125894583064539,0.170597703042876,0.014122195186821672,0.22418289858386095
2024-10-10,-0.0027213454602502,0.1704879806430398,0.01404195977569912,0.22290920091883315
2024-10-11,0.0434421259746496,0.2198596611198143,0.013519733641975689,0.2146191180510074
2024-10-14,-0.0036505437480519,0.2159687318562499,0.018847158968056697,0.2991893732974726
2024-10-15,0.0041003053819717,0.2156103806011255,0.017808509979424306,0.28270133175701223
2024-10-16,0.0056050188217064,0.2115516997252393,0.016845030811417368,0.26740657412538554
2024-10-17,0.0034816800782755,0.2079709326358157,0.016023111243250954,0.25435900547498996
2024-10-18,0.004224199793854,0.2079980260123286,0.015243010003675115,0.24197528221076464
2024-10-21,-0.0105717245704555,0.2137091043715223,0.01456626952806226,0.23123236020714552
2024-10-22,0.005009851236965,0.2137332497034775,0.014415943834156413,0.22884601379671698
2024-10-23,-0.0031729743064199,0.2120342308940815,0.013857664524281464,0.21998360450046572
2024-10-24,0.0070028609740159,0.2116144935583036,0.01337176547549007,0.2122701962281565
2024-10-25,-0.0119387051507795,0.2185964499211453,0.013022276676752325,0.20672223354337985
2024-10-28,0.0142473547288329,0.2223193203372858,0.013239067549090145,0.21016368195166757
2024-10-29,-0.0115969185509098,0.2148292761398344,0.013454005666050671,0.21357571878014397
2024-10-30,0.0067514955436619,0.2148806017370963,0.013565901896406198,0.2153520163691419
2024-10-31,-0.0111577793689637,0.2159262715663788,0.013179284006049917,0.20921464762739495
2024-11-01,0.0045857203949559,0.1950531278129549,0.013293988098478305,0.21103551864495623
2024-11-04,-0.0142756309426994,0.2038070754734694,0.012861843827355635,0.2041754410136051
2024-11-05,0.0077503957204058,0.2044657186697386,0.013362575890446014,0.2121243160880858
2024-11-06,0.1092537803694838,0.4306381630764104,0.013052140254263354,0.20719630313949713
2024-11-07,-0.0441905425245731,0.4670775215038006,0.03698980837949334,0.5871950040964349
2024-11-08,0.0025350698044994,0.4447447268553212,0.0371699782559813,0.5900551122180291
2024-11-11,0.0097004561026307,0.4445422341225709,0.03438883995850897,0.545905910437293
2024-11-12,0.0011277019050372,0.4446467755210901,0.031968656640082686,0.507486691310835
2024-11-13,0.006656706224943,0.4447216188740006,0.029638375635216544,0.47049462716819396
2024-11-14,0.0029397781145508,0.4447304570321816,0.027575840367343476,0.4377528948336412
2024-11-15,0.0141223251062399,0.4462574425356655,0.025647065846653213,0.40713454853245573
2024-11-18,-0.0011420648139411,0.4433524781806854,0.02425768617345082,0.3850788299808054
2024-11-19,-0.0079489068873108,0.4456168868429161,0.02263825678177446,0.3593711853635798
2024-11-20,-0.0095480916338632,0.4475601422201081,0.021355902889279736,0.33901444840967965
2024-11-21,0.0163944850874593,0.4497036360484441,0.020288128837659417,0.3220640608277084
2024-11-22,0.0153658939463419,0.4471335518439703,0.01967467740712769,0.31232582126808583
2024-11-25,0.0069762130414111,0.4460073559009326,0.019058140095994925,0.30253859487258733
2024-11-26,-0.0012793349204223,0.4423377110155573,0.018038640425239165,0.2863545393293955
2024-11-27,-0.0007203457971165,0.4429038302549724,0.017036790415737607,0.2704506634726226
2024-11-29,-0.0002802746710104,0.4391917299197097,0.01613462118024728,0.25612917084701853
2024-12-02,-0.013993010141345,0.4448446842240503,0.015326457145276244,0.24329996451653932
2024-12-03,-0.0058240334048318,0.4409893782382317,0.015374961501536688,0.24406994730154982
2024-12-04,-0.0058170660939395,0.4426547487453636,0.014808358316132864,0.23507540057773654
2024-12-05,0.0085092969674692,0.2108620510139336,0.014311695229323624,0.22719111849923895
2024-12-06,0.0076292878781609,0.1341440573839306,0.013916734095530245,0.22092130487391862
2024-12-09,-0.014455531965834,0.1466718400628418,0.013526505405039477,0.2147266164570328
2024-12-10,-0.0039040878075501,0.144418445984662,0.013926626759489545,0.22107834604576007
2024-12-11,0.0027549925934911,0.1445917339985456,0.013457547267683851,0.21363193996312949
2024-12-12,-0.0082464492391649,0.1462825896126161,0.012965705062102423,0.2058241870016057
2024-12-13,-0.0066047968932171,0.1477211887024531,0.01286823783448402,0.2042769427300624
2024-12-16,-0.001501501783597,0.1373985138002764,0.01267339627859974,0.20118392891847822
2024-12-17,-0.0051052544244068,0.1381017176111151,0.01229249997936611,0.19513738762001603
2024-12-18,-0.0340954238682163,0.1795605916145725,0.012093663161399837,0.19198095098908297
2024-12-19,0.0111800529977592,0.1840741648491589,0.01628795731816026,0.25856330657451965
2024-12-20,0.0197218224801686,0.1887207245533187,0.0158008205307253,0.2508302498103766
2024-12-23,0.0033194005142089,0.1790516067084311,0.01618511732844995,0.25693077234888406
2024-12-24,0.0163099101196159,0.1881517011530008,0.01538434683721363,0.2442189348865821
2024-12-26,0.0034195110053331,0.1890019474671724,0.015459276690460644,0.2454084094313791
2024-12-27,-0.0081353301196687,0.1904829192023719,0.014741649679368458,0.23401643379866402
2024-12-30,-0.0077005104861481,0.1915386198301307,0.014386325839779526,0.2283758427119945
2024-12-31,0.0016282908634877,0.1866674779663236,0.014050654825065692,0.22304723054840142
