date,open,high,low,close,volume,log_return,vol_5,vol_20,vol_60,ma_5,ma_20,log_volume,vix,rf_rate,vix_change,rf_daily,fomc_day,fomc_window
2018-03-29,108.5,110.78,107.78,109.97,13274639,0.0180763741986234,0.3864133050936053,0.2712712676460729,0.2550769746278467,108.692,113.3955,16.40136593074888,19.97,0.0209,-2.900000000000002,8.293650793650792e-05,0,0
2018-04-02,109.96,110.73,106.08,107.85,18822525,-0.0194662284876777,0.3551599995231835,0.2785940858268382,0.258268326989527,108.86,113.122,16.750564848903167,23.62,0.0208,3.650000000000002,8.253968253968253e-05,0,0
2018-04-03,108.36,109.5,107.26,109.33,14050737,0.0136294586112281,0.2819443013221027,0.2772931731302187,0.2591285130218975,108.664,112.8355,16.4581854078843,21.1,0.0209,-2.52,8.293650793650792e-05,0,0
2018-04-04,107.1,111.21,107.02,110.99,15302608,0.0150692757174947,0.2495555940864403,0.2841156794750937,0.260574883675753,109.228,112.62700000000002,16.54353382935277,20.06,0.0207,-1.0400000000000027,8.214285714285714e-05,0,0
2018-04-05,111.63,112.83,111.39,111.88,16627035,0.0079867611698708,0.2424654352185838,0.286119946796964,0.2610306511918165,110.004,112.4845,16.626540543030224,18.94,0.0207,-1.1199999999999974,8.214285714285714e-05,0,0
2018-04-06,110.55,111.55,107.82,109.09,18906018,-0.0252536387240935,0.3053938942718069,0.2984154082287019,0.2661178619757314,109.828,112.202,16.754990842045718,21.49,0.0206,2.549999999999997,8.174603174603175e-05,0,0
2018-04-09,110.01,112.98,109.89,110.4,15974349,0.0119369042333295,0.2688901864265029,0.2810689606699123,0.2662998827746792,110.338,111.82,16.58649480622381,21.77,0.0208,0.2800000000000011,8.253968253968253e-05,0,0
2018-04-10,112.13,112.87,111.42,112.51,14003640,0.0189319727399856,0.2823162580409555,0.2919870457045668,0.268903418281176,110.974,111.5625,16.45482785378539,20.47,0.0209,-1.3000000000000007,8.293650793650792e-05,0,0
2018-04-11,111.66,111.81,110.52,110.62,14503294,-0.0169412020164486,0.3060959728587787,0.2946683197602264,0.2690380459945283,110.9,111.28100000000002,16.48988635400485,20.24,0.0209,-0.2300000000000004,8.293650793650792e-05,0,0
2018-04-12,111.56,114.39,111.5,113.37,16435523,0.0245559014629753,0.3544004693465289,0.3076635372844248,0.2737154953891224,111.198,111.202,16.61495558690453,18.49,0.0210999999999999,-1.75,8.373015873015872e-05,0,0
2018-04-13,115.02,115.15,109.05,110.3,39152760,-0.0274528797700505,0.3654785476676989,0.3215938718022874,0.2791596126991278,111.44,110.955,17.482981476000504,17.41,0.0212,-1.0799999999999983,8.412698412698413e-05,0,0
2018-04-16,110.94,111.47,109.79,110.21,16580538,-0.0008162895560062,0.3551555072507157,0.3213083664536926,0.2791001361294881,111.402,110.6935,16.623740155878387,16.56,0.0212,-0.8500000000000014,8.412698412698413e-05,0,0
2018-04-17,111.37,111.92,109.99,110.21,15501350,0.0,0.3133961301808107,0.320707769763571,0.2790775349484216,110.942,110.4775,16.556437674870963,15.25,0.0216,-1.3099999999999987,8.571428571428571e-05,0,0
2018-04-18,110.53,111.07,108.89,109.32,16081436,-0.0081082756435832,0.2964661128836456,0.3212417300338937,0.278371979200246,110.682,110.2115,16.593176121210362,15.6,0.0217,0.3499999999999996,8.611111111111112e-05,0,0
2018-04-19,109.53,111.87,109.5,111.72,17910955,0.0217163800171088,0.280476417133499,0.3323652102131885,0.28215047603811,110.352,110.0605,16.700923094781707,15.96,0.0220999999999999,0.3600000000000012,8.769841269841269e-05,0,0
2018-04-20,112.3,112.74,110.88,111.47,15584384,-0.0022402446754438,0.1811300118110573,0.2945538061652796,0.2808529353836514,110.586,110.1365,16.56177994521796,16.88,0.0222,0.9199999999999982,8.80952380952381e-05,0,0
2018-04-23,111.57,111.95,110.63,110.93,11285831,-0.0048561246509638,0.1874041625604275,0.2767639895680286,0.2809804394615823,110.73,110.3325,16.23905860309466,16.34,0.0225,-0.5399999999999991,8.928571428571429e-05,0,0
2018-04-24,111.75,112.9,109.59,110.41,16453112,-0.0046986622995226,0.1923643752731735,0.2559570022334064,0.2808111999715657,110.77,110.3375,16.61602519661481,18.02,0.0225,1.6799999999999995,8.928571428571429e-05,0,0
2018-04-25,110.27,110.53,108.6,109.99,13546110,-0.0038112568820204,0.1826151987082265,0.2458298516021873,0.2808758443558407,110.904,110.4285,16.421609979202387,17.84,0.0226,-0.1799999999999997,8.968253968253968e-05,0,0
2018-04-26,109.97,110.82,109.34,110.1,10299488,0.000999591159609,0.0385032991609834,0.2456653032477733,0.2803389047136748,110.58,110.5335,16.14760474322648,16.24,0.0225,-1.6000000000000014,8.928571428571429e-05,0,0
2018-04-27,109.55,110.16,109.13,109.4,9383967,-0.0063781537407533,0.0446134585719251,0.2382965011135878,0.2803264594624824,110.166,110.505,16.054513152685224,15.41,0.0224,-0.8299999999999983,8.88888888888889e-05,0,0
2018-04-30,109.75,110.3,108.75,108.78,13744860,-0.0056833959930661,0.0462629872602303,0.2283786188603054,0.2795007999907263,109.736,110.5515,16.436175494007603,15.93,0.0224,0.5199999999999996,8.88888888888889e-05,0,0
2018-05-01,108.45,108.97,107.54,108.78,10503353,0.0,0.0528076122429293,0.2229910812621473,0.2759867415494265,109.41,110.524,16.16720509748505,15.49,0.0226,-0.4399999999999995,8.968253968253968e-05,0,0
2018-05-02,108.11,109.49,107.73,107.92,12162086,-0.0079372820953142,0.0638873683631646,0.2168959791550518,0.2574730184508513,108.996,110.3705,16.313833965842583,15.97,0.0224,0.4800000000000004,8.88888888888889e-05,0,0
2018-05-03,107.59,107.77,105.18,107.24,15379091,-0.0063208985317419,0.0485344738328464,0.2146152398093669,0.2499822333023302,108.424,110.1385,16.548519417564318,15.9,0.0224,-0.0700000000000002,8.88888888888889e-05,0,0
2018-05-04,106.43,108.74,105.98,108.43,11967906,0.0110354901163322,0.1232636783902672,0.2009521779830996,0.2506831914892981,108.23,110.1055,16.297739124887475,14.77,0.0224,-1.1300000000000008,8.88888888888889e-05,0,0
2018-05-07,108.76,109.68,108.36,109.37,9356721,0.0086318258630438,0.1359549694346367,0.198610891278624,0.2335138217083009,108.348,110.054,16.05160546656439,14.75,0.0225,-0.0199999999999995,8.928571428571429e-05,0,0
2018-05-08,109.53,111.34,109.28,110.99,12543228,0.0147034778167535,0.1654557628234079,0.1936374849816771,0.2319086558734591,108.79,109.978,16.34469147631111,14.71,0.0226,-0.0399999999999991,8.968253968253968e-05,0,0
2018-05-09,111.44,113.64,111.03,113.41,11368094,0.0215694636633509,0.1636811269885169,0.1989238794859145,0.2339967530828428,109.888,110.1175,16.24632121754966,13.42,0.0227,-1.290000000000001,9.007936507936508e-05,0,0
2018-05-10,113.19,114.44,112.75,114.29,9159709,0.0077295070822676,0.089343296711061,0.1809244873094053,0.2341885963130548,111.298,110.1635,16.03032496758673,13.23,0.0227,-0.1899999999999995,9.007936507936508e-05,0,0
2018-05-11,114.49,114.73,113.67,113.86,10253045,-0.0037694543865707,0.1489884890720764,0.1493330425591539,0.2295305123746618,112.384,110.34150000000002,16.143085292601924,12.65,0.0227999999999999,-0.5800000000000001,9.047619047619046e-05,0,0
2018-05-14,114.11,114.7,113.74,113.9,8710654,0.0003512469302006,0.1638414059042551,0.1491410823708562,0.2293559147977221,113.29,110.526,15.980057432117787,12.93,0.0227999999999999,0.2799999999999993,9.047619047619046e-05,0,0
2018-05-15,113.91,113.91,112.57,113.03,11536212,-0.0076676002504967,0.1830337357473613,0.1527048217848353,0.2294170814567561,113.698,110.667,16.261001515591822,14.63,0.0231,1.700000000000001,9.166666666666668e-05,0,0
2018-05-16,112.89,113.69,112.63,113.34,7571089,0.0027388805388333,0.0940136683153909,0.1486767054726958,0.2294964484109291,113.684,110.868,15.83984747239873,13.42,0.0232,-1.2100000000000009,9.206349206349206e-05,0,0
2018-05-17,113.2,113.41,112.2,112.96,8617204,-0.0033583769965413,0.063746372751242,0.129551077771603,0.2294022425018458,113.418,110.93000000000002,15.969271228074204,13.43,0.0232,0.0099999999999997,9.206349206349206e-05,0,0
2018-05-18,112.75,112.8,110.84,111.13,11806349,-0.0163330865473768,0.1194995934871114,0.1425823842680713,0.2317223026834432,112.872,110.91299999999998,16.284147995585894,13.42,0.0232,-0.0099999999999997,9.206349206349206e-05,0,0
2018-05-21,112.05,112.54,111.92,112.15,9441931,0.0091365737686622,0.1546992009240786,0.1450895709126537,0.2286290656054958,112.522,110.974,16.06067107228789,13.08,0.0235,-0.3399999999999998,9.325396825396824e-05,0,0
2018-05-22,112.35,114.29,112.29,113.01,11507550,0.007639049405842,0.1640873771225134,0.1457813777232765,0.2276733835834343,112.518,111.104,16.25851389965649,13.22,0.0233999999999999,0.1400000000000005,9.285714285714285e-05,0,0
2018-05-23,112.51,112.77,111.12,112.49,11453916,-0.0046119815673249,0.1645554160834203,0.1461709952895902,0.2266382269030641,112.348,111.229,16.253842238226493,12.58,0.0229,-0.6400000000000006,9.087301587301588e-05,0,0
2018-05-24,112.14,112.15,110.12,111.23,14084769,-0.0112641992007965,0.179092813643846,0.152647945737807,0.2254852102857532,112.002,111.2855,16.460604558732136,12.53,0.0227999999999999,-0.0500000000000007,9.047619047619046e-05,0,0
2018-05-25,110.46,111.08,110.2,110.66,8283548,-0.0051376921339742,0.1403767799344707,0.1519674683580699,0.2227485576302284,111.908,111.3485,15.92978193699596,13.22,0.0227,0.6900000000000013,9.007936507936508e-05,0,0
2018-05-29,109.18,109.2,104.96,105.93,30643840,-0.0436839388615588,0.3063872093087763,0.2181631099332574,0.239756792780154,110.664,111.20600000000002,17.23794222135473,17.02,0.0217,3.799999999999999,8.611111111111112e-05,0,0
2018-05-30,107.64,108.6,106.65,108.35,17490845,0.0225882293739631,0.3755268823902842,0.2341354337839866,0.2423583325554287,109.732,111.1845,16.677188159149633,14.94,0.0223,-2.08,8.849206349206349e-05,0,0
2018-05-31,107.95,108.19,106.42,107.01,19808203,-0.0124444399434581,0.3746363074211404,0.236644574142867,0.2434528355629407,108.636,111.13899999999998,16.801606702798438,15.43,0.0223,0.4900000000000002,8.849206349206349e-05,0,0
2018-06-01,108.34,108.94,107.8,108.4,13594185,0.0129058009666358,0.4073207141883112,0.2401054766450787,0.2451023302585156,108.07,111.197,16.425152685741242,13.46,0.0227999999999999,-1.9699999999999989,9.047619047619046e-05,0,0
2018-06-04,108.99,109.26,108.27,108.45,9415437,0.0004611482673376,0.4092698939105213,0.2368860164177283,0.2451102611072606,107.628,111.198,16.057861134290977,12.74,0.023,-0.7200000000000006,9.126984126984126e-05,0,0
2018-06-05,108.24,108.31,107.07,107.84,10415231,-0.0056405901088864,0.2244731139068258,0.2354084889920559,0.2375410744781526,108.01,111.1215,16.158779811979976,12.4,0.0232,-0.3399999999999998,9.206349206349206e-05,0,0
2018-06-06,108.66,110.74,108.48,110.36,15453563,0.0230991021850884,0.2272119634980972,0.244410919702185,0.2427955956773197,108.412,111.09,16.553350149607233,11.64,0.0232,-0.7599999999999998,9.206349206349206e-05,0,0
2018-06-07,111.18,111.5,110.03,110.8,13444427,0.003979024964098,0.1784945860738172,0.2311668476042852,0.2419182446549529,109.17,110.9595,16.414075228703293,12.13,0.0231,0.4900000000000002,9.166666666666668e-05,0,0
2018-06-08,110.62,111.14,110.06,111.11,10383168,0.0027939272827339,0.1715789561205702,0.2293047449996941,0.2410384969013242,109.71200000000002,110.8005,16.155696591449402,12.18,0.023,0.0499999999999989,9.126984126984126e-05,0,0
2018-06-11,111.12,111.91,110.77,110.83,12642897,-0.0025232058083556,0.1776846645756799,0.2291773684592171,0.2409842920800367,110.188,110.649,16.352606113460247,12.35,0.0232,0.1699999999999999,9.206349206349206e-05,0,0
2018-06-12,111.14,111.53,109.52,110.19,15294082,-0.005791347287876,0.1782206559980403,0.2296099037229507,0.2411597061907296,110.658,110.4635,16.54297651415164,12.34,0.0231,-0.0099999999999997,9.166666666666668e-05,0,0
2018-06-13,110.46,111.45,109.58,109.97,14979749,-0.0019985471768425,0.0640082330186476,0.2285204368660553,0.2407161299649922,110.58,110.3105,16.522209780238736,12.94,0.0235,0.5999999999999996,9.325396825396824e-05,0,1
2018-06-14,110.28,110.36,107.78,108.03,20487343,-0.0177986349939494,0.1230401397441708,0.2351519496080794,0.2432279496953154,110.026,110.045,16.835317838795586,12.12,0.0235,-0.8200000000000003,9.325396825396824e-05,1,1
2018-06-15,107.8,108.38,106.27,107.9,26028572,-0.0012040940648045,0.1094817927776185,0.235159734018009,0.2431972883048687,109.384,109.792,17.074705415688715,11.98,0.0235,-0.1399999999999988,9.325396825396824e-05,0,1
2018-06-18,107.26,108.4,106.69,108.18,9786825,0.0025916341791919,0.1243274326482422,0.2297036795233419,0.2272816750228248,108.854,109.64450000000002,16.096547651385723,12.31,0.0235,0.33,9.325396825396824e-05,0,0
2018-06-19,106.9,107.88,106.6,107.55,12707154,-0.0058406507295419,0.1243516858958087,0.226772714721382,0.2206400093485184,108.326,109.4145,16.357675699917554,13.35,0.0233999999999999,1.0399999999999991,9.285714285714285e-05,0,0
2018-06-20,108.18,108.64,107.44,107.54,8876903,-9.29843322069454e-05,0.1277928137341556,0.2240153142088549,0.211418410669595,107.84,109.141,15.99896329287574,12.79,0.0236,-0.5600000000000005,9.365079365079364e-05,0,0
2018-06-21,107.1,108.21,106.53,107.51,11048735,-0.0002790048843953,0.0487413207536336,0.2239965486053909,0.2076107406964014,107.73600000000002,108.892,16.217826499736734,14.64,0.0233999999999999,1.8500000000000012,9.285714285714285e-05,0,0
2018-06-22,108.16,108.37,105.51,105.75,19938788,-0.0165060485707494,0.1209868289601303,0.2275348563304957,0.2103008560221843,107.306,108.618,16.808177538303603,13.77,0.0233,-0.870000000000001,9.246031746031748e-05,0,0
2018-06-25,105.66,105.7,103.96,104.79,16907607,-0.009119470439537,0.108563645305301,0.2285775972884351,0.2074894240295743,106.628,108.3245,16.643274196963624,17.33,0.0233999999999999,3.5599999999999987,9.285714285714285e-05,0,0
2018-06-26,104.71,105.21,103.11,104.86,17086772,0.0006677796575364,0.1198046306183671,0.1698393810174858,0.2038252157421106,106.09,108.271,16.65381515486389,15.92,0.0233,-1.4099999999999984,9.246031746031748e-05,0,0
2018-06-27,104.68,105.92,103.23,103.24,16270587,-0.0155697522939736,0.1293361606071474,0.1543178901421637,0.2039831602975392,105.23000000000002,108.0155,16.604869557216805,17.91,0.0233,1.99,9.246031746031748e-05,0,0
2018-06-28,103.68,105.46,103.51,104.93,14491252,0.0162370863194065,0.2165162575189386,0.1629386136756516,0.2043886399012192,104.71399999999998,107.91150000000002,16.489055714981056,16.85,0.0233,-1.0599999999999987,9.246031746031748e-05,0,0
2018-06-29,106.68,106.9,104.15,104.2,18972393,-0.0069813318505531,0.193578658027829,0.1555837314602458,0.2038990860180815,104.404,107.7015,16.75849548050257,16.09,0.0233,-0.7600000000000016,9.246031746031748e-05,0,0
2018-07-02,103.72,105.09,103.38,105.08,11130044,0.0084098354980724,0.1983428916785075,0.1597379561700176,0.1985274561945157,104.46200000000002,107.53300000000002,16.22515867652334,15.6,0.0233999999999999,-0.4900000000000002,9.285714285714285e-05,0,0
2018-07-03,105.41,105.78,103.52,103.61,8311680,-0.0140881145536787,0.2238300707299375,0.1653046572089606,0.1986587355799326,104.21200000000002,107.3215,15.933172312463808,16.14,0.0233,0.5400000000000009,9.246031746031748e-05,0,0
2018-07-05,104.13,104.38,103.53,103.72,10723412,0.0010611104068031,0.1908913582372561,0.137011225692065,0.1943064241506381,104.308,106.9895,16.187939946547544,14.97,0.0232,-1.17,9.206349206349206e-05,0,0
2018-07-06,103.12,104.5,102.2,104.06,12173700,0.0032726951916938,0.1410760604582452,0.1365491770413367,0.1917808830432602,104.134,106.6525,16.314788445051246,13.37,0.0233999999999999,-1.6000000000000014,9.285714285714285e-05,0,0
2018-07-09,104.71,107.46,104.71,107.28,13900793,0.0304745831112657,0.255971744879226,0.1807086398950691,0.19549958352894,104.75,106.46099999999998,16.44745644683332,12.69,0.0233999999999999,-0.6799999999999997,9.285714285714285e-05,0,0
2018-07-10,108.02,108.4,106.53,106.62,14575873,-0.0061711275788081,0.2673757924995749,0.1813773008987937,0.1878796870383798,105.058,106.25050000000002,16.49487818549112,12.64,0.0236,-0.0499999999999989,9.365079365079364e-05,0,0
2018-07-11,106.31,107.06,106.21,106.39,10186482,-0.0021595238663403,0.2304633242661296,0.1808107627282097,0.1879075088825118,105.614,106.0605,16.136572105157914,13.63,0.0236,0.9900000000000002,9.365079365079364e-05,0,0
2018-07-12,107.42,107.56,105.97,106.85,12456754,0.0043143942368819,0.2278398914501022,0.1820819949395127,0.18817300309636,106.24,105.9045,16.33777352374035,12.58,0.0239,-1.0500000000000007,9.484126984126983e-05,0,0
2018-07-13,107.3,107.8,105.14,106.36,21303844,-0.0045964153903375,0.2401723043452462,0.1721069355622181,0.187704858278497,106.7,105.821,16.874398083880564,12.18,0.0237,-0.4000000000000003,9.404761904761906e-05,0,0
2018-07-16,107.05,110.77,106.98,110.58,24662621,0.0389096745349677,0.2983466362860143,0.2223584428954001,0.1993273299035243,107.36,105.955,17.020799335535134,12.83,0.0239,0.6500000000000004,9.484126984126983e-05,0,0
2018-07-17,110.69,110.93,109.75,110.5,14821876,-0.0007237199519794,0.2865511978497354,0.2223999429363727,0.1992843108839856,108.136,106.071,16.51161475551593,12.06,0.0239,-0.7699999999999996,9.484126984126983e-05,0,0
2018-07-18,110.42,112.12,110.2,111.53,14244944,0.009278092048638,0.2743905196485524,0.2226520770822529,0.1999613876265473,109.16400000000002,106.27,16.471912594702488,12.1,0.0243,0.0399999999999991,9.642857142857145e-05,0,0
2018-07-19,111.06,111.09,109.73,109.89,16775305,-0.0148137475476128,0.3256924857800073,0.2303262030755511,0.2020595064958501,109.772,106.3875,16.635418422474913,12.87,0.024,0.7699999999999996,9.523809523809524e-05,0,0
2018-07-20,110.0,111.74,109.78,111.28,13582631,0.0125696821563547,0.3144038579251679,0.233809326619366,0.2035503492353248,110.756,106.576,16.424302402124788,12.86,0.0241,-0.0099999999999997,9.563492063492065e-05,0,0
2018-07-23,111.06,114.24,110.93,113.35,18140010,0.0184308293383504,0.2071792804657975,0.2305476191125985,0.2069512322498558,111.31,106.956,16.713630553919028,12.62,0.0242,-0.2400000000000002,9.603174603174604e-05,0,0
2018-07-24,113.55,114.78,113.42,114.15,14000419,0.0070329960222667,0.2010278512300678,0.2259322119933738,0.20687670929044,112.04,107.424,16.45459781570311,12.41,0.0242,-0.209999999999999,9.603174603174604e-05,0,0
2018-07-25,113.88,115.52,113.38,115.18,13331966,0.0089827491027217,0.2007814620954472,0.2260979368218453,0.2071245777304449,112.77,107.94,16.40567516815149,12.29,0.0242,-0.120000000000001,9.603174603174604e-05,0,0
2018-07-26,115.42,115.59,114.58,114.85,11897769,-0.0028691929434191,0.1245630097907348,0.2152348478545582,0.2072643706482047,113.762,108.5205,16.29186146151378,12.14,0.0241,-0.1499999999999985,9.563492063492065e-05,0,0
2018-07-27,115.18,116.3,114.81,116.03,12805930,0.0102218492243468,0.1211911375342557,0.2122294847990397,0.2072965380833794,114.71200000000002,109.0755,16.36541890285822,13.03,0.0243,0.8899999999999988,9.642857142857145e-05,0,0
2018-07-30,116.28,117.61,116.06,116.73,13411618,0.0060147973051178,0.0818632985176204,0.2074354763935764,0.2069242318410201,115.388,109.702,16.411631904206182,14.26,0.0243,1.2300000000000004,9.642857142857145e-05,0,0
2018-07-31,117.08,117.08,114.82,114.95,15843763,-0.0153663244553813,0.1694850093740431,0.2200661444336361,0.2087465584565246,115.548,110.1955,16.578286479268215,12.83,0.0243999999999999,-1.4299999999999995,9.682539682539682e-05,0,0
2018-08-01,115.75,116.69,115.28,115.66,13531590,0.0061576015208814,0.1625640354254309,0.2088470814733351,0.2084201682869057,115.644,110.798,16.420537509872144,13.15,0.0245,0.3200000000000003,9.722222222222224e-05,0,0
2018-08-02,114.57,116.25,114.33,116.15,11058108,0.0042276064863459,0.1601751289531653,0.2082558642204261,0.2065611173067303,115.904,111.4195,16.218674472517076,12.19,0.0245,-0.9600000000000009,9.722222222222224e-05,0,0
2018-08-03,116.0,117.13,115.94,117.09,11016102,0.008060410644215,0.154015483771842,0.2082215539745851,0.2025642366587236,116.116,112.071,16.21486857860702,11.64,0.0243,-0.5499999999999989,9.642857142857145e-05,0,0
2018-08-06,116.79,117.53,116.18,117.12,9857351,0.0002561803523681,0.1494910527586514,0.1875163197848227,0.2020083370786767,116.194,112.56300000000002,16.103728029225312,11.27,0.0243999999999999,-0.370000000000001,9.682539682539682e-05,0,0
2018-08-07,117.74,118.29,117.33,117.55,10562067,0.0036647247730769,0.0464193599450557,0.1833750676780239,0.2019262723704867,116.714,113.1095,16.172779555724446,10.93,0.0245,-0.3399999999999998,9.722222222222224e-05,0,0
2018-08-08,117.33,118.27,117.28,117.79,8997220,0.0020396029846147,0.0462115608504328,0.1818365031753813,0.2019494764971062,117.14,113.6795,16.012426198695607,10.85,0.0243999999999999,-0.08,9.682539682539682e-05,0,0
2018-08-09,117.51,117.72,116.7,116.88,9694541,-0.0077556105282492,0.0921968380229519,0.1874789094508511,0.2019648707503256,117.28600000000002,114.181,16.087073501546378,11.27,0.0243999999999999,0.4199999999999999,9.682539682539682e-05,0,0
2018-08-10,115.5,115.95,114.68,115.73,12630949,-0.0098878755824575,0.0966511819554424,0.1917706518902138,0.2030375010084435,117.01399999999998,114.6495,16.3516606300629,13.16,0.0242,1.8900000000000008,9.603174603174604e-05,0,0
2018-08-13,115.56,115.88,113.82,113.89,10340337,-0.0160268215737266,0.1318515182542464,0.1557345600065142,0.2056680806557572,116.368,114.815,16.151563018389663,14.78,0.0242,1.6199999999999992,9.603174603174604e-05,0,0
2018-08-14,114.27,115.04,113.65,114.65,10597611,0.0066509390176538,0.1460057417440218,0.1565517577876729,0.2031857184574504,115.788,115.0225,16.176139156322513,13.31,0.0243999999999999,-1.4699999999999989,9.682539682539682e-05,0,0
2018-08-15,113.82,114.33,112.97,113.7,10152082,-0.008320608547423,0.1324507014241111,0.1579244643140508,0.2031733376088971,114.97,115.131,16.1331893655699,14.64,0.0245,1.33,9.722222222222224e-05,0,0
2018-08-16,114.35,115.31,114.3,114.77,10118820,0.0093667249360866,0.175600985326399,0.1489546220063243,0.2034731082505764,114.548,115.375,16.12990761423468,13.45,0.0245,-1.1900000000000013,9.722222222222224e-05,0,0
2018-08-17,114.64,115.07,114.3,114.77,8505111,0.0,0.1672831696947934,0.1439150438129441,0.2032210485769886,114.356,115.5495,15.956177834873316,12.64,0.0243999999999999,-0.8099999999999987,9.682539682539682e-05,0,0
2018-08-20,114.59,115.05,114.11,114.62,8618739,-0.0013078165689854,0.1107663514268417,0.1295332318861749,0.2018134340571646,114.502,115.613,15.96944934423577,12.49,0.0243,-0.1500000000000003,9.642857142857145e-05,0,0
2018-08-21,115.37,116.39,114.88,115.32,10976680,0.0060885636466098,0.1091072451781528,0.1289490617087743,0.2017852806574982,114.636,115.6715,16.211283580381544,12.86,0.0245,0.3699999999999992,9.722222222222224e-05,0,0
2018-08-22,115.31,115.41,114.78,114.97,8314901,-0.0030396480045525,0.0836540011469113,0.1254868768696838,0.1795823721303481,114.89,115.661,15.93355976434466,12.25,0.0243,-0.6099999999999994,9.642857142857145e-05,0,0
2018-08-23,114.96,115.15,114.43,114.73,9265593,-0.0020896829545971,0.0574357399338567,0.1252883529238299,0.1741653670813479,114.882,115.655,16.04181841997073,12.41,0.0243,0.1600000000000001,9.642857142857145e-05,0,0
2018-08-24,114.98,115.22,114.45,114.68,8845718,-0.0004359007958825,0.0574857513768474,0.1192634514905968,0.1719443172063131,114.864,115.5875,15.995444058086983,11.99,0.0243999999999999,-0.4199999999999999,9.682539682539682e-05,0,0
2018-08-27,115.22,117.28,115.17,116.71,13768021,0.017546584409093,0.135967059851823,0.1338590450093147,0.1735545858764902,115.282,115.58650000000004,16.43785914214835,12.16,0.0247,0.1699999999999999,9.801587301587304e-05,0,0
2018-08-28,117.0,117.03,115.97,116.14,8302618,-0.0048958654803584,0.1454072733330904,0.1226135533819495,0.1740027499551662,115.446,115.646,15.93208144471861,12.5,0.0247,0.3399999999999998,9.801587301587304e-05,0,0
2018-08-29,116.35,116.37,115.36,115.76,7221744,-0.0032772776206753,0.1458751589895131,0.1214228041147168,0.1736763956830244,115.604,115.651,15.79260703294674,12.25,0.0248,-0.25,9.84126984126984e-05,0,0
2018-08-30,115.59,116.04,114.98,115.19,8991802,-0.0049361433848134,0.1514219115401837,0.1215912363629782,0.167974745353658,115.696,115.603,16.011823831300223,13.53,0.0247,1.2799999999999994,9.801587301587304e-05,0,0
2018-08-31,114.83,114.84,113.82,114.58,13065719,-0.0053096699579832,0.1577495167166613,0.1184521881112248,0.1682819436100057,115.676,115.4775,16.385502487952277,12.86,0.0246,-0.6699999999999999,9.761904761904762e-05,0,0
2018-09-04,114.34,115.24,113.63,115.15,10174177,0.0049623572862625,0.0690482388873263,0.1203213482613871,0.1684635214882757,115.364,115.379,16.13536340150072,13.16,0.0249,0.3000000000000007,9.88095238095238e-05,0,0
2018-09-05,115.0,115.7,114.25,114.59,11462446,-0.0048750858283373,0.0690065868938131,0.1198908637876574,0.1687182308889442,115.054,115.231,16.254586684521584,13.91,0.0249,0.75,9.88095238095238e-05,0,0
2018-09-06,114.5,114.7,113.5,114.1,9877635,-0.0042852835703269,0.0699147257059257,0.1196734484077598,0.1685043217380866,114.722,115.0465,16.105783668600253,14.65,0.025,0.7400000000000002,9.92063492063492e-05,0,0
2018-09-07,114.5,114.77,113.63,114.32,10955590,0.0019262767535819,0.0741029707777795,0.117981881392559,0.1684396446751497,114.548,114.91850000000002,16.20936038624793,14.88,0.0253,0.2300000000000004,0.0001003968253968,0,0
2018-09-10,114.85,114.97,113.66,113.71,8276789,-0.0053501859849804,0.0742340779968274,0.1145524581896828,0.164503229809269,114.374,114.81750000000002,15.92896564921446,14.16,0.0254,-0.7200000000000006,0.0001007936507936,0,0
2018-09-11,113.54,114.58,113.18,114.43,9333781,0.0063119346929921,0.0818873871798183,0.1021503615625773,0.1648224244654044,114.23,114.8445,16.049150742606834,13.22,0.0255,-0.9399999999999996,0.0001011904761904,0,0
2018-09-12,114.25,114.88,112.85,113.08,10800758,-0.0118677495042338,0.111175571943782,0.1077255175845961,0.166869382783436,113.928,114.766,16.19512687481677,13.14,0.0256,-0.08,0.0001015873015873,0,0
2018-09-13,113.37,114.13,112.67,113.52,12470769,0.0038835000263976,0.1185035740760674,0.1049332681817054,0.1664212784653748,113.81199999999998,114.757,16.338897983758034,12.37,0.0255,-0.7700000000000014,0.0001011904761904,0,0
2018-09-14,113.81,114.49,113.23,113.5,10337948,-0.0001761959303297,0.1161274390031686,0.0988296868652598,0.1664234872839049,113.648,114.6935,16.151331954739014,12.07,0.0256,-0.2999999999999989,0.0001015873015873,0,0
2018-09-17,113.79,114.43,113.3,113.84,9561297,0.0029911168601395,0.1135005902848984,0.0996201798388323,0.1664595553445073,113.674,114.647,16.073233945281384,13.68,0.0256999999999999,1.6099999999999994,0.0001019841269841,0,0
2018-09-18,114.33,114.66,113.56,114.3,7944210,0.004032617019168,0.1067572318558295,0.1007764681063434,0.162533807299085,113.648,114.631,15.887953919403063,12.79,0.0258,-0.8900000000000006,0.0001023809523809,0,0
2018-09-19,114.44,118.06,114.44,117.62,16052776,0.028632518231045,0.1861864896840693,0.1424225998358805,0.1704238561252443,114.556,114.746,16.591392352086086,11.75,0.0258,-1.0399999999999991,0.0001023809523809,0,0
2018-09-20,118.5,119.24,118.08,118.63,15589976,0.0085503166412019,0.1828041244426288,0.1440091854429362,0.1709403366407816,115.578,114.929,16.56213870158441,11.8,0.0258,0.0500000000000007,0.0001023809523809,0,0
2018-09-21,119.13,119.23,117.74,117.85,24788247,-0.0065967762908717,0.2067888419215598,0.1463959362426135,0.1679514994218817,116.448,115.085,17.02588018751344,11.68,0.0258,-0.120000000000001,0.0001023809523809,0,0
2018-09-24,117.76,118.46,116.43,116.72,12492474,-0.0096347251676099,0.2408399910137423,0.1514320972607647,0.1670868081891926,117.024,115.18699999999998,16.340636940949583,12.2,0.026,0.5199999999999996,0.0001031746031746,0,0
2018-09-25,117.04,117.97,116.32,116.39,9308310,-0.0028312832606452,0.2474111342200945,0.1384040403067921,0.1663728458534055,117.442,115.17099999999998,16.046418107533874,12.42,0.0259,0.2200000000000006,0.0001027777777777,0,0
2018-09-26,116.75,116.87,114.66,115.02,14023640,-0.0118405946682768,0.1274262442179567,0.1436662261301082,0.168126265780483,116.922,115.11499999999998,16.4562550349742,12.89,0.0258,0.4700000000000006,0.0001023809523809,0,1
2018-09-27,115.42,115.76,114.16,114.52,13282987,-0.0043565460556938,0.0588044240688044,0.1439951918038771,0.1654322001343848,116.1,115.053,16.401994601419588,12.41,0.0258,-0.4800000000000004,0.0001023809523809,1,1
2018-09-28,113.65,114.24,112.52,112.84,15815120,-0.0147785940961187,0.0797656906868777,0.1519979767015177,0.1688306098244144,115.098,114.9355,16.576477002426266,12.12,0.0259,-0.2900000000000009,0.0001027777777777,0,1
2018-10-01,113.37,114.61,113.04,113.5,10147110,0.0058319507876617,0.1287433735238328,0.1529798451773192,0.1690329094245767,114.454,114.8815,16.132699493845013,12.0,0.026,-0.1199999999999992,0.0001031746031746,0,0
2018-10-02,113.36,114.12,112.81,113.97,13753074,0.0041324189461866,0.1464372936135245,0.1526166435373927,0.1579705093504496,113.97,114.8225,16.436772920726593,12.05,0.0260999999999999,0.0500000000000007,0.0001035714285714,0,0
2018-10-03,114.94,115.66,114.48,115.04,17141962,0.0093446381050927,0.1538663010050361,0.1555473014255774,0.1581588593269414,113.974,114.845,16.657039933661004,11.61,0.0262,-0.4400000000000013,0.0001039682539682,0,0
2018-10-04,114.55,116.81,114.21,115.27,16357406,0.0019973086401844,0.1489762833934957,0.1547432666747373,0.1580035794935594,114.124,114.9035,16.6101913191101,14.22,0.0263,2.610000000000001,0.000104365079365,0,0
2018-10-05,115.83,116.1,114.02,114.62,13777633,-0.0056548934893297,0.08887755872634,0.1561565187631702,0.158521036743728,114.48,114.9185,16.438557038113366,14.82,0.0264,0.5999999999999996,0.0001047619047619,0,0
2018-10-08,114.25,115.78,113.35,115.32,14370869,0.0060885636466098,0.0893862006188841,0.1561100535832288,0.1583733043875337,114.844,114.99899999999998,16.48071372943485,15.69,0.0264,0.8699999999999992,0.0001047619047619,0,0
2018-10-09,114.67,115.03,113.67,114.52,14069477,-0.0069613925402871,0.1134182112131788,0.1568928300487377,0.1385680490053817,114.954,115.0035,16.459518257113277,15.95,0.0265,0.2599999999999998,0.0001051587301587,0,0
2018-10-10,114.7,114.95,111.47,111.47,23086389,-0.0269939838283821,0.2025814065321036,0.1796549607102229,0.1496428790437606,114.23999999999998,114.923,16.95475378105402,22.96,0.0266999999999999,7.010000000000002,0.0001059523809523,0,0
2018-10-11,110.97,111.47,107.38,108.13,33705616,-0.0304212894440863,0.2451439977542026,0.207165286259375,0.1609823330703717,112.81199999999998,114.6535,17.333175028322813,24.98,0.0266,2.02,0.0001055555555555,0,0
2018-10-12,110.37,110.83,105.6,106.95,32075740,-0.010972771429031,0.2382035362790804,0.209141271701938,0.1597127112431955,111.278,114.326,17.28361053912736,21.31,0.0266,-3.6700000000000017,0.0001055555555555,0,0
2018-10-15,107.2,108.85,106.32,106.34,18903216,-0.0057199274522222,0.1846604993329079,0.2081304000233255,0.1577296144323772,109.482,113.951,16.754842624284674,21.3,0.0266999999999999,-0.009999999999998,0.0001059523809523,0,0
2018-10-16,107.16,108.78,106.73,108.62,19302764,0.0212140445305069,0.3270429366358491,0.224563498718656,0.1592713301367876,108.302,113.667,16.775758856056424,17.62,0.0266,-3.68,0.0001055555555555,0,0
2018-10-17,108.38,110.8,108.23,109.83,18794482,0.0110781631935552,0.3182233562341925,0.1994792825323227,0.1603236066215116,107.974,113.2775,16.7490738740792,17.4,0.0266,-0.2200000000000024,0.0001055555555555,0,0
2018-10-18,109.02,109.84,107.81,108.09,17582467,-0.0159695023721429,0.2485866701611511,0.1989410948468152,0.1620706642068175,107.966,112.75050000000002,16.682412770296345,20.06,0.0266999999999999,2.66,0.0001059523809523,0,0
2018-10-19,107.65,109.22,107.27,107.91,15234549,-0.0016666670524693,0.2310423949469816,0.1990716334358023,0.1620320253174345,108.158,112.2535,16.539076367075687,19.89,0.0266999999999999,-0.1699999999999981,0.0001059523809523,0,0
2018-10-22,108.15,108.34,106.11,106.36,16199139,-0.0144679800008231,0.255953923907798,0.201480157622015,0.1626027678400294,108.162,111.7355,16.60046865064205,19.64,0.0268,-0.25,0.0001063492063492,0,0
2018-10-23,104.2,106.16,103.7,105.25,21407548,-0.0104910938123282,0.177703879794133,0.2023969267870963,0.1628844655037912,107.488,111.1785,16.879254128084806,20.71,0.0266999999999999,1.0700000000000005,0.0001059523809523,0,0
2018-10-24,104.76,105.03,102.91,103.29,23168916,-0.0187979065439486,0.1055164704529013,0.2069571004258336,0.1642579520205603,106.18,110.592,16.958322110678818,25.23,0.0264,4.52,0.0001047619047619,0,0
2018-10-25,104.18,105.9,103.72,104.86,17464708,0.0150855611258446,0.2128337046519965,0.2193648052429604,0.1670958356991935,105.53400000000002,110.109,16.675692716930712,24.22,0.0266,-1.0100000000000016,0.0001055555555555,0,0
2018-10-26,104.0,104.56,102.73,103.42,19174916,-0.0138277601763112,0.2144956549324526,0.2187937262792746,0.1684819360465545,104.636,109.638,16.769113524503958,24.16,0.0263,-0.0599999999999987,0.000104365079365,0,0
2018-10-29,104.46,106.63,103.7,104.85,18445175,0.0137323903798535,0.254721900541037,0.2253725422817439,0.1703102137564487,104.334,109.2055,16.73031337663394,24.7,0.0264,0.5399999999999991,0.0001047619047619,0,0
2018-10-30,105.71,106.98,104.86,106.7,18019681,0.0174904009597788,0.278278797360561,0.2364525351858658,0.1748189858119859,104.624,108.842,16.706975107435056,23.35,0.0266,-1.349999999999998,0.0001055555555555,0,0
2018-10-31,108.08,110.48,107.79,109.02,20859992,0.0215101933284271,0.2235096331289089,0.2487041261247596,0.1808165129615195,105.77,108.54099999999998,16.85334362402772,21.23,0.0269,-2.120000000000001,0.000106746031746,0,0
2018-11-01,109.62,110.22,108.32,108.98,13065023,-0.0003669724811824,0.2316105569801309,0.2482546430956382,0.1806964166493837,106.594,108.2265,16.385449217363927,19.34,0.0266999999999999,-1.8900000000000008,0.0001059523809523,0,0
2018-11-02,109.9,110.81,107.49,108.38,19009518,-0.0055208090169842,0.1859589472708824,0.2482346877910212,0.180412990888336,107.58599999999998,107.9145,16.76045035906689,19.51,0.027,0.1700000000000017,0.0001071428571428,0,0
2018-11-05,108.61,109.29,108.42,109.09,10276448,0.0065296594716973,0.1823061055918946,0.2484489912574813,0.1801961664269936,108.434,107.603,16.145365232991846,19.96,0.0271,0.4499999999999993,0.0001075396825396,0,0
2018-11-06,108.67,109.67,107.76,109.6,10824959,0.0046641449042496,0.1614741074515726,0.2492777568582251,0.1777921974471205,109.01399999999998,107.357,16.197365044316786,19.91,0.0272,-0.0500000000000007,0.0001079365079365,0,0
2018-11-07,110.37,111.73,109.35,111.48,12679585,0.0170078280998324,0.1339232158094901,0.2399795699120682,0.1808469510306098,109.506,107.3575,16.355503777731133,16.36,0.0274,-3.5500000000000007,0.0001087301587301,0,0
2018-11-08,111.01,112.93,111.0,112.38,11662499,0.0080407830703046,0.1279910241919581,0.2125738758692209,0.1809207633973041,110.186,107.57,16.271889038392825,16.72,0.0274,0.3599999999999994,0.0001087301587301,0,0
2018-11-09,112.23,112.36,110.83,111.29,10432161,-0.0097465786987183,0.1532734974029111,0.2116293822893511,0.1808467585241834,110.768,107.787,16.16040399631169,17.36,0.0273,0.6400000000000006,0.0001083333333333,0,0
2018-11-12,111.42,111.94,108.6,108.95,13279671,-0.0212503455947048,0.2409996325144584,0.2258357881725312,0.1857660296498023,110.74,107.9175,16.401744927609293,20.45,0.0273,3.09,0.0001083333333333,0,0
2018-11-13,109.1,111.12,109.1,109.59,13746059,0.0058570680846718,0.2426771711678537,0.2140686497489675,0.186273101742191,110.738,107.966,16.436262722812195,20.02,0.0272,-0.4299999999999997,0.0001079365079365,0,0
2018-11-14,110.23,110.71,105.98,107.33,18361433,-0.0208379289818678,0.2233612193967402,0.222839861007414,0.1901849476609027,109.908,107.841,16.7257629902198,21.25,0.0271,1.2300000000000004,0.0001075396825396,0,0
2018-11-15,108.24,110.08,106.81,110.07,19099954,0.0252083265418673,0.313926486700307,0.234171825604386,0.1976789994506052,109.446,107.94,16.765196484636995,19.98,0.027,-1.2699999999999996,0.0001071428571428,0,0
2018-11-16,109.45,110.76,108.55,109.99,13798551,-0.000727074466275,0.3103129085735659,0.234058553307542,0.197658571270064,109.186,108.044,16.44007414461455,18.14,0.0268,-1.84,0.0001063492063492,0,0
2018-11-19,109.96,111.2,109.53,110.83,13986991,0.0076080432185364,0.2637098731708937,0.2277995495933659,0.1983911271786544,109.56199999999998,108.2675,16.453638241306596,20.1,0.0266,1.9600000000000009,0.0001055555555555,0,0
2018-11-20,109.78,110.49,107.98,108.45,18936153,-0.0217082585146782,0.3152468172058896,0.2391905695750199,0.1993897268339207,109.334,108.4275,16.756583509991223,22.48,0.0266999999999999,2.379999999999999,0.0001059523809523,0,0
2018-11-21,109.03,109.61,107.64,107.64,10619625,-0.0074969114141782,0.277197638467629,0.2296459537075473,0.199665413336304,109.396,108.645,16.178214262420166,20.8,0.0266999999999999,-1.6799999999999995,0.0001059523809523,0,0
2018-11-23,106.74,107.39,106.06,106.65,6488406,-0.0092398809413454,0.1724376904451726,0.2275736485538588,0.2002947951588245,108.712,108.7345,15.685527449884876,21.52,0.0266999999999999,0.7199999999999989,0.0001059523809523,0,0
2018-11-26,107.72,109.98,107.45,109.26,13948285,0.024177918050212,0.2802213655784696,0.2349381290331854,0.2068578413176859,108.566,109.02649999999998,16.45086711960592,18.9,0.027,-2.620000000000001,0.0001071428571428,0,0
2018-11-27,108.76,110.03,108.63,109.72,9238176,0.0042013031018308,0.2743565586204987,0.2314369255234687,0.2069064273179998,108.344,109.27,16.038855021534008,19.02,0.027,0.120000000000001,0.0001071428571428,0,0
2018-11-28,109.8,111.4,108.87,110.94,13977257,0.011057848557686,0.2192489144583708,0.2269082005312393,0.2079959704515518,108.842,109.482,16.452942066648646,18.49,0.0269,-0.5300000000000011,0.000106746031746,0,0
2018-11-29,110.27,110.8,109.64,110.06,11144347,-0.0079638429954756,0.2208828884137083,0.2171153081715522,0.208361812709675,109.326,109.53400000000002,16.226442931789023,18.79,0.0269,0.3000000000000007,0.000106746031746,0,0
2018-11-30,109.85,111.32,109.58,111.19,18652718,0.0102147780835451,0.1852435395703969,0.2198036961057147,0.2094043315491363,110.234,109.6445,16.74150243070087,18.07,0.027,-0.7199999999999989,0.0001071428571428,0,0
2018-12-03,112.38,112.89,111.74,112.24,16033180,0.0093989860790476,0.1258030331145887,0.2203093298256317,0.2103215563527428,110.83,109.8375,16.590170882952588,16.44,0.0272,-1.629999999999999,0.0001079365079365,0,0
2018-12-04,111.6,111.6,106.73,107.23,23555940,-0.0456633755621511,0.3854379333282172,0.2761201760144346,0.2297778416651169,110.332,109.7445,16.974888575921604,20.74,0.0271,4.299999999999997,0.0001075396825396,0,0
2018-12-06,105.01,105.36,102.88,105.19,27213946,-0.0192078214808715,0.3674947592597208,0.2827096202493075,0.2322583832513253,109.182,109.524,17.119240120458173,21.19,0.027,0.4500000000000028,0.0001071428571428,0,0
2018-12-07,105.16,106.98,102.91,103.29,19248595,-0.0182276727326405,0.3699938155339995,0.2788407546884984,0.2338426069903267,107.828,109.1145,16.7729486290214,23.23,0.0268,2.039999999999999,0.0001063492063492,0,0
2018-12-10,102.87,103.49,99.28,101.36,23636429,-0.0188620300056585,0.3091362090134547,0.2800191453607862,0.2362360211442662,105.862,108.5635,16.978299681562223,22.64,0.0269,-0.5899999999999999,0.000106746031746,0,0
2018-12-11,103.13,103.66,100.21,100.37,16860677,-0.0098151781871746,0.2158681958731676,0.2800341524602893,0.2367629656378891,103.488,108.0175,16.640494663942974,21.76,0.027,-0.879999999999999,0.0001071428571428,0,0
2018-12-12,101.66,102.9,100.06,101.02,22621487,0.0064551592141974,0.1744692455310028,0.2761673790945635,0.2371839849723502,102.246,107.621,16.934410764776285,21.46,0.027,-0.3000000000000007,0.0001071428571428,0,0
2018-12-13,101.55,101.97,100.67,101.12,17250942,0.0009894133586408,0.1802275434208886,0.2744500123504299,0.2369357330080239,101.432,107.19750000000002,16.663377308646293,20.65,0.0269,-0.8100000000000023,0.000106746031746,0,0
2018-12-14,99.99,101.94,99.86,100.29,19879525,-0.0082419412984303,0.1565353212014243,0.2677746378244751,0.2284448846171485,100.832,106.8455,16.80520086554709,21.63,0.0268,0.9800000000000004,0.0001063492063492,0,0
2018-12-17,99.77,100.56,98.44,99.01,25113534,-0.0128451339656936,0.1284414089717316,0.2471418363453478,0.2281697254648491,100.362,106.2925,17.038917461971458,24.52,0.0266,2.890000000000001,0.0001055555555555,0,0
2018-12-18,99.42,100.89,98.12,98.54,20837150,-0.0047582980186062,0.1205048177539173,0.2465672438200463,0.2280774841551687,99.996,105.72,16.852248009259448,25.58,0.0264,1.0599999999999987,0.0001047619047619,0,0
2018-12-19,98.41,100.58,96.6,97.29,28767868,-0.0127663481284806,0.0927129134607515,0.2427828243707433,0.2285574005591412,99.25,105.043,17.174769627811365,25.58,0.0262,0.0,0.0001039682539682,0,1
2018-12-20,96.61,98.28,95.69,96.45,31825218,-0.0086714696355982,0.0541844545041586,0.2362856093799391,0.2288483995987283,98.316,104.443,17.275769552345007,28.38,0.0264,2.8000000000000007,0.0001047619047619,1,1
2018-12-21,96.68,98.43,93.69,94.17,41313933,-0.0239230798297662,0.1137066092487346,0.2448314684897166,0.2321283499248879,97.092,103.7695,17.53671036181273,30.11,0.0262,1.7300000000000004,0.0001039682539682,0,1
2018-12-24,92.89,94.22,92.14,92.14,17009280,-0.0217925000142009,0.1313330957858531,0.2505567282308822,0.2351867646878927,95.718,103.044,16.64926963543386,36.07,0.0260999999999999,5.960000000000001,0.0001035714285714,0,0
2018-12-26,92.69,95.96,91.11,95.96,22542900,0.0406222784637228,0.4196090895744271,0.2827050818764799,0.2508480185919865,95.202,102.379,16.930930718459614,30.41,0.0260999999999999,-5.66,0.0001035714285714,0,0
2018-12-27,94.82,97.15,93.55,97.04,20304683,0.011191826664301,0.4271779388897657,0.2872636445664306,0.2518651656392269,95.15200000000002,101.745,16.826362107062423,29.96,0.0258,-0.4499999999999993,0.0001023809523809,0,0
2018-12-28,97.95,98.32,96.44,96.83,17963271,-0.002166401012355,0.4218151479268176,0.2805189974983549,0.2514753216718948,95.228,101.0395,16.703839731204003,28.34,0.0256999999999999,-1.620000000000001,0.0001019841269841,0,0
2018-12-31,97.59,98.8085,96.77,97.62,13237180,0.0081255268355616,0.3604364978669981,0.2854060628852001,0.2512378866039612,95.918,100.4175,16.39854009485079,25.42,0.0263,-2.919999999999998,0.000104365079365,0,0
2019-01-02,95.95,99.78,95.94,99.31,15670850,0.0171638804562657,0.2532007182442649,0.2916393123977859,0.2543617535182175,97.352,99.8235,16.56731285663898,23.22,0.026,-2.200000000000003,0.0001031746031746,0,0
2019-01-03,98.64,98.89,96.69,97.11,16286426,-0.0224019143090044,0.2464431702604847,0.2917213498943329,0.2575490097691241,97.582,99.067,16.60584255810295,25.45,0.025,2.2300000000000004,9.92063492063492e-05,0,0
2019-01-04,99.11,100.93,98.28,100.69,16935205,0.0362021333212607,0.3464401385153634,0.2934377206711437,0.2691043394050613,98.312,98.74,16.644905149268507,21.38,0.0256999999999999,-4.07,0.0001019841269841,0,0
2019-01-07,100.43,101.47,99.71,100.76,15430712,0.0006949615568859,0.3420379505249075,0.287432203580281,0.2689905787309166,99.098,98.5185,16.551870367150315,21.4,0.0258,0.0199999999999995,0.0001023809523809,0,0
2019-01-08,101.63,101.82,99.55,100.57,13578777,-0.0018874490280205,0.3490420095271153,0.2810930219634479,0.2639536545929066,99.688,98.3825,16.424018617129114,20.47,0.026,-0.9299999999999996,0.0001031746031746,0,0
2019-01-09,100.81,101.49,99.93,100.4,14230331,-0.00169179519876,0.336329491089525,0.2733948789540702,0.2570857996059128,99.906,98.3345,16.470886230512303,19.98,0.0259,-0.4899999999999984,0.0001027777777777,0,0
2019-01-10,100.02,100.73,99.27,100.39,14376430,-9.960655419365843e-05,0.2628683379782432,0.2711589544754585,0.2562914317911481,100.562,98.3355,16.481100617960923,19.5,0.0259,-0.4800000000000004,0.0001027777777777,0,0
2019-01-11,99.89,100.17,98.95,99.91,15439850,-0.004792819958508,0.0334809232536079,0.2705517625898108,0.2562263902458824,100.406,98.28,16.552462387487807,18.19,0.0258,-1.3099999999999987,0.0001023809523809,0,0
2019-01-14,98.87,101.36,98.66,100.94,21258458,0.010256500167189,0.091868134684268,0.273238632957471,0.2531269186390185,100.442,98.271,16.872265397673758,19.07,0.0256999999999999,0.879999999999999,0.0001019841269841,0,0
2019-01-15,98.89,102.47,98.6,101.68,26504852,0.0073043459690824,0.1004917864723337,0.2726581829735489,0.2524609323619246,100.664,98.3405,17.092838368536352,18.6,0.0256999999999999,-0.4699999999999988,0.0001019841269841,0,0
2019-01-16,102.25,103.45,101.8,102.5,18532952,0.0080321716972642,0.1005068224905152,0.2689602082023193,0.2512872630205836,101.084,98.515,16.735060894801453,19.04,0.0256999999999999,0.4399999999999977,0.0001019841269841,0,0
2019-01-17,102.11,103.5,101.92,102.92,14247564,0.0040891888350805,0.0935321511534244,0.2679601796199448,0.2514875775699646,101.59,98.734,16.472096502697347,18.06,0.0256999999999999,-0.9800000000000004,0.0001019841269841,0,0
2019-01-18,103.77,104.9,102.83,104.59,16428710,0.0160959573526335,0.0708767426831928,0.2661954531295071,0.2521865355898861,102.526,99.099,16.614540972019245,17.8,0.026,-0.259999999999998,0.0001031746031746,0,0
2019-01-22,103.08,103.59,102.13,102.94,17083681,-0.0159016505415684,0.1894235364592522,0.271800680021711,0.2533632978265259,102.926,99.4235,16.65363423832711,20.8,0.0259,3.0,0.0001027777777777,0,0
2019-01-23,103.44,103.7,101.97,102.68,12146678,-0.0025289382216687,0.1912234374464464,0.253413425148301,0.2504866593277225,103.126,99.849,16.312566274728102,19.52,0.0259,-1.2800000000000011,0.0001027777777777,0,0
2019-01-24,102.13,103.09,101.94,102.74,11296764,0.0005841690361819,0.1834702130608995,0.2345726568041468,0.2484870489652457,103.174,100.379,16.240026870988952,18.89,0.0258,-0.629999999999999,0.0001023809523809,0,0
2019-01-25,103.51,104.31,102.74,103.39,14412559,0.0063067205594798,0.1868716733907204,0.1945264807189442,0.2472422065153776,103.268,100.7505,16.483610537219764,17.42,0.026,-1.4699999999999989,0.0001031746031746,0,0
2019-01-28,102.89,104.24,102.59,103.88,12283089,0.0047281411959458,0.1403008931122203,0.1925808481434718,0.2457897370111714,103.126,101.0925,16.32373399628184,18.87,0.026,1.4499999999999993,0.0001031746031746,0,0
2019-01-29,103.88,105.11,103.73,104.17,9743271,0.0027877932018098,0.0552319860274488,0.1914794443861811,0.2431138205048361,103.372,101.4595,16.092087450862078,19.13,0.026,0.259999999999998,0.0001031746031746,0,0
2019-01-30,104.14,105.24,103.78,104.41,12526274,0.0023012763056614,0.0352353622051238,0.1907901017066255,0.2388698949375642,103.718,101.799,16.34333891632929,17.66,0.0256999999999999,-1.4699999999999989,0.0001019841269841,0,0
2019-01-31,103.41,103.8,102.73,103.5,17520551,-0.0087538435965951,0.0942375843934154,0.1880849001426727,0.2394346545341866,103.87,102.0085,16.678885092749674,16.57,0.0255,-1.09,0.0001011904761904,0,0
2019-02-01,104.0,104.85,103.52,103.88,13000780,0.0036647740891239,0.0873142184405038,0.1643735909867358,0.2394109456066576,103.968,102.347,16.380519913625882,16.14,0.0256,-0.4299999999999997,0.0001015873015873,0,0
2019-02-04,103.79,104.25,103.01,104.25,9871549,0.0035554738843632,0.0844641399690122,0.1096128847159313,0.2391043697839893,104.042,102.525,16.105167339318733,15.73,0.0256999999999999,-0.4100000000000001,0.0001019841269841,0,0
2019-02-05,104.52,104.55,103.29,103.79,12762982,-0.004422233701713,0.0886995188406286,0.1117425937462081,0.2389496308200353,103.966,102.6765,16.362059507637106,15.57,0.0256,-0.1600000000000001,0.0001015873015873,0,0
2019-02-06,103.71,104.62,103.47,103.74,8744957,-0.0004818580539436,0.0848214765866709,0.1112910262864542,0.236019077379129,103.832,102.835,15.983987749327268,15.38,0.0256,-0.1899999999999995,0.0001015873015873,0,0
2019-02-07,103.25,103.5,101.44,102.38,13177489,-0.0131963878938169,0.1112147976548131,0.1226507321191498,0.2364804060326884,103.608,102.934,16.394020552954938,16.37,0.0255,0.9900000000000002,0.0001011904761904,0,0
2019-02-08,102.08,102.34,100.06,101.36,12892562,-0.0100128450165535,0.1083119208469976,0.1287027465450206,0.2365204353271914,103.104,102.9825,16.372161113893167,15.72,0.0254,-0.6500000000000004,0.0001007936507936,0,0
2019-02-11,101.76,102.01,100.77,100.88,10978516,-0.0047468443562195,0.0796753420713405,0.1286778617008606,0.2330441981786429,102.43,103.031,16.211450830084463,15.97,0.0255,0.25,0.0001011904761904,0,0
2019-02-12,101.95,102.92,101.89,102.6,12852252,0.0169062410800049,0.1872235565077354,0.1372556504526977,0.2355763995472579,102.192,103.114,16.369029606868793,15.43,0.0255,-0.5400000000000009,0.0001011904761904,0,0
2019-02-13,102.9,103.85,102.9,103.09,10754061,0.0047644603716241,0.1940255401061487,0.1359530202842848,0.232232952821598,102.062,103.1845,16.19079400864365,15.65,0.0255,0.2200000000000006,0.0001011904761904,0,0
2019-02-14,102.47,103.1,101.35,102.42,11518530,-0.0065203870738891,0.1727689862114154,0.1353395769110088,0.2261544402756944,102.07,103.1805,16.259467600923248,16.22,0.0253,0.5699999999999985,0.0001003968253968,0,0
2019-02-15,103.9,105.7,103.66,105.55,14716861,0.0301027682599252,0.2448478347739147,0.1723135562480012,0.2350798687800351,102.908,103.31199999999998,16.50450440124196,14.91,0.0255,-1.3099999999999987,0.0001011904761904,0,0
2019-02-19,104.91,105.37,103.81,105.18,12764888,-0.0035116061331313,0.2408893645316289,0.1637697827916174,0.2345078965386594,103.768,103.3415,16.362208834627847,14.88,0.0254,-0.0299999999999993,0.0001007936507936,0,0
2019-02-20,105.21,105.8,104.88,105.69,10030326,0.0048371128600578,0.2288121264880979,0.1527650598108638,0.2307134340073481,104.386,103.479,16.121123661902445,14.02,0.0254,-0.8600000000000012,0.0001007936507936,0,0
2019-02-21,105.45,105.99,104.96,105.47,8400075,-0.0020837287327331,0.2360682127179411,0.15262446449915,0.2302714898893308,104.862,103.6185,15.943751192345111,14.46,0.0255,0.4400000000000013,0.0001011904761904,0,0
2019-02-22,105.7,106.09,104.775,105.0,10647258,-0.0044662021309994,0.2303729919145974,0.1540030014862598,0.2296904901019828,105.378,103.7315,16.180812952181228,13.51,0.0255,-0.9500000000000012,0.0001011904761904,0,0
2019-02-25,105.75,107.27,105.69,106.1,11230679,0.0104216954624141,0.1014067165284386,0.1565245571785027,0.225123964112293,105.488,103.867,16.234159787932224,14.85,0.0256,1.34,0.0001015873015873,0,0
2019-02-26,104.5,105.47,103.94,105.29,15465393,-0.0076635977512693,0.1163316854245557,0.1590779798627837,0.2253811459288848,105.51,103.9375,16.554115375999565,15.17,0.0255,0.3200000000000003,0.0001011904761904,0,0
2019-02-27,105.18,105.38,104.51,105.16,9968822,-0.0012354480069875,0.1088599438820801,0.1590099885225188,0.2240491592828266,105.404,103.987,16.114972980493842,14.7,0.0254,-0.4700000000000006,0.0001007936507936,0,0
2019-02-28,105.01,105.21,104.18,104.36,15156850,-0.0076365395931526,0.1189912775704684,0.1613895307848625,0.224006032461849,105.182,103.9845,16.533963132947328,14.78,0.0254,0.08,0.0001007936507936,0,0
2019-03-01,105.1,105.91,104.2,104.43,13813310,0.0006705302229296,0.1181849150528503,0.1580609928674356,0.22283674163251,105.068,104.031,16.441143178056777,13.57,0.0255,-1.209999999999999,0.0001011904761904,0,0
2019-03-04,104.92,105.92,103.27,104.19,12466285,-0.002300835067365,0.0606134666370423,0.1578687313185468,0.2217820519545031,104.686,104.0465,16.33853835827474,14.63,0.0254,1.0600000000000005,0.0001007936507936,0,0
2019-03-05,104.13,104.55,103.26,104.11,10856646,-0.0007681229374308,0.0506817635148479,0.1573765788262121,0.2015340711890134,104.45,104.0395,16.200287984990233,14.74,0.0254,0.1099999999999994,0.0001007936507936,0,0
2019-03-06,103.86,104.57,103.55,103.72,9070782,-0.0037530718161979,0.0506454931776536,0.1571487378908606,0.1978592918734424,104.162,104.03600000000002,16.02056903667683,15.74,0.0254,1.0,0.0001007936507936,0,0
2019-03-07,103.25,103.47,102.16,102.97,12705739,-0.0072572770018042,0.048363887220374,0.1592315461713727,0.1948527001467044,103.884,103.99750000000002,16.35756433912117,16.59,0.0252,0.8499999999999996,0.0001,0,0
2019-03-08,101.99,103.23,101.99,103.01,10582371,0.0003883872269425,0.0471582850912331,0.1518513356481065,0.190868427661931,103.6,104.029,16.174700061366703,16.05,0.0253,-0.5399999999999991,0.0001003968253968,0,0
2019-03-11,103.98,104.55,103.66,104.35,9763235,0.0129245626276076,0.1214342446777741,0.1530003374457944,0.1914253627834916,103.632,104.1785,16.094134358388263,14.33,0.0253,-1.7200000000000006,0.0001003968253968,0,0
2019-03-12,104.59,104.79,103.75,104.04,10219100,-0.0029751929427588,0.1236557112991938,0.1521750932136088,0.1911789241565397,103.618,104.3365,16.139769076239784,13.77,0.0252,-0.5600000000000005,0.0001,0,0
2019-03-13,104.19,104.98,103.95,104.39,13022241,0.0033584448397561,0.1208190344318631,0.1412390532021576,0.1912669345391512,103.752,104.426,16.38216929974945,13.41,0.0253,-0.3599999999999994,0.0001003968253968,0,0
2019-03-14,104.5,105.87,104.46,105.34,10926470,0.0090593286350363,0.1022134313439794,0.1436146420358873,0.191164168873696,104.226,104.5385,16.206698843670125,13.5,0.0252,0.0899999999999998,0.0001,0,0
2019-03-15,105.41,106.8,105.23,106.55,24811730,0.0114211444893827,0.103902123586134,0.1451347947378918,0.1902222462085586,104.934,104.745,17.026827083184564,12.88,0.0252,-0.6199999999999992,0.0001,0,0
2019-03-18,106.55,107.79,106.5,107.19,12935514,0.0059886021588019,0.0884919320015793,0.101979151966592,0.1900538283311155,105.502,104.827,16.37548710996004,13.1,0.0252,0.2199999999999988,0.0001,0,0
2019-03-19,108.2,108.4,106.55,106.8,12889267,-0.0036450341773337,0.0925084287962301,0.1020545398021732,0.18805823489244,106.054,104.908,16.371905507511016,13.56,0.025,0.4600000000000008,9.92063492063492e-05,0,0
2019-03-20,106.43,106.65,104.41,104.52,14920658,-0.0215794858736827,0.2140158081241692,0.1278822317043665,0.1928554973019257,106.08,104.8495,16.518257253644105,13.91,0.0247,0.3499999999999996,9.801587301587304e-05,0,0
2019-03-21,103.49,103.49,102.28,102.87,19751044,-0.0159123855094729,0.2225086766323623,0.1390092607277266,0.1890345304235648,105.58599999999998,104.7195,16.798716908673818,13.63,0.0248,-0.2799999999999993,9.84126984126984e-05,0,0
2019-03-22,101.82,102.32,99.52,99.76,31115189,-0.0306987537711576,0.2304913967172819,0.1738781238673471,0.194517956545809,104.228,104.4575,17.253206650207726,16.48,0.0245,2.85,9.722222222222224e-05,0,0
2019-03-25,99.59,100.57,98.09,98.93,21032295,-0.0083547720366498,0.1699164082580762,0.167958857039026,0.1773992542720132,102.576,104.099,16.861569671539208,16.33,0.0241,-0.1500000000000021,9.563492063492065e-05,0,0
2019-03-26,99.82,100.4,98.82,99.92,15987129,0.009957336482191,0.2437975715294323,0.1737112230815722,0.1770994924709846,101.2,103.8305,16.587294518970584,14.68,0.0243999999999999,-1.6499999999999986,9.682539682539682e-05,0,0
2019-03-27,99.88,100.45,99.08,99.58,12753234,-0.0034085246032855,0.2390870583145019,0.1736531802142492,0.1771972612449577,100.21200000000002,103.5515,16.361295444464556,15.15,0.024,0.4700000000000006,9.523809523809524e-05,0,0
2019-03-28,100.0,100.8,99.74,100.71,12454070,0.0112837584460165,0.2703610572743709,0.1794476449200668,0.1778971241147896,99.78,103.369,16.337558035082857,14.43,0.024,-0.7200000000000006,9.523809523809524e-05,0,0
2019-03-29,101.54,101.99,100.59,101.23,14523395,0.0051500559506072,0.1355436333601896,0.1809571326966242,0.1747724605222646,100.074,103.209,16.491271355457354,13.71,0.024,-0.7199999999999989,9.523809523809524e-05,0,0
2019-04-01,102.15,104.68,102.12,104.64,17499280,0.0331307320982281,0.2148221087291766,0.2187773108643993,0.1808846499865795,101.216,103.2315,16.677670295190207,13.4,0.0241,-0.3100000000000005,9.563492063492065e-05,0,0
2019-04-02,104.6,105.44,104.33,105.14,10295539,0.0047669076824133,0.2198496391534634,0.2193287828707313,0.1657782062073419,102.26,103.283,16.147221252585908,13.36,0.0241,-0.0400000000000009,9.563492063492065e-05,0,0
2019-04-03,105.81,106.36,104.79,105.35,11499209,0.0019953448588959,0.2013709389864239,0.2188015765885447,0.1657987609441662,103.41400000000002,103.3645,16.25778880835915,13.74,0.0241,0.3800000000000008,9.563492063492065e-05,0,0
2019-04-04,104.55,105.73,104.45,105.56,11952078,0.0019913713849254,0.2118505969768611,0.2167491181959714,0.1657265199060491,104.384,103.494,16.29641571243786,13.58,0.0241,-0.1600000000000001,9.563492063492065e-05,0,0
2019-04-05,105.8,106.11,104.99,105.31,9933660,-0.0023711302426175,0.2275209424276595,0.2171143004099001,0.1657761112409059,105.2,103.609,16.111439548172832,12.82,0.0243,-0.7599999999999998,9.642857142857145e-05,0,0
2019-04-08,105.11,105.65,104.91,105.65,8056282,0.0032233626695599,0.0421708028620299,0.2127971035413949,0.1658393192113916,105.402,103.674,15.901962717733118,13.18,0.0243,0.3599999999999994,9.642857142857145e-05,0,0
2019-04-09,105.08,105.2,104.25,104.87,9092188,-0.0074102562157519,0.0698969107798162,0.2143671969738181,0.166305887197402,105.348,103.7155,16.022926141259493,14.28,0.0242,1.0999999999999996,9.603174603174604e-05,0,0
2019-04-10,105.13,105.72,104.47,105.34,10882304,0.0044717262089294,0.0773156639693088,0.2146074504034242,0.1653217098928506,105.346,103.763,16.202648541678972,13.3,0.0241,-0.9799999999999986,9.563492063492065e-05,0,0
2019-04-11,105.71,106.73,105.56,106.23,11183845,0.0084133407366788,0.098402284605773,0.2142758500001458,0.1655261122334847,105.48000000000002,103.8075,16.229980884275285,13.02,0.0243999999999999,-0.2800000000000011,9.682539682539682e-05,0,0
2019-04-12,109.44,111.85,108.88,111.21,25834073,0.0458137510388285,0.3234538011849112,0.266183965511899,0.1890794499421574,106.66,104.0405,17.067204837503635,12.01,0.0243999999999999,-1.0099999999999998,9.682539682539682e-05,0,0
2019-04-15,110.92,111.0,109.12,109.94,15163815,-0.0114855433982362,0.3602196555331379,0.2700323605998188,0.1908052472190443,107.518,104.178,16.5344225555967,12.32,0.0243,0.3100000000000005,9.642857142857145e-05,0,0
2019-04-16,109.9,111.39,109.86,111.1,11583232,0.01049593421307,0.3335245254907359,0.2712833781665433,0.1892642935805076,108.76399999999998,104.393,16.26506909306726,12.18,0.0245,-0.1400000000000005,9.722222222222224e-05,0,0
2019-04-17,111.7,114.66,111.01,114.3,17791890,0.0283958741551807,0.3446350823674138,0.2717354343876801,0.1940732085677898,110.556,104.882,16.694253293459376,12.6,0.0243999999999999,0.4199999999999999,9.682539682539682e-05,0,0
2019-04-18,114.53,114.95,113.33,113.46,12501949,-0.0073762189023439,0.3835127409450923,0.2648442353889425,0.1947820642943099,112.002,105.4115,16.34139511011827,12.09,0.0243999999999999,-0.5099999999999998,9.682539682539682e-05,0,0
2019-04-22,112.83,113.93,112.66,113.6,7975860,0.0012331543886297,0.2527379878311871,0.2298635715501723,0.1947712394952497,112.48,106.1035,15.891930037811788,12.42,0.0246,0.33,9.761904761904762e-05,0,0
2019-04-23,113.0,114.37,112.85,113.74,9193318,0.0012316355916026,0.2163543525671571,0.2240955291571143,0.194533286967947,113.24,106.844,16.033987473784656,12.28,0.0243,-0.1400000000000005,9.642857142857145e-05,0,0
2019-04-24,113.26,114.15,112.81,113.55,9245743,-0.0016718733270861,0.2204513335008355,0.2258381287875625,0.1945345021105554,113.73,107.5255,16.039673787340405,13.14,0.0242,0.8600000000000012,9.603174603174604e-05,0,0
2019-04-25,113.01,114.15,112.5,113.61,9311768,0.0005282620302456,0.0578863227672565,0.2239966760848803,0.1945249068306478,113.59199999999998,108.227,16.046789534553646,13.25,0.0242,0.1099999999999994,9.603174603174604e-05,0,0
2019-04-26,113.95,114.58,113.6,114.47,7889519,0.0075412493485717,0.0545733008475656,0.2233496564224886,0.194919350649983,113.794,108.915,15.88104572771911,12.73,0.0241,-0.5199999999999996,9.563492063492065e-05,0,0
2019-04-29,114.6,117.16,114.45,116.12,14242237,0.0143113592260442,0.1034886178707332,0.2250288917943157,0.1954510459837483,114.298,109.6595,16.471722544306967,13.11,0.0242,0.379999999999999,9.603174603174604e-05,0,0
2019-04-30,116.43,116.72,115.26,116.05,11389147,-0.0006030064359831,0.1077460248445346,0.20364128473172,0.1954837875123891,114.76,110.23,16.24817144236434,13.12,0.0239,0.0099999999999997,9.484126984126983e-05,0,0
2019-05-01,115.72,117.0,115.11,115.16,10412881,-0.0076986669764709,0.1332780128528457,0.2087164520152513,0.1964218951823519,115.082,110.73100000000002,16.158554155424067,14.8,0.0239,1.6800000000000015,9.484126984126983e-05,0,0
2019-05-02,115.17,115.78,114.58,115.41,8613305,0.0021685396883383,0.1320069900715629,0.2086892230850792,0.1960143667383285,115.442,111.234,15.968818658731472,14.42,0.0241,-0.3800000000000008,9.563492063492065e-05,0,0
2019-05-03,116.0,116.68,115.67,116.12,8185409,0.0061331337241157,0.129404745334007,0.2085308485168825,0.1961587181917543,115.772,111.762,15.917863736995264,12.87,0.0241,-1.5500000000000007,9.563492063492065e-05,0,0
2019-05-06,114.18,115.47,113.72,115.09,9387010,-0.0089097081760293,0.1020970622396619,0.2127484696251082,0.1949445708929374,115.566,112.251,16.05483737662164,15.44,0.0239,2.5700000000000003,9.484126984126983e-05,0,0
2019-05-07,114.03,114.03,112.29,113.21,15017725,-0.0164699298903817,0.1440677320647673,0.2253535751784169,0.1970745492837314,114.998,112.629,16.52474172811461,19.32,0.0237,3.880000000000001,9.404761904761906e-05,0,0
2019-05-08,112.66,113.67,112.46,112.61,9576075,-0.0053139793810837,0.1421894143382534,0.2241325247211807,0.1971589547008554,114.488,113.016,16.074778358269477,19.4,0.0237,0.0799999999999983,9.404761904761906e-05,0,0
2019-05-09,111.14,112.74,110.58,112.52,12205866,-0.000799538087278,0.1348184851368568,0.2246287473103361,0.194701207209276,113.91,113.375,16.317427213818878,19.1,0.0236,-0.2999999999999971,9.365079365079364e-05,0,0
2019-05-10,111.75,112.84,110.54,112.51,13189381,-8.887703867544322e-05,0.1065018802050658,0.224086976170016,0.1946117512930414,113.18800000000002,113.689,16.394922594100233,16.04,0.0236,-3.0600000000000023,9.365079365079364e-05,0,0
2019-05-13,110.08,110.45,108.98,109.45,13783652,-0.0275742826141085,0.1870803993734593,0.1856888504642686,0.2029045269980828,112.06,113.601,16.4389938102084,20.55,0.0232,4.510000000000002,9.206349206349206e-05,0,0
2019-05-14,109.55,111.72,109.5,110.32,10503672,0.0079174095161743,0.2127082804400944,0.1836381658438334,0.1942734852952201,111.482,113.62,16.167235468277678,18.06,0.0232,-2.490000000000002,9.206349206349206e-05,0,0
2019-05-15,109.21,110.9,108.61,109.9,10142048,-0.0038143720754705,0.21291148030325,0.1799569438493288,0.1943027523915214,110.93999999999998,113.56,16.13220050812022,16.44,0.023,-1.6199999999999974,9.126984126984126e-05,0,0
2019-05-16,110.62,112.17,110.59,111.31,9672729,0.0127482400955587,0.2480594449197743,0.1531594558415597,0.1956881916110829,110.698,113.4105,16.08482104064486,15.29,0.0233,-1.150000000000002,9.246031746031748e-05,0,0
2019-05-17,110.0,111.75,109.83,110.77,9570477,-0.0048631219762929,0.2478607526002194,0.1520987424194108,0.1959497075640822,110.35,113.276,16.074193605447192,15.96,0.0233,0.6700000000000017,9.246031746031748e-05,0,0
2019-05-20,110.58,111.81,110.37,111.35,8518244,0.0052224141745351,0.1207494147012922,0.1535968547681309,0.195839904382455,110.73,113.1635,15.957720774276911,16.31,0.0233999999999999,0.3499999999999978,9.285714285714285e-05,0,0
2019-05-21,111.44,111.92,111.22,111.73,7967976,0.0034068528558699,0.1142907254098549,0.1542089258701857,0.1949207055742805,111.012,113.063,15.890941066193845,14.95,0.0236,-1.3599999999999994,9.365079365079364e-05,0,0
2019-05-22,111.4,111.79,110.75,110.82,7918898,-0.008177983120043,0.1323471642678636,0.1563599189102486,0.1950196236437738,111.196,112.9265,15.884762612695402,14.75,0.0237,-0.1999999999999993,9.404761904761906e-05,0,0
2019-05-23,109.64,109.79,107.5,108.64,14557969,-0.0198675996288175,0.1599771036040073,0.1695458259248881,0.1995573599422746,110.662,112.678,16.493649099244692,16.92,0.0232,2.1700000000000017,9.206349206349206e-05,0,0
2019-05-24,109.52,109.96,109.19,109.71,8537252,0.0098008570190135,0.1908322137322833,0.1714531868202704,0.1997044416614926,110.45,112.43999999999998,15.95994973412302,15.85,0.0233,-1.070000000000002,9.246031746031748e-05,0,0
2019-05-28,109.2,109.83,108.44,108.52,11665579,-0.0109060330386685,0.1870998121677789,0.1625268966756548,0.2011487625507546,109.884,112.06,16.272153097868095,17.5,0.0231,1.6500000000000004,9.166666666666668e-05,0,0
2019-05-29,107.45,108.4,107.06,108.22,9966365,-0.0027682955761417,0.1739866216971784,0.1622168514988742,0.2011802351837654,109.182,111.66850000000002,16.114726481676204,17.9,0.023,0.3999999999999986,9.126984126984126e-05,0,0
2019-05-30,108.65,109.18,106.54,107.06,10367822,-0.0107767672493539,0.176633026106435,0.1636371115787479,0.202519044480142,108.43,111.2635,16.15421752921694,17.3,0.0229,-0.5999999999999979,9.087301587301588e-05,0,0
2019-05-31,105.56,106.59,104.84,105.96,10952857,-0.0103277605613664,0.1421373762496394,0.1637591664382008,0.2035496376637202,107.894,110.791,16.209110893436854,18.71,0.0220999999999999,1.41,8.769841269841269e-05,0,0
2019-06-03,105.8,106.86,105.3,106.46,11680745,0.0047076633407423,0.1096126236076602,0.162632234285437,0.2031146706446173,107.244,110.308,16.2734523175768,18.86,0.0210999999999999,0.1499999999999985,8.373015873015872e-05,0,0
2019-06-04,107.85,109.9,107.13,109.74,12858587,0.0303446038862179,0.268981098820214,0.2027538893888089,0.2120890694553941,107.488,110.0405,16.36952239515378,16.97,0.0210999999999999,-1.8900000000000008,8.373015873015872e-05,0,0
2019-06-05,109.86,110.38,108.64,110.13,8340484,0.0035475545460232,0.2652903507102005,0.1966630505619183,0.2107137428866011,107.86999999999998,109.8865,15.936631806224188,16.09,0.0204,-0.879999999999999,8.095238095238096e-05,0,0
2019-06-06,110.15,110.87,108.93,110.37,8726664,0.0021768716079401,0.2356597464656075,0.1964726660060446,0.2105736928060576,108.532,109.7745,15.981893724201097,15.93,0.0202,-0.1600000000000001,8.015873015873015e-05,0,0
2019-06-07,109.7,110.02,108.96,109.16,10618932,-0.0110236619446549,0.2387456239715865,0.1996572159805054,0.2119395151500462,109.172,109.60649999999998,16.17814900374932,16.3,0.0197,0.370000000000001,7.817460317460317e-05,0,0
2019-06-10,110.75,111.21,110.22,110.34,11380602,0.0107518120041471,0.2406119142655258,0.2043381947671018,0.2122512678553633,109.948,109.498,16.247420885087564,15.94,0.0203,-0.3600000000000012,8.055555555555556e-05,0,0
2019-06-11,110.82,111.57,110.37,110.68,9847999,0.0030766470744404,0.1253389470433676,0.1787843246242715,0.2111492894122496,110.136,109.5595,16.10277884530296,15.99,0.0204999999999999,0.0500000000000007,8.134920634920634e-05,0,0
2019-06-12,110.7,110.9,108.89,109.27,9670511,-0.0128212713360712,0.1594223161245359,0.1825783736537487,0.2126255334348169,109.96399999999998,109.507,16.08459170988024,15.91,0.0202,-0.08,8.015873015873015e-05,0,0
2019-06-13,109.46,110.16,109.05,109.54,8406903,0.0024678957729214,0.1598657607494011,0.1824176036330668,0.212507638455657,109.798,109.489,15.944563712046826,15.82,0.02,-0.0899999999999998,7.936507936507937e-05,0,0
2019-06-14,109.57,110.3,108.63,109.82,9077685,0.0025528824951512,0.1362788965434147,0.176334409986408,0.2075327908092798,109.93,109.4145,16.021329762123546,15.28,0.02,-0.5400000000000009,7.936507936507937e-05,0,0
2019-06-17,109.7,110.37,109.06,109.22,8128583,-0.0054784651267188,0.1110236070541437,0.1765417122104985,0.2050252228816804,109.706,109.33700000000002,15.91089717359032,15.35,0.0203,0.0700000000000002,8.055555555555556e-05,0,0
2019-06-18,109.01,111.41,108.98,110.71,11057340,0.0135499731473678,0.1568674055752062,0.1826199216426496,0.1956465916198508,109.712,109.305,16.218605018803064,15.15,0.0204,-0.1999999999999993,8.095238095238096e-05,0,0
2019-06-19,110.82,111.59,109.695,109.91,13126542,-0.0072523207905664,0.13090410945903,0.183675932432963,0.1954166451505305,109.84,109.214,16.39014684525534,14.33,0.0196,-0.8200000000000003,7.777777777777778e-05,0,0
2019-06-20,110.88,111.085,109.0331,110.19,13638199,0.0025442994188765,0.1309530223568025,0.1819147941667473,0.1946766612969551,109.96999999999998,109.1825,16.42838516353862,14.75,0.0191,0.4199999999999999,7.579365079365079e-05,0,0
2019-06-21,110.19,111.67,109.09,109.44,27089546,-0.0068296946254453,0.1413024664006336,0.1687075949765844,0.1951805037719563,109.894,109.2225,17.114658454969202,15.4,0.0195,0.6500000000000004,7.738095238095238e-05,0,0
2019-06-24,109.28,109.77,108.54,108.66,13039577,-0.0071527127508632,0.1453173468601786,0.1668567134846705,0.1949198724605876,109.782,109.17,16.38349967528633,15.26,0.0192,-0.1400000000000005,7.619047619047618e-05,0,0
2019-06-25,108.68,108.98,107.67,107.76,18660111,-0.0083172090212683,0.0710679533845649,0.1649535983655229,0.1957260934480268,109.19199999999998,109.132,16.741898701918835,16.28,0.0192999999999999,1.0200000000000014,7.658730158730158e-05,0,0
2019-06-26,108.3,109.31,108.16,108.48,10324609,0.0066592920899767,0.1075198978628359,0.1665087216389718,0.1843788954156416,108.906,109.14499999999998,16.15004082684492,16.21,0.0196,-0.0700000000000002,7.777777777777778e-05,0,0
2019-06-27,108.84,109.55,108.44,108.84,10906607,0.0033130897229601,0.1099567776216961,0.1617216003857256,0.1842626205955307,108.636,109.234,16.2048793103556,15.82,0.0192999999999999,-0.3900000000000005,7.658730158730158e-05,0,0
2019-06-28,111.04,112.43,110.9,111.8,21634683,0.0268326468059532,0.2251458536505578,0.1804441352333842,0.1919497519053139,109.108,109.526,16.88980827934982,15.08,0.0192,-0.7400000000000002,7.619047619047618e-05,0,0
2019-07-01,113.23,114.52,113.08,113.68,12762478,0.0166759230678464,0.2121821595856525,0.187103817164471,0.1946174264544364,110.112,109.887,16.362020017653375,14.06,0.0194,-1.0199999999999996,7.698412698412698e-05,0,0
2019-07-02,113.51,114.2,113.22,113.8,10182625,0.0010550379033853,0.1701756039931475,0.1574488041628453,0.1944728727372126,111.32,110.09,16.13619339439302,12.93,0.0191,-1.1300000000000008,7.579365079365079e-05,0,0
2019-07-03,113.34,113.87,112.26,112.82,6849443,-0.0086488933804005,0.2212780909760319,0.161568414752639,0.1954887224667487,112.188,110.2245,15.739677893063645,12.57,0.0191,-0.3599999999999994,7.579365079365079e-05,0,0
2019-07-05,113.51,114.27,112.92,113.49,7929536,0.0059210990012174,0.2186718735650354,0.1624110903420579,0.1949199003263522,113.118,110.3805,15.886105079919314,13.28,0.0197999999999999,0.7099999999999991,7.857142857142857e-05,0,0
2019-07-08,112.96,113.48,112.5,112.87,6917209,-0.0054780133455124,0.1589285626119173,0.1579182832577861,0.1952981934175653,113.332,110.566,15.749522922537553,13.96,0.0199,0.6800000000000015,7.896825396825397e-05,0,0
2019-07-09,112.28,113.49,112.15,113.35,8947322,0.0042436629860029,0.0995494067667039,0.154609835227946,0.1948222773583138,113.266,110.7165,16.006864827599344,14.09,0.02,0.129999999999999,7.936507936507937e-05,0,0
2019-07-10,113.37,113.83,112.74,113.02,9242253,-0.0029155827518406,0.0994281876872874,0.1551821152701273,0.1711966033892202,113.11,110.8335,16.03929624506471,13.03,0.0192999999999999,-1.0600000000000005,7.658730158730158e-05,0,0
2019-07-11,113.37,114.36,113.12,114.1,11595170,0.0095104626663326,0.0993176039207308,0.1488303231962955,0.1704450486866058,113.366,111.075,16.266099190056313,12.93,0.0197,-0.0999999999999996,7.817460317460317e-05,0,0
2019-07-12,114.13,115.35,113.93,115.3,10783395,0.0104621704069834,0.1140183893178444,0.1517248738065843,0.1704367057793736,113.728,111.363,16.19351800892842,12.39,0.0196,-0.5399999999999991,7.777777777777778e-05,0,0
2019-07-15,115.54,115.57,113.53,113.9,12946597,-0.0122165568218767,0.1504219751141763,0.1605387088741889,0.1622938565733126,113.934,111.567,16.376343531654346,12.68,0.0195,0.2899999999999991,7.738095238095238e-05,0,0
2019-07-16,113.48,115.5,112.92,115.12,16944998,0.0106541921259759,0.1632732967334133,0.1610186569183986,0.1630263584779193,114.28799999999998,111.862,16.645483244994363,12.86,0.02,0.1799999999999997,7.936507936507937e-05,0,0
2019-07-17,114.43,114.94,113.73,113.99,13120924,-0.0098643373304252,0.1853583401174613,0.1614084801795718,0.1643194717545512,114.482,112.026,16.38971876582963,13.97,0.0195,1.1100000000000012,7.738095238095238e-05,0,0
2019-07-18,113.93,115.07,113.55,114.67,9400654,0.0059477128015259,0.1774694544950595,0.1587374845252868,0.1647471386990516,114.596,112.26399999999998,16.056289819288125,13.53,0.019,-0.4400000000000013,7.53968253968254e-05,0,0
2019-07-19,114.89,115.12,113.4,113.54,10402772,-0.0099032403076328,0.167659920884168,0.1643462626909432,0.165991849712518,114.244,112.4315,16.157582867058075,14.45,0.0194,0.92,7.698412698412698e-05,0,0
2019-07-22,112.91,114.45,112.77,114.27,9061487,0.006408871416042,0.1553830495305182,0.1621533779280789,0.1665087006486134,114.318,112.67299999999996,16.01954379258695,13.53,0.0195,-0.92,7.738095238095238e-05,0,0
2019-07-23,114.88,116.45,114.82,116.36,12752167,0.0181247644683786,0.1907218812447599,0.1676322439947973,0.1699077875467145,114.566,113.058,16.361211775911325,12.61,0.0197,-0.92,7.817460317460317e-05,0,0
2019-07-24,115.58,116.88,115.52,116.83,10011034,0.004031053102056,0.1583790268973008,0.1617905350795556,0.1675699932981368,115.134,113.5115,16.119198442659965,12.07,0.0197999999999999,-0.5399999999999991,7.857142857142857e-05,0,0
2019-07-25,116.89,117.24,115.32,115.71,10138368,-0.0096328258408109,0.1878955069337698,0.1684901891788758,0.1687498473853193,115.342,113.873,16.131837596428433,12.74,0.0199,0.6699999999999999,7.896825396825397e-05,0,0
2019-07-26,115.77,116.51,115.53,116.22,12800364,0.0043978857587134,0.1565687277705587,0.1685416138276806,0.1682278436982069,115.878,114.242,16.364984165985508,12.16,0.02,-0.5800000000000001,7.936507936507937e-05,0,0
2019-07-29,116.46,117.18,115.79,115.85,8500370,-0.0031886957685743,0.1644645034143485,0.1449357582838935,0.1683119002271114,116.194,114.4445,15.955620249924932,12.83,0.0197999999999999,0.6699999999999999,7.857142857142857e-05,0,0
2019-07-30,115.19,116.08,114.76,115.59,7121146,-0.0022468035722092,0.092147976341453,0.1343155041120582,0.1678968021086411,116.04,114.54,15.778579225492464,13.94,0.0197,1.1099999999999994,7.817460317460317e-05,0,0
2019-07-31,116.1,116.18,114.86,116.0,13647968,0.0035407438001886,0.0904007558400403,0.1346593503853599,0.1670356205727106,115.874,114.65,16.429101204044965,16.12,0.02,2.180000000000001,7.936507936507937e-05,0,1
2019-08-01,115.33,116.8,112.6,112.94,15664530,-0.026733486861674,0.201479879209155,0.1638972325967052,0.1726234074373751,115.31999999999998,114.656,16.566909478726494,17.87,0.0187999999999999,1.75,7.460317460317459e-05,1,1
2019-08-02,112.4,113.43,111.4,112.93,11025527,-8.85465091117068e-05,0.1907434818633034,0.162425155839494,0.1722733165058768,114.662,114.628,16.215723778608293,17.61,0.0185,-0.2600000000000015,7.341269841269842e-05,0,1
2019-08-05,110.79,110.98,108.27,109.57,15855328,-0.0302045433182771,0.2539128943651851,0.193691541409628,0.1830911200971621,113.406,114.463,16.57901615322089,24.59,0.0178,6.98,7.063492063492064e-05,0,0
2019-08-06,110.05,110.5,108.34,110.43,10203487,0.0078182216417375,0.2843661114554903,0.195500570037353,0.1838718485554253,112.374,114.317,16.138240082577845,20.17,0.018,-4.419999999999998,7.142857142857143e-05,0,0
2019-08-07,108.0,108.28,105.94,108.03,17320865,-0.0219728697301459,0.2700509764028668,0.2088318972036865,0.180654656238025,110.78,114.0675,16.66742240211477,19.49,0.0175,-0.6800000000000033,6.944444444444444e-05,0,0
2019-08-08,109.05,110.08,108.72,109.86,10903331,0.0167978615855808,0.3160501388372123,0.2157656020489075,0.183260616441213,110.16400000000002,113.8555,16.2045788968446,16.91,0.0179,-2.5799999999999983,7.103174603174603e-05,0,0
2019-08-09,109.35,110.45,108.29,109.74,9980834,-0.001092896283645,0.3150395647438566,0.2108316573383069,0.1831079013528171,109.526,113.5775,16.116177211930378,17.97,0.0178,1.0599999999999987,7.063492063492064e-05,0,0
2019-08-12,108.44,108.5146,107.21,107.68,9266348,-0.0189500657344115,0.2663240158699477,0.216245107997282,0.1851757620180309,109.148,113.2665,16.04189990091225,21.09,0.0175,3.120000000000001,6.944444444444444e-05,0,0
2019-08-13,107.95,110.33,107.03,109.34,12236560,0.0152984275704354,0.2905118423440018,0.2206630103693625,0.1877629363567986,108.93,112.9775,16.319938749796062,17.52,0.0186,-3.5700000000000003,7.380952380952382e-05,0,0
2019-08-14,106.3,106.91,104.45,104.8,19491849,-0.0424085215799115,0.3961242092920309,0.2613987260702117,0.20632612205617,108.28400000000002,112.518,16.785506936147623,22.1,0.0179,4.580000000000002,7.103174603174603e-05,0,0
2019-08-15,104.82,106.38,104.34,105.2,13365567,0.0038095284166676,0.357758391394359,0.2604057949166062,0.2063645904361296,107.352,112.0445,16.4081923308977,21.18,0.0172,-0.9200000000000016,6.825396825396825e-05,0,0
2019-08-16,106.37,107.98,105.87,107.72,11830550,0.0236719676397885,0.4272477732675778,0.2775488874021381,0.2118843275143959,106.948,111.7535,16.28619572684342,18.47,0.0171,-2.710000000000001,6.785714285714286e-05,0,0
2019-08-19,109.63,109.75,108.42,108.69,8265570,0.0089645256316973,0.4101594657691155,0.2787983351574177,0.2088290475708872,107.15,111.4745,15.927609252376492,16.88,0.0175,-1.59,6.944444444444444e-05,0,0
2019-08-20,107.85,108.44,107.24,107.31,8376105,-0.0127779516360594,0.4005565788224596,0.2699106384615451,0.2094322448011853,106.744,111.022,15.940893567270557,17.5,0.0172,0.620000000000001,6.825396825396825e-05,0,0
2019-08-21,108.21,108.43,107.45,107.61,8189648,0.0027917382732649,0.207932245647034,0.2694540761208721,0.2083672512617249,107.306,110.561,15.918381475662638,15.8,0.0177,-1.6999999999999993,7.023809523809524e-05,0,0
2019-08-22,108.37,109.27,107.93,108.72,9343395,0.0102621896305874,0.2100691428352743,0.2732732479241765,0.2093741248873804,108.01,110.2115,16.050180234522433,16.68,0.0179,0.879999999999999,7.103174603174603e-05,0,0
2019-08-23,108.0,108.78,105.11,106.02,14764096,-0.0251480142832283,0.2431648620621334,0.2824693718055834,0.2145632732393702,107.67,109.70149999999998,16.507708845413784,19.87,0.0173,3.1900000000000013,6.865079365079365e-05,0,0
2019-08-26,106.62,106.99,106.01,106.87,8211955,0.0079853869771453,0.2401645184114176,0.2859692079730767,0.2141395761587825,107.306,109.25249999999998,15.921101577320268,19.32,0.0175,-0.5500000000000007,6.944444444444444e-05,0,0
2019-08-27,107.35,107.56,104.84,105.74,14335951,-0.0106298917295012,0.2353023996691682,0.2868212157704317,0.2150480135876265,106.992,108.76000000000002,16.478280996222257,20.31,0.0177,0.9899999999999984,7.023809523809524e-05,0,0
2019-08-28,105.08,107.21,105.04,106.8,10584137,0.0099746757187904,0.2513206764803385,0.2900902033557419,0.206611957629596,106.83,108.3,16.17486692875967,19.35,0.0174,-0.9599999999999972,6.904761904761904e-05,0,0
2019-08-29,108.14,109.89,108.02,109.22,10002439,0.0224062701979132,0.2976743246948303,0.2917469386349516,0.2117230585607861,106.93,108.114,16.11833952121955,17.88,0.0175,-1.4700000000000024,6.944444444444444e-05,0,0
2019-08-30,109.84,110.56,109.47,109.86,10170206,0.0058426311904667,0.187705292854729,0.2929318544909938,0.2120273327464047,107.698,107.9605,16.134973023473485,18.98,0.0176,1.1000000000000014,6.984126984126985e-05,0,0
2019-09-03,108.98,108.99,107.32,108.56,9867833,-0.0119038123878605,0.2301984772258885,0.2757447758036201,0.2122289925031414,108.03600000000002,107.91,16.10479083309945,19.66,0.0172,0.6799999999999997,6.825396825396825e-05,0,0
2019-09-04,109.45,110.22,108.56,109.87,6929198,0.0119948331861758,0.1988510279919554,0.2777993118628005,0.2125153561732325,108.862,107.882,15.751254635753272,17.33,0.0169,-2.330000000000002,6.706349206349206e-05,0,0
2019-09-05,111.25,113.72,111.2,112.37,13224675,0.0224991492070213,0.2260436743230664,0.276534236917967,0.2174153194904166,109.976,108.099,16.39759496073749,16.27,0.0173,-1.0599999999999987,6.865079365079365e-05,0,0
2019-09-06,112.66,112.98,111.96,112.61,7836589,0.002133523789123,0.2013649733051027,0.2709475745715112,0.2157279741163665,110.654,108.2365,15.874314221122724,15.0,0.0173,-1.2699999999999996,6.865079365079365e-05,0,0
2019-09-09,113.71,116.06,113.6,115.4,13983434,0.024473832365065,0.2395985447636003,0.2829648601348882,0.2212284937882039,111.762,108.5195,16.45338390122995,15.27,0.0174,0.2699999999999996,6.904761904761904e-05,0,0
2019-09-10,116.3,117.27,115.73,116.87,14330294,0.0126578518710663,0.1432549471326434,0.2732406836080844,0.2225225835418472,113.424,108.979,16.477886315993057,15.2,0.0181,-0.0700000000000002,7.182539682539683e-05,0,0
2019-09-11,116.89,117.2,115.38,117.19,9905010,0.0027343433254452,0.1675143258748994,0.2700288246850574,0.2221316884197606,114.888,109.3715,16.108551247705396,14.61,0.0179,-0.5899999999999999,7.103174603174603e-05,0,0
2019-09-12,116.55,118.47,115.92,117.91,12281879,0.006125072318071,0.1475430409721994,0.208649016618828,0.2208824563495501,115.996,110.027,16.323635482007287,14.22,0.0182,-0.3899999999999988,7.222222222222223e-05,0,0
2019-09-13,119.0,120.4,118.75,120.23,16256651,0.0194849533982358,0.1434039128489897,0.2139251661534837,0.2233725290222872,117.52,110.77849999999998,16.604012675310464,13.74,0.0187999999999999,-0.4800000000000004,7.460317460317459e-05,0,0
2019-09-16,118.9,119.87,118.38,119.16,11873407,-0.0089394471417363,0.1700846641355398,0.2108615543137469,0.2243798258160936,118.272,111.3505,16.289811751517995,14.67,0.0186,0.9299999999999996,7.380952380952382e-05,0,0
2019-09-17,118.42,118.61,117.24,118.57,10817417,-0.0049636243751024,0.1752493939923963,0.2132120593410169,0.2241233353558541,118.612,111.8445,16.196668078299258,14.44,0.0187,-0.2300000000000004,7.420634920634921e-05,0,0
2019-09-18,118.32,120.08,117.75,119.76,10713520,0.0099862366413939,0.1822697033594708,0.2040734671973867,0.2241032427960697,119.126,112.467,16.18701705322474,13.95,0.0187,-0.4900000000000002,7.420634920634921e-05,0,1
2019-09-19,119.7,120.34,119.09,119.38,9458820,-0.0031780573708691,0.188388500581327,0.2062087733687946,0.2233761220410473,119.42,113.05549999999998,16.062458197518527,14.05,0.0187999999999999,0.1000000000000014,7.460317460317459e-05,1,1
2019-09-20,119.74,120.34,118.87,118.9,22075596,-0.0040288790437675,0.113882435418285,0.2077800891191202,0.2234379306175822,119.154,113.5645,16.909983302957333,15.32,0.0184,1.2699999999999996,7.301587301587302e-05,0,1
2019-09-23,117.78,119.12,117.68,118.88,9183072,-0.0001682227272872,0.0970865381322969,0.1772166753296109,0.2234330840041601,119.098,114.2075,16.032872347139897,14.91,0.0181,-0.4100000000000001,7.182539682539683e-05,0,0
2019-09-24,118.75,119.26,117.04,117.33,11850898,-0.0131241035339166,0.1319167034358212,0.1890882202773303,0.2190230690999527,118.85,114.7305,16.28791420326493,17.05,0.0178,2.140000000000001,7.063492063492064e-05,0,0
2019-09-25,117.27,118.36,117.12,118.0,9417130,0.0056941470301323,0.108594666830662,0.1802423757117306,0.216768842972886,118.498,115.3435,16.058040929217984,15.96,0.0182,-1.09,7.222222222222223e-05,0,0
2019-09-26,117.88,118.05,116.95,117.03,9918237,-0.0082543122789899,0.1150232327280672,0.1857506490609278,0.2175275911442835,118.028,115.855,16.109885741692477,16.07,0.0179,0.1099999999999994,7.103174603174603e-05,0,0
2019-09-27,117.96,118.64,117.28,117.72,10207848,0.0058786111785971,0.1345802975819661,0.1735713411758825,0.2169641588327858,117.792,116.28,16.138667394173716,17.22,0.0174,1.1499999999999986,6.904761904761904e-05,0,0
2019-09-30,118.36,118.77,117.22,117.69,9799593,-0.000254874475701,0.1345075923427597,0.1739441140853429,0.216699438094188,117.554,116.6715,16.097851412166136,16.24,0.0175,-0.9800000000000004,6.944444444444444e-05,0,0
2019-10-01,118.4,119.0,115.41,115.55,11327235,-0.0183507121691811,0.1636671220368876,0.1827693355381936,0.219826281641063,117.198,117.021,16.242720560855602,18.56,0.0173,2.3200000000000003,6.865079365079365e-05,0,0
2019-10-02,114.81,114.9,112.93,113.25,12621579,-0.0201055723572462,0.178564111527473,0.1970562572520805,0.22363447923631,116.248,117.19,16.350918526109584,20.56,0.0167,2.0,6.626984126984126e-05,0,0
2019-10-03,112.27,112.91,110.52,112.19,13018567,-0.0094039018062701,0.1787654862802394,0.1841120290844058,0.2243880028345289,115.28,117.181,16.38188712724356,19.12,0.0158,-1.4399999999999975,6.26984126984127e-05,0,0
2019-10-04,112.34,114.94,112.27,114.62,9619571,0.021428446566718,0.2687231437118706,0.1993016741517867,0.2278755882059507,114.66,117.2815,16.079310227052925,17.04,0.0158,-2.080000000000002,6.26984126984127e-05,0,0
2019-10-07,114.19,115.5,114.07,114.37,6807677,-0.002183502330466,0.2667667988888888,0.1788698999530885,0.2268852990877675,113.996,117.23,15.733561503926522,17.86,0.0163999999999999,0.8200000000000003,6.507936507936507e-05,0,0
2019-10-08,113.06,113.06,111.66,111.82,11587216,-0.0225483711946262,0.2805912064839164,0.1880748905251724,0.2301989843420175,113.25,116.9775,16.26541297938653,20.28,0.0162,2.4200000000000017,6.42857142857143e-05,0,0
2019-10-09,112.67,113.16,112.07,112.63,7331896,0.007217674461106,0.2640704201775221,0.1902978509675508,0.2296070358421396,113.126,116.74949999999998,15.80774470344397,18.64,0.0159,-1.6400000000000006,6.30952380952381e-05,0,0
2019-10-10,113.14,115.4,113.0,114.21,11169000,0.0139307490029105,0.2697320007266917,0.1966216938335154,0.2305785064973401,113.53,116.5645,16.228652641522963,17.57,0.0163,-1.0700000000000005,6.468253968253968e-05,0,0
2019-10-11,116.03,117.99,115.87,116.14,15187536,0.0167575008813882,0.2516823036342285,0.1929475706902147,0.2328163992854436,113.834,116.36,16.535985649432604,15.58,0.0167,-1.99,6.626984126984126e-05,0,0
2019-10-14,115.85,116.87,115.66,116.45,8864899,0.0026656363864461,0.2481635490192924,0.1915894245608532,0.2319070767443191,114.25,116.2245,15.997610104306537,14.57,0.0167,-1.0099999999999998,6.626984126984126e-05,0,0
2019-10-15,118.85,121.59,117.87,119.96,30519044,0.0296963575504583,0.1642911155534536,0.2198568894126411,0.2392688783006441,115.878,116.294,17.233861440167782,13.54,0.0165,-1.0300000000000011,6.547619047619048e-05,0,0
2019-10-16,119.96,120.62,119.38,119.68,11630767,-0.0023368396546411,0.1995546561689781,0.2172017413300614,0.2366042369059481,117.288,116.29,16.26916447244921,13.68,0.0159,0.1400000000000005,6.30952380952381e-05,0,0
2019-10-17,120.75,121.57,119.88,120.35,11063087,0.0055826500029136,0.2036017600973894,0.2177449523805122,0.2367253480940266,118.516,116.3385,16.21912462903747,13.79,0.0159,0.1099999999999994,6.30952380952381e-05,0,0
2019-10-18,120.0,121.02,119.86,120.56,10417417,0.0017433900891591,0.2023023911711507,0.2171493494949634,0.2357928154642,119.4,116.4215,16.158989674884396,14.25,0.0158,0.4600000000000008,6.26984126984127e-05,0,0
2019-10-21,122.05,123.77,121.99,123.55,13269316,0.0244983781163791,0.2274494497456753,0.2329303190348098,0.2406923646640558,120.82,116.655,16.40096486014193,14.0,0.0159,-0.25,6.30952380952381e-05,0,0
2019-10-22,123.45,125.1,123.12,124.79,12654722,0.009986392085144,0.1641929700081834,0.2275071929027195,0.2412224324216881,121.78600000000002,117.028,16.353540984118332,14.46,0.0159,0.4600000000000008,6.30952380952381e-05,0,0
2019-10-23,124.2,125.15,124.17,125.12,9395088,0.0026409522772379,0.147617290434964,0.2273003072373839,0.2411287216913434,122.874,117.384,16.055697557470243,14.01,0.0158,-0.450000000000001,6.26984126984127e-05,0,0
2019-10-24,125.29,125.66,124.07,125.03,8054250,-0.0007195682900927,0.1625399278968566,0.2239318592854204,0.2411192361675674,123.81,117.784,15.901710460388571,13.71,0.0159,-0.2999999999999989,6.30952380952381e-05,0,0
2019-10-25,125.0,126.65,124.75,126.03,9053809,0.007966265342492,0.1541279065752903,0.2243721200534293,0.2343095316688259,124.904,118.1995,16.018696111107193,12.65,0.016,-1.0600000000000005,6.349206349206349e-05,0,0
2019-10-28,126.57,127.21,126.4,126.51,9370791,0.0038013825771779,0.0678285543645823,0.2239548344204773,0.2343092679444696,125.496,118.6405,16.053108069008033,13.11,0.016,0.4599999999999991,6.349206349206349e-05,0,0
2019-10-29,126.06,127.42,125.94,126.43,9680627,-0.0006325611027718,0.0570766092751062,0.2092564589680257,0.2246453586851458,125.824,119.1845,16.08563722988237,13.2,0.0159,0.0899999999999998,6.30952380952381e-05,0,0
2019-10-30,126.05,126.26,124.92,125.73,8513252,-0.0055520447187165,0.0813033381776493,0.1922453485223561,0.2249352020311309,125.946,119.8085,15.957134566213574,12.33,0.0159,-0.8699999999999992,6.30952380952381e-05,0,1
2019-10-31,125.49,125.73,123.86,124.92,11589021,-0.006463218190212,0.0974556047298244,0.1895414127637586,0.2200192373644795,125.924,120.445,16.26556874237805,13.22,0.0153,0.8900000000000006,6.071428571428572e-05,1,1
2019-11-01,126.2,127.99,126.02,127.8,11675083,0.0227930095285565,0.1891780767789507,0.1911296141256309,0.2220263399917604,126.278,121.104,16.272967470701673,12.3,0.0153,-0.92,6.071428571428572e-05,0,1
2019-11-04,129.08,129.42,128.56,128.82,9158648,0.0079495391753101,0.1928329939601505,0.189141603016795,0.2221710161566712,126.74,121.8265,16.030209127503344,12.83,0.0156,0.5299999999999994,6.19047619047619e-05,0,0
2019-11-05,129.39,130.3,128.84,129.1,13740603,0.0021712167338522,0.1899442324889581,0.1574410422526236,0.2175603136410027,127.274,122.6905,16.435865730258378,13.1,0.0162,0.2699999999999996,6.42857142857143e-05,0,0
2019-11-06,128.69,129.84,128.58,129.3,11231073,0.0015479879252151,0.1729550216463269,0.1587065702413803,0.2160666556450798,127.988,123.524,16.23419486979049,12.62,0.0158,-0.4800000000000004,6.26984126984127e-05,0,0
2019-11-07,130.43,131.29,129.92,130.0,13527401,0.0053991646777706,0.137751797087814,0.1565697018121875,0.1944831170785083,129.004,124.3135,16.420227890046817,12.73,0.0158,0.1100000000000012,6.26984126984127e-05,0,0
2019-11-08,129.88,130.4,129.25,130.38,9293368,0.0029188130408107,0.0420616519401226,0.1521591615137413,0.194487415729613,129.51999999999998,125.0255,16.044811585454127,12.07,0.0158,-0.6600000000000001,6.26984126984127e-05,0,0
2019-11-11,129.6,130.1,129.35,129.92,8679006,-0.0035343870830255,0.0519349293991001,0.1554008559876735,0.1904305935619835,129.74,125.699,15.976417563950028,12.69,0.0158,0.6199999999999992,6.26984126984127e-05,0,0
2019-11-12,129.63,130.62,129.01,129.16,9098990,-0.0058669305232932,0.0740066686492022,0.1312771014667377,0.1909125570448324,129.752,126.159,16.023673976316353,12.68,0.0158,-0.0099999999999997,6.26984126984127e-05,0,0
2019-11-13,128.13,128.82,127.42,128.48,8096654,-0.0052786956916229,0.081081581375092,0.1334668631234734,0.1888941535624499,129.58800000000002,126.599,15.906961447879215,13.0,0.0157,0.3200000000000003,6.230158730158731e-05,0,0
2019-11-14,127.72,128.84,127.59,128.6,8483395,0.0009335616050675,0.0618499271913147,0.1335468822582608,0.1889413202147977,129.308,127.0115,15.953621281421482,13.05,0.0155,0.0500000000000007,6.150793650793651e-05,0,0
2019-11-15,129.23,129.53,128.4,129.53,10163564,0.0072057027386457,0.0865906036708438,0.1341006209669396,0.1885408705976009,129.13799999999998,127.46,16.13431972600467,12.05,0.0154,-1.0,6.111111111111111e-05,0,0
2019-11-18,129.56,130.65,128.99,130.62,8749271,0.0083798299323463,0.1063491056512276,0.1109779160421299,0.1795281731056358,129.278,127.8135,15.984480940577257,12.46,0.0154,0.4100000000000001,6.111111111111111e-05,0,0
2019-11-19,130.99,131.25,130.18,130.58,8822987,-0.0003062787160236,0.0894703790882353,0.1080926767018638,0.1794431483662602,129.56199999999998,128.103,15.992871032781418,12.86,0.0154,0.3999999999999986,6.111111111111111e-05,0,0
2019-11-20,130.3,130.62,128.94,129.63,11782789,-0.007301827146536,0.100569919400237,0.1132748934119048,0.1784634909097606,129.792,128.3285,16.282150465380766,12.78,0.0154,-0.08,6.111111111111111e-05,0,0
2019-11-21,130.0,130.72,129.39,129.93,7568586,0.0023116052826936,0.1003128449080111,0.1129015078580275,0.177947022788854,130.05800000000002,128.57350000000002,15.839516818005844,13.13,0.0155,0.3500000000000014,6.150793650793651e-05,0,0
2019-11-22,130.15,131.22,130.1,130.79,8166883,0.0065971396064159,0.098420511779383,0.1120306133537947,0.173580451200797,130.31,128.8115,15.915597876291915,12.34,0.0156,-0.7900000000000009,6.19047619047619e-05,0,0
2019-11-25,131.25,132.07,130.87,131.49,10068496,0.0053378195977665,0.0876535744274228,0.1125165950960625,0.173548268621232,130.48399999999998,129.0605,16.124921899021878,11.87,0.0158,-0.4700000000000006,6.26984126984127e-05,0,0
2019-11-26,131.82,131.82,130.36,131.67,10494979,0.0013679892694245,0.0864854339723278,0.1121356269316221,0.1707911853468448,130.702,129.3225,16.166407510282035,11.54,0.0159,-0.33,6.30952380952381e-05,0,0
2019-11-27,132.29,132.43,131.65,132.06,6607522,0.002957572398173,0.0345903515498006,0.1085136459680431,0.1698086420333328,131.18800000000002,129.639,15.703719255004792,11.75,0.016,0.2100000000000008,6.349206349206349e-05,0,0
2019-11-29,131.87,132.41,131.45,131.76,5712035,-0.0022742788970404,0.0553805077176156,0.1049058172131622,0.165227380080137,131.554,129.981,15.558085910433766,12.62,0.016,0.8699999999999992,6.349206349206349e-05,0,0
2019-12-02,132.31,132.74,131.35,131.47,8615615,-0.0022033971608719,0.052505965485282,0.0743782263778213,0.1655244179100738,131.69,130.1645,15.969086812511724,14.91,0.016,2.290000000000001,6.349206349206349e-05,0,0
2019-12-03,129.77,129.96,128.59,129.78,10648459,-0.0129379795154905,0.0984242322842527,0.0860761658667137,0.1621114995973092,131.348,130.2125,16.18092574481472,15.96,0.0157,1.0500000000000007,6.230158730158731e-05,0,0
2019-12-04,130.38,132.47,129.99,132.34,10318220,0.0195336593908909,0.1882614580925438,0.1097106929584004,0.1646426636798368,131.482,130.37449999999998,16.14942182252104,14.8,0.0156,-1.16,6.19047619047619e-05,0,0
2019-12-05,132.68,133.31,132.18,133.06,9587358,0.0054257857298279,0.1906659684262115,0.1107142881495959,0.164781255199841,131.682,130.5625,16.075955913596204,14.52,0.0156,-0.2800000000000011,6.19047619047619e-05,0,0
2019-12-06,134.69,135.78,134.65,135.04,10170616,0.0147708765339053,0.2070550745146757,0.119792382337441,0.166621879940664,132.33800000000002,130.8145,16.135013336495255,13.62,0.0157,-0.9000000000000004,6.230158730158731e-05,0,0
2019-12-09,134.63,135.46,134.41,134.41,8497729,-0.00467620076459,0.2130698449149636,0.1219514114573829,0.1632779797057224,132.926,131.01600000000002,15.955309509291965,15.86,0.0156,2.24,6.19047619047619e-05,0,0
2019-12-10,133.25,134.77,132.88,134.5,7532859,0.0006693689588368,0.1580018318357131,0.1205444366412405,0.1617442227450372,133.87,131.245,15.83478520899028,15.68,0.0156,-0.1799999999999997,6.19047619047619e-05,0,0
2019-12-11,134.29,135.02,134.01,134.18,8414899,-0.0023820169071517,0.1223150440484317,0.1182433893780541,0.1613543086131577,134.238,131.496,15.945514383158306,14.99,0.0155,-0.6899999999999995,6.150793650793651e-05,0,0
2019-12-12,134.49,138.47,134.21,138.02,13716565,0.0282164200577137,0.2208846345219798,0.1474233861451384,0.1693079444843358,135.23000000000002,131.973,16.43411478448412,13.94,0.0155,-1.0500000000000007,6.150793650793651e-05,0,0
2019-12-13,137.95,138.83,136.22,136.81,10589082,-0.0088055002604331,0.2338160948690464,0.1536644670854239,0.1704835989750042,135.584,132.3835,16.175334028267773,12.63,0.0154,-1.3099999999999987,6.111111111111111e-05,0,0
2019-12-16,138.38,138.84,137.32,137.34,11371373,0.0038665012605076,0.224747265945186,0.1529349160514146,0.1700045641934106,136.17000000000002,132.774,16.246609614812684,12.14,0.0154,-0.4900000000000002,6.111111111111111e-05,0,0
2019-12-17,137.73,138.67,137.23,138.18,11546590,0.0060975798681185,0.2224957220734917,0.1520678354449747,0.1700847543066393,136.906,133.152,16.261900713245492,12.29,0.0153,0.1499999999999985,6.071428571428572e-05,0,0
2019-12-18,138.15,139.02,137.72,138.04,10381310,-0.0010136848308462,0.2196753457492782,0.1522808895961965,0.1671158330743267,137.67800000000005,133.525,16.15551763197785,12.58,0.0154,0.2900000000000009,6.111111111111111e-05,0,0
2019-12-19,137.76,138.22,137.1,137.35,9350387,-0.0050110856885198,0.0975571246883834,0.1504762293115789,0.1677380813889719,137.544,133.911,16.050928290782643,12.5,0.0152,-0.08,6.031746031746032e-05,0,0
2019-12-20,138.02,138.88,136.9,137.24,29954604,-0.0008011945510338,0.0696225254707083,0.1510401971613514,0.1663812210741174,137.63,134.2765,17.215193593583034,12.51,0.0152,0.0099999999999997,6.031746031746032e-05,0,0
2019-12-23,137.6,137.91,136.88,137.2,9738389,-0.0002915026984642,0.0634175508937031,0.1506839313613425,0.1663511304340294,137.602,134.59699999999998,16.091586261527883,12.61,0.0153,0.0999999999999996,6.071428571428572e-05,0,0
2019-12-24,137.33,137.63,137.06,137.58,3324291,0.0027658508060834,0.0439984830763166,0.1502931845128058,0.1662485759146097,137.48200000000003,134.9015,15.01676697625198,12.67,0.0153,0.0600000000000005,6.071428571428572e-05,0,0
2019-12-26,137.89,139.1,137.78,139.04,6770873,0.0105560954192137,0.0920511270341583,0.1530798216271966,0.1611647718554896,137.68200000000002,135.27,15.7281405878305,12.65,0.0153,-0.0199999999999995,6.071428571428572e-05,0,0
2019-12-27,139.3,139.77,138.67,139.14,7868174,0.0007189589784132,0.0739459266522919,0.1532405116330733,0.153851200287038,138.04000000000002,135.624,15.878336573142336,13.43,0.0151,0.7799999999999994,5.992063492063492e-05,0,0
2019-12-30,139.9,140.08,138.47,138.63,6962744,-0.0036721069452104,0.0843207436174883,0.1539104418149358,0.1522488778583597,138.318,135.96750000000003,15.756084207486923,14.82,0.0157,1.3900000000000006,6.230158730158731e-05,0,0
2019-12-31,138.51,139.48,138.29,139.4,7201567,0.0055389847761389,0.0844305936433886,0.1531968311938852,0.1476830185889074,138.75799999999998,136.36399999999998,15.789809199195265,13.78,0.0159,-1.040000000000001,6.30952380952381e-05,0,0
2020-01-02,139.79,141.1,139.26,141.09,10802713,0.0120504862986428,0.1048184642894364,0.1442910843623094,0.1483208709193524,139.46,136.92950000000002,16.195307864251784,12.47,0.0156,-1.3099999999999987,6.19047619047619e-05,0,0
2020-01-03,137.5,139.23,137.08,138.34,10386627,-0.0196835614526276,0.1898719075439348,0.1556410626535639,0.1462740732818885,139.32,137.2295,16.156029671292703,14.02,0.0155,1.549999999999999,6.150793650793651e-05,0,0
2020-01-06,136.56,138.27,136.5,138.23,10238065,-0.0007954586961728,0.1893069543805992,0.1555065093449075,0.1463370437370075,139.13799999999998,137.488,16.14162319487578,13.85,0.0154,-0.1699999999999999,6.111111111111111e-05,0,0
2020-01-07,137.28,137.86,135.82,135.88,10545115,-0.0171468211838826,0.2213472534585412,0.1616359436512986,0.1505950844978374,138.588,137.53000000000003,16.17117327747803,13.79,0.0153,-0.0600000000000005,6.071428571428572e-05,0,0
2020-01-08,135.7,137.58,135.6,136.94,9695164,0.0077707304005336,0.2278816377157967,0.1625789921687189,0.1481685574001712,138.096,137.6565,16.087137762451867,13.45,0.0155,-0.3399999999999998,6.150793650793651e-05,0,0
2020-01-09,138.05,138.23,137.04,137.44,9469028,0.0036445845430283,0.197374104382126,0.1628579250573577,0.1481798780659071,137.366,137.8035,16.0635368199789,12.54,0.0154,-0.91,6.111111111111111e-05,0,0
2020-01-10,137.21,137.25,135.81,136.07,10190307,-0.0100179990331782,0.1614849121647754,0.1672090605733181,0.1394419679016662,136.912,137.898,16.136947532321138,12.56,0.0153,0.0200000000000013,6.071428571428572e-05,0,0
2020-01-13,136.19,137.2,135.76,137.2,12130754,0.0082702560890177,0.1819086882102964,0.135692840536919,0.1396945548347176,136.706,137.857,16.311254438922433,12.32,0.0153,-0.2400000000000002,6.071428571428572e-05,0,0
2020-01-14,137.94,140.76,137.69,138.8,24905963,0.0115943327809194,0.1343342467702014,0.1380302969618597,0.1408407542030092,137.29000000000002,137.9565,17.030617810676326,12.39,0.0153,0.0700000000000002,6.071428571428572e-05,0,0
2020-01-15,137.85,138.6,136.15,136.72,16289273,-0.0150990092653687,0.1851154200887771,0.1483325193897377,0.1453227467387777,137.246,137.9255,16.606017350975836,12.42,0.0154,0.0299999999999993,6.111111111111111e-05,0,0
2020-01-16,137.45,137.9,136.84,137.25,10471626,0.0038690415823045,0.1854249902635094,0.1472796027458705,0.1376893180624149,137.208,137.879,16.16417987164839,12.32,0.0154,-0.0999999999999996,6.111111111111111e-05,0,0
2020-01-17,137.54,138.29,137.32,138.2,14668600,0.0068978309439293,0.1674561026703633,0.1494592511311459,0.1370444326515135,137.634,137.887,16.50121971270899,12.1,0.0156,-0.2200000000000006,6.19047619047619e-05,0,0
2020-01-21,137.19,138.07,136.69,136.84,8472375,-0.0098895512241655,0.1812373890078073,0.1526234223712675,0.1390684640320596,137.562,137.86149999999998,15.952321428739872,12.85,0.0154,0.75,6.111111111111111e-05,0,0
2020-01-22,137.24,137.4,136.38,136.68,7548317,-0.0011699328623128,0.1468544715246194,0.1526487458516122,0.139102117512463,137.13799999999998,137.83350000000002,15.836835182468924,12.91,0.0155,0.0600000000000005,6.150793650793651e-05,0,0
2020-01-23,135.71,136.74,134.72,136.54,9344956,-0.0010248152569569,0.1011570689562259,0.1526764840628009,0.1385320036716462,137.102,137.8005,16.0503472904605,12.98,0.0155,0.0700000000000002,6.150793650793651e-05,0,0
2020-01-24,136.37,136.43,132.32,133.15,15164604,-0.0251412997301928,0.1937620952349772,0.175775799931378,0.1486592449205585,136.282,137.579,16.53447458600423,14.56,0.0155,1.58,6.150793650793651e-05,0,0
2020-01-27,130.27,132.94,129.71,132.03,12854512,-0.0084471427688315,0.1560354944310048,0.1711758914785837,0.1498505797671014,135.048,137.2285,16.36920543607902,18.23,0.0153,3.67,6.071428571428572e-05,0,0
2020-01-28,132.84,134.97,132.48,134.43,13060214,0.0180144479750515,0.2468515138139774,0.1859753414253563,0.1533775424895104,134.56599999999997,136.993,16.38508106758949,16.28,0.0153,-1.9499999999999995,6.071428571428572e-05,0,0
2020-01-29,134.81,135.54,133.69,134.23,9324279,-0.0014888709666167,0.2466677930754709,0.1858330975271052,0.1526649005294122,134.076,136.773,16.04813220147003,16.39,0.0151,0.1099999999999994,5.992063492063492e-05,0,0
2020-01-30,132.69,136.13,132.69,135.89,9032548,0.0122909884328612,0.2722710051640955,0.1907597297958373,0.1477581353440508,133.94599999999997,136.59750000000005,16.016345056133183,15.49,0.0148,-0.9000000000000004,5.873015873015873e-05,0,0
2020-01-31,134.49,134.83,131.47,132.36,12776147,-0.0263202518789944,0.278916602515855,0.2034138594582625,0.1572809862369052,133.78799999999998,136.161,16.363090474759446,18.84,0.0144999999999999,3.35,5.753968253968253e-05,0,0
2020-02-03,132.66,134.24,132.66,133.37,10021004,0.0076017375808916,0.2758642150613873,0.1970347191109193,0.1579269794139415,134.05599999999998,135.9125,16.120193848202145,17.97,0.0146,-0.870000000000001,5.793650793650794e-05,0,0
2020-02-04,135.55,136.6,135.08,135.29,9156096,0.0142934019809656,0.2632483701697717,0.2051954930259651,0.1604141331984768,134.22799999999998,135.7655,16.029930444927544,16.05,0.0148,-1.9199999999999984,5.873015873015873e-05,0,0
2020-02-05,136.57,137.73,136.01,137.59,10150018,0.0168576258244562,0.2826198614371168,0.2053717098520929,0.1635198607238916,134.9,135.851,16.132986036849513,15.15,0.0149,-0.9000000000000004,5.912698412698413e-05,0,0
2020-02-06,138.24,138.29,137.11,137.61,8992226,0.0001453488374652,0.2758014222692879,0.2036292116216156,0.1634757029980936,135.244,135.8845,16.011870984251726,14.96,0.0151,-0.1899999999999995,5.992063492063492e-05,0,0
2020-02-07,136.73,137.67,136.3,137.17,6379266,-0.0032025647868748,0.1378686158216884,0.2035631276826279,0.1634386729835709,136.206,135.871,15.668563601680614,15.47,0.0149,0.5099999999999998,5.912698412698413e-05,0,0
2020-02-10,136.95,137.85,136.75,137.74,5958529,0.0041468176262367,0.1393124630609676,0.2005961436824314,0.1629542068396552,137.08,135.9545,15.60033419649788,15.04,0.0144999999999999,-0.4300000000000015,5.753968253968253e-05,0,0
2020-02-11,138.26,138.82,137.78,138.0,6577580,0.0018858350406525,0.1220736990871293,0.1986330328927585,0.1624222581378389,137.622,135.99450000000002,15.69917745449841,15.18,0.0148,0.1400000000000005,5.873015873015873e-05,0,0
2020-02-12,138.6,139.29,137.8,138.0,7948022,0.0,0.042934141409039,0.1940937738223491,0.1624398539121462,137.704,135.9545,15.88843365064196,13.74,0.0149,-1.4399999999999995,5.912698412698413e-05,0,0
2020-02-13,137.75,138.34,136.4,137.88,7446249,-0.0008699435085401,0.0441908064790159,0.1861008222447945,0.1620019702672591,137.75799999999998,136.0125,15.82322097362924,14.15,0.0148,0.4100000000000001,5.873015873015873e-05,0,0
2020-02-14,137.84,138.19,136.94,137.46,6627562,-0.0030507759552053,0.0434193570885727,0.186022050331834,0.1614832097549201,137.81599999999997,136.023,15.706747572061952,13.68,0.0149,-0.4700000000000006,5.912698412698413e-05,0,0
2020-02-18,137.34,137.71,135.05,135.64,8996386,-0.0133286484360214,0.095268756482448,0.18999760358605,0.1640663704300886,137.396,135.895,16.012333499099917,14.83,0.0147,1.1500000000000004,5.833333333333333e-05,0,0
2020-02-19,136.91,138.39,136.34,137.49,7070602,0.0135468699317047,0.152364865250651,0.1935274699578243,0.1653181630489675,137.294,135.9275,15.771456182762678,14.38,0.0147,-0.4499999999999993,5.833333333333333e-05,0,0
2020-02-20,137.17,138.36,136.53,137.49,7422767,0.0,0.152364865250651,0.1934592123481766,0.1653065793542286,137.192,135.96800000000002,15.82006245668073,15.56,0.0146,1.1799999999999995,5.793650793650794e-05,0,0
2020-02-21,136.55,136.92,134.92,135.81,9771933,-0.0122943370731655,0.1731456854298227,0.1985481519112379,0.1670708653426962,136.778,135.9315,16.09502485501207,17.08,0.0143,1.5199999999999978,5.674603174603175e-05,0,0
2020-02-24,131.44,133.2,130.8,132.16,13609518,-0.0272435403433089,0.2440398658313483,0.2021487155449711,0.1762391593043859,135.71800000000002,135.882,16.426279958864587,25.03,0.0135,7.950000000000003,5.3571428571428575e-05,0,0
2020-02-25,131.0,132.23,125.59,126.26,20788110,-0.0456700368331883,0.3667981964005671,0.2574764161470033,0.1995931281950685,133.842,135.5935,16.849891746610805,27.85,0.013,2.8200000000000003,5.158730158730159e-05,0,0
2020-02-26,126.93,128.95,126.34,126.64,24825561,0.0030051426332771,0.3211092795533763,0.2471249826824665,0.199596874541358,131.672,135.204,17.027384365827487,27.56,0.0126,-0.2900000000000027,5e-05,0,0
2020-02-27,122.91,125.62,121.3,121.37,22990139,-0.0425046844544865,0.3257566061180601,0.2839721354342491,0.2172052034492021,128.448,134.56099999999998,16.950575942828088,39.16,0.0118,11.599999999999998,4.682539682539682e-05,0,0
2020-02-28,117.52,118.49,112.66,116.11,45930484,-0.0443057134793553,0.3267295738331939,0.3082011647772966,0.2343568762520207,124.508,133.572,17.64263959402133,40.11,0.0097,0.9500000000000028,3.849206349206349e-05,0,0
2020-03-02,116.63,121.58,114.46,121.52,27348026,0.0455408406486026,0.6413673143417333,0.3533775836295769,0.2527003204786655,122.38,133.03,17.124154908724744,33.42,0.0089,-6.689999999999998,3.531746031746032e-05,0,0
2020-03-03,120.97,122.95,116.24,116.96,32534974,-0.0382468622860491,0.6221850728823894,0.3700282772082163,0.2601865964496632,120.52,132.2095,17.297826191771513,36.82,0.0073,3.3999999999999986,2.896825396825397e-05,0,1
2020-03-04,118.33,120.19,114.7,119.85,25788150,0.0244089648789249,0.677920776799871,0.3792190107544902,0.2653758302077076,119.162,131.4375,17.06542564205464,31.99,0.0059,-4.830000000000002,2.341269841269841e-05,1,1
2020-03-05,115.67,116.43,112.58,113.97,24848069,-0.0503057050127494,0.7025592139423515,0.3997704711519452,0.2811248105185239,117.682,130.2565,17.0282906012502,39.62,0.0048,7.629999999999999,1.904761904761905e-05,0,1
2020-03-06,106.26,110.32,105.02,108.08,38153871,-0.0530635622157004,0.729700094750758,0.4266058402389148,0.2993810594118041,116.076,128.78000000000003,17.45713777843713,41.94,0.0039,2.3200000000000003,1.5476190476190476e-05,0,0
2020-03-09,96.57,99.23,93.0,93.44,40283062,-0.1455521745720265,0.965020168967362,0.6354520571172254,0.4171968712205391,110.46,126.5935,17.5114416408003,54.46,0.0031,12.520000000000003,1.23015873015873e-05,0,0
2020-03-10,99.0,101.28,94.58,100.7,31064427,0.0748262806445996,1.3339645525829813,0.7144974619407294,0.4489129198110085,107.208,124.7415,17.25157389611426,47.3,0.0043,-7.160000000000004,1.7063492063492063e-05,0,0
2020-03-11,97.7,100.05,94.55,95.96,38012372,-0.0482143617530228,1.2441790049025157,0.7202871511235663,0.4522298722426209,102.43,122.6395,17.453422243648703,53.9,0.004,6.600000000000001,1.5873015873015872e-05,0,0
2020-03-12,89.59,96.96,86.32,88.05,49692504,-0.0860266030292786,1.2800753445480453,0.7553848957716846,0.4810087375543177,97.246,120.14199999999998,17.721364654741933,75.47,0.0039,21.57,1.5476190476190476e-05,0,0
2020-03-13,95.99,103.99,92.0,103.91,38399766,0.1656203049223402,2.0021723290237383,1.007595348217568,0.5972861831805371,96.412,118.4435,17.46356192378939,57.83,0.0038,-17.64,1.507936507936508e-05,0,1
2020-03-16,85.2,93.98,84.55,88.36,38463444,-0.1621057613126389,2.075976156928588,1.1345527564913476,0.678334402659047,95.396,115.9885,17.465218841697666,82.69,0.0029,24.86,1.1507936507936508e-05,1,1
2020-03-17,90.89,97.44,87.5,93.76,35228522,0.0593189472767861,2.0380744032807554,1.1707277003060943,0.6919133107924169,94.008,113.8945,17.377366596556307,75.91,0.003,-6.780000000000001,1.1904761904761903e-05,0,1
2020-03-18,87.67,90.79,80.36,83.89,41348022,-0.1112319089704993,2.150193117505244,1.2086484090933942,0.7244510769260878,91.594,111.2145,17.537535142739635,76.45,0.0021,0.5400000000000063,8.333333333333332e-06,0,0
2020-03-19,81.56,88.11,76.91,85.3,32161864,0.0166680376394301,2.0951358427006914,1.2146001155273063,0.7260976241879419,91.044,108.605,17.28629196079442,72.0,0.002,-4.450000000000003,7.936507936507936e-06,0,0
2020-03-20,86.3,89.46,82.48,83.5,30148033,-0.0213278226408236,1.4492433372729931,1.213881422868372,0.7264326961793371,86.962,105.9895,17.221630238544872,66.04,0.0015,-5.959999999999994,5.9523809523809525e-06,0,0
2020-03-23,82.68,83.75,78.09,79.03,32482544,-0.0550191046399258,1.0397659718856027,1.218762659899029,0.732309995150942,85.096,103.333,17.29621339531365,61.59,0.0017,-4.450000000000003,6.746031746031747e-06,0,0
2020-03-24,84.9,90.1,82.9,88.43,34300265,0.1123837513707599,1.3299901873250024,1.3101358308771769,0.7726878417327642,84.03,101.4415,17.350663638053845,61.67,0.0025,0.0799999999999983,9.92063492063492e-06,0,0
2020-03-25,89.24,95.15,84.54,91.73,38035335,0.0366382009339205,1.00824466228748,1.322602065521136,0.777817599606689,85.598,99.696,17.454026154051892,63.95,0.0019,2.280000000000001,7.5396825396825394e-06,0,0
2020-03-26,94.08,98.57,93.54,98.12,29820215,0.0673417398687243,1.0669161631291582,1.3507201698210882,0.7925688649036602,88.162,98.5335,17.2106970772011,61.0,0.0013,-2.950000000000003,5.158730158730158e-06,0,0
2020-03-27,93.19,94.84,90.55,91.13,30015761,-0.0739041608822532,1.2666608067291676,1.364522424868754,0.804365863661311,89.688,97.2845,17.217233168336346,65.54,0.0011,4.540000000000006,4.365079365079366e-06,0,0
2020-03-30,90.65,94.09,89.3,93.5,21651652,0.0256743777866058,1.093342588000545,1.3551796754324947,0.8062325498624167,92.582,95.8835,16.89059231435159,57.08,0.0014,-8.460000000000008,5.555555555555557e-06,0,0
2020-03-31,92.05,94.17,89.34,90.03,23343919,-0.0378184881742558,0.9175752361414524,1.3550751208243612,0.8083187427053357,92.902,94.537,16.965847079896328,53.54,0.0017,-3.539999999999999,6.746031746031747e-06,0,0
2020-04-01,85.1,86.56,83.25,84.36,27991972,-0.0650495925098116,0.9693391789557622,1.359445542501158,0.8168391257067338,91.428,92.7625,17.147428312743365,57.06,0.0016,3.520000000000003,6.349206349206349e-06,0,0
2020-04-02,83.51,87.91,82.96,87.51,24008569,0.0366597169371658,0.8136131753079218,1.366689279875519,0.8217587655027405,89.306,91.4395,16.99392136625468,50.91,0.0014,-6.150000000000006,5.555555555555557e-06,0,0
2020-04-03,86.0,87.48,82.77,84.05,21190825,-0.0403412126931151,0.7092215073489301,1.3625083622047267,0.8238942314375334,87.89,90.238,16.869078862945774,46.8,0.0015,-4.109999999999999,5.9523809523809525e-06,0,0
2020-04-06,88.99,90.99,87.7,89.46,26803056,0.0623797381500773,0.874326355356695,1.2914060714711024,0.8361826720012906,87.082,90.039,17.104026468830924,45.24,0.002,-1.5599999999999952,7.936507936507936e-06,0,0
2020-04-07,94.45,94.5,90.38,90.64,22554093,0.0131040187150488,0.8421207642578726,1.2608161438892902,0.8371867905048844,87.20400000000001,89.53599999999999,16.931427115202954,46.7,0.002,1.4600000000000009,7.936507936507936e-06,0,0
2020-04-08,92.1,94.86,90.55,94.3,22893337,0.0395855729196609,0.6209278288895611,1.2596639812845418,0.842035719547944,89.19200000000001,89.453,16.946356465488503,43.35,0.0023,-3.3500000000000014,9.126984126984127e-06,0,0
2020-04-09,96.92,104.39,96.89,102.76,42053722,0.085914982602271,0.7727120005377448,1.2533446317667762,0.8622943681749996,92.242,90.1885,17.554458454140324,41.67,0.0025,-1.6799999999999995,9.92063492063492e-06,0,0
2020-04-13,103.11,103.11,97.3,98.19,26846280,-0.045491795060484,0.8034001893314517,1.1172346698165754,0.8660545119963421,95.07,89.9025,17.105637821834524,41.17,0.0027,-0.5,1.0714285714285714e-05,0,0
2020-04-14,101.02,102.0,93.64,95.5,46093623,-0.0277781296945142,0.8365248771688645,0.9529093226232164,0.8670175381916089,96.278,90.2595,17.646185168680436,37.76,0.0025,-3.410000000000004,9.92063492063492e-06,0,0
2020-04-15,91.15,92.03,90.13,90.79,30095291,-0.0505771001030186,0.950716905674396,0.9479512607893936,0.8713433111464728,96.308,90.111,17.219879272297558,40.84,0.0019,3.0800000000000054,7.5396825396825394e-06,0,0
2020-04-16,90.23,90.57,87.05,87.33,31987735,-0.0388551009580243,0.9088422980420178,0.8684194893738775,0.8737718944518561,94.91400000000002,90.283,17.28086310604297,40.11,0.0017,-0.730000000000004,6.746031746031747e-06,0,0
2020-04-17,92.0,95.7,90.96,95.18,30154476,0.0860757892673229,0.9099711924621344,0.917518731674496,0.8945131112803408,93.398,90.77700000000002,17.221843927830157,38.15,0.0016,-1.9600000000000009,6.349206349206349e-06,0,0
2020-04-20,92.47,94.71,90.46,91.71,23636658,-0.0371384111221116,0.8943228543117211,0.9253287625459454,0.8967089048967635,92.102,91.1875,16.978309369950036,43.83,0.0015,5.68,5.9523809523809525e-06,0,0
2020-04-21,88.62,91.38,88.33,89.05,23016693,-0.0294334148351821,0.8960452841385406,0.907721281754741,0.8971303326658905,90.812,91.6885,16.95173029324929,45.41,0.0017,1.5799999999999983,6.746031746031747e-06,0,0
2020-04-22,90.69,91.87,89.18,89.34,16651575,0.003251306188302,0.8371104526432077,0.8160655932264257,0.897353601719888,90.522,91.734,16.628015364511533,41.98,0.0016,-3.43,6.349206349206349e-06,0,0
2020-04-23,89.74,91.28,89.26,89.39,16579995,0.0005595031757885,0.7759370011749704,0.8048540209200616,0.8960281322523499,90.934,91.617,16.62370740610322,41.38,0.0017,-0.5999999999999943,6.746031746031747e-06,0,0
2020-04-24,90.64,91.1,88.49,90.71,15808036,0.0146587855270915,0.3557259553033781,0.7660591158295988,0.8970475148108433,90.03999999999999,91.2465,16.576028976295127,35.93,0.0018,-5.450000000000003,7.142857142857143e-06,0,0
2020-04-27,91.94,95.63,91.54,94.62,22964313,0.0422012655761493,0.4107389835135294,0.7356486015434435,0.9018097861122252,90.622,91.421,16.94945196020639,33.29,0.0017,-2.640000000000001,6.746031746031747e-06,0,0
2020-04-28,97.81,98.36,95.03,95.29,20226623,0.0070560031570948,0.2678881895585497,0.7306125070408371,0.9011966602884902,91.87,91.5105,16.822510264907983,33.57,0.0016,0.2800000000000011,6.349206349206349e-06,0,0
2020-04-29,99.08,99.45,97.27,97.86,20424159,0.0266130125008804,0.2626204467811584,0.7210029342338543,0.9032150205389412,93.574,91.90200000000002,16.832229022832028,31.23,0.0018,-2.34,7.142857142857143e-06,0,0
2020-04-30,95.6,96.84,94.55,95.76,19088881,-0.0216928246112597,0.3787292479933878,0.6811181913297564,0.9029154649475464,94.848,92.472,16.764616576906878,34.15,0.0016,2.919999999999998,6.349206349206349e-06,0,0
2020-05-01,93.5,93.74,91.84,93.25,18566557,-0.0265610027257928,0.4737495631429049,0.6807582660579902,0.90265463927696,95.356,92.759,16.73687250956923,37.19,0.0017,3.039999999999999,6.746031746031747e-06,0,0
2020-05-04,92.02,92.67,90.8,92.14,15714498,-0.0119748990161539,0.3492770245258761,0.663946739839133,0.9026162442890224,94.86,93.1635,16.57009428370104,35.97,0.0016,-1.2199999999999989,6.349206349206349e-06,0,0
2020-05-05,93.65,94.21,91.9,92.0,18050548,-0.0015205824587305,0.3351661327968711,0.6279542653525713,0.9026505448016732,94.202,93.2905,16.708686602393108,33.61,0.0016,-2.3599999999999994,6.349206349206349e-06,0,0
2020-05-06,92.16,92.76,89.93,90.27,20953664,-0.0189833977389767,0.1544385034394417,0.6303470600630722,0.9027127454180094,92.684,93.272,16.857824081641926,34.12,0.0016,0.509999999999998,6.349206349206349e-06,0,0
2020-05-07,91.34,92.91,90.58,91.21,16760130,0.0103593608820034,0.2307167852164148,0.6142085634011512,0.9032375919288932,91.774,93.1175,16.634513409551374,31.44,0.0015,-2.679999999999996,5.9523809523809525e-06,0,0
2020-05-08,92.8,94.08,92.11,92.7,20487319,0.0162039323797425,0.2339760185283626,0.5258621929493151,0.9043761576571124,91.66400000000002,92.6145,16.835316667339917,27.98,0.0015,-3.460000000000001,5.9523809523809525e-06,0,0
2020-05-11,91.11,91.11,89.33,89.97,31870987,-0.029892191142782,0.3086874710716927,0.5127420050888467,0.9055415381962744,91.23,92.2035,17.277206655477826,27.57,0.0016,-0.4100000000000001,6.349206349206349e-06,0,0
2020-05-12,90.15,90.79,86.9,87.03,27897255,-0.033223394627605,0.3646602542860845,0.516390257980609,0.9070730587400452,90.236,91.78,17.144038854854493,33.04,0.0016,5.469999999999999,6.349206349206349e-06,0,0
2020-05-13,86.38,86.86,83.4,84.03,35428515,-0.0350790088612954,0.4025016624195937,0.5008010937600161,0.9087516155153106,88.988,91.442,17.38302756233074,35.28,0.0015,2.240000000000002,5.9523809523809525e-06,0,0
2020-05-14,82.72,88.11,82.4,87.52,35081581,0.0406934607335441,0.5502130134899158,0.5066640642689699,0.9131904264204675,88.25,91.4515,17.373186792867756,32.61,0.0015,-2.6700000000000017,5.9523809523809525e-06,0,0
2020-05-15,86.85,87.28,85.3,85.9,26086370,-0.0186835096834613,0.506499129024144,0.3950887703914436,0.9133353017219304,86.89,90.9875,17.076923513665182,31.89,0.0015,-0.7199999999999989,5.9523809523809525e-06,0,0
2020-05-18,88.69,91.15,87.88,90.45,30503120,0.0516133828510945,0.663966398362183,0.4242477194573879,0.921359308172753,86.986,90.9245,17.233339531427823,29.3,0.0017,-2.59,6.746031746031747e-06,0,0
2020-05-19,90.05,91.2,88.59,88.67,19577104,-0.0198755984493884,0.6262309544217045,0.4169534404334018,0.9207837162273356,87.314,90.9055,16.789871278100907,30.53,0.0016,1.2300000000000004,6.349206349206349e-06,0,0
2020-05-20,90.71,92.39,90.37,91.33,20542199,0.0295577073116719,0.5353800269335233,0.4301019816133747,0.9200745298454202,88.774,91.005,16.83799181613054,27.99,0.0016,-2.5400000000000027,6.349206349206349e-06,0,0
2020-05-21,90.27,91.76,89.67,90.17,15026988,-0.0127825431917722,0.5184884158444379,0.4329231620000435,0.920027579422641,89.304,91.044,16.525358342444957,29.53,0.0016,1.5400000000000027,6.349206349206349e-06,0,0
2020-05-22,90.01,90.36,88.72,89.47,13548471,-0.0077934039523107,0.490901866636193,0.4304677233912675,0.916834992991286,90.018,90.982,16.42178425759451,28.16,0.0017,-1.370000000000001,6.746031746031747e-06,0,0
2020-05-26,92.89,97.5,92.61,95.82,41212819,0.0685680578954713,0.5901999989721273,0.4733493140357097,0.9253523067423248,91.092,91.042,17.5342599067022,28.01,0.0017,-0.1499999999999985,6.746031746031747e-06,0,0
2020-05-27,102.07,102.58,98.8,101.37,39352961,0.0563057579393323,0.5825231997809335,0.5128510631416859,0.9280333028998335,93.632,91.346,17.48808177777308,27.62,0.0018,-0.3900000000000005,7.142857142857143e-06,0,0
2020-05-28,102.94,102.95,99.4,99.86,24710215,-0.015007984321845,0.6509879224481033,0.5087981444808521,0.9254843447201958,95.338,91.446,17.022727278857737,28.59,0.0017,0.9699999999999988,6.746031746031747e-06,0,0
2020-05-29,98.66,99.18,96.78,97.31,26524824,-0.0258674462385655,0.6949326967160788,0.5114776256324567,0.9249449249674276,96.766,91.52349999999998,17.093591607192543,27.51,0.0017,-1.0799999999999983,6.746031746031747e-06,0,0
2020-06-01,97.75,99.51,97.38,98.6,15175467,0.0131695027746921,0.6665118433910172,0.5026527330392754,0.9203536972902836,98.592,91.791,16.535190668736153,28.23,0.0017,0.7199999999999989,6.746031746031747e-06,0,0
2020-06-02,100.28,100.42,97.93,98.93,21179324,0.0033412677265416,0.5048278121674183,0.499616948842782,0.9143352270254248,99.214,92.1305,16.86853598072544,26.84,0.0017,-1.3900000000000006,6.746031746031747e-06,0,0
2020-06-03,101.58,104.92,101.06,104.27,25912786,0.0525711594663705,0.4817311416495836,0.528394435332839,0.8700731497834009,99.794,92.744,17.070247072809497,25.66,0.0017,-1.1799999999999995,6.746031746031747e-06,0,0
2020-06-04,103.82,106.61,102.79,106.44,26767072,0.0205977573079867,0.4509113819468996,0.5219548271781568,0.8576494028729432,101.11,93.5525,17.102683033347173,25.81,0.0017,0.1499999999999985,6.746031746031747e-06,0,0
2020-06-05,114.93,115.77,109.53,111.23,42221859,0.0440186834944495,0.330630970427879,0.5372200285320788,0.8559065971327422,103.894,94.5535,17.558448630679905,24.52,0.0018,-1.2899999999999991,7.142857142857143e-06,0,0
2020-06-08,113.41,114.19,111.94,113.45,24849521,0.0197620816219128,0.3165992146451432,0.5379199000346523,0.8364294123506433,106.864,95.591,17.02834903466721,25.81,0.0019,1.2899999999999991,7.5396825396825394e-06,0,0
2020-06-09,110.65,111.63,109.01,110.54,16998077,-0.0259847648207338,0.4846760627499565,0.5342331441045481,0.7678800794212944,109.186,96.6195,16.648610777975147,27.57,0.0019,1.7600000000000016,7.5396825396825394e-06,0,0
2020-06-10,110.46,110.51,105.85,106.06,24808690,-0.0413724746961329,0.5657985506250909,0.5437361090671576,0.694701708994224,109.544,97.571,17.026704552984143,27.57,0.0018,0.0,7.142857142857143e-06,0,0
2020-06-11,100.03,101.58,96.54,97.21,36188133,-0.0871313848760063,0.8195524719441069,0.6260000196126604,0.708722677495009,107.698,98.23,17.40424180537248,40.79,0.0019,13.22,7.5396825396825394e-06,0,0
2020-06-12,100.71,101.13,97.33,99.87,24847593,0.0269957534220657,0.7436022552741595,0.6181433226158398,0.6711809338080833,105.426,98.8475,17.028271444648563,36.09,0.0018,-4.699999999999996,7.142857142857143e-06,0,0
2020-06-15,96.42,101.43,95.87,101.25,22123470,0.0137233657316052,0.7234304845423936,0.6112275201367106,0.6709501387932234,102.986,99.615,16.91214959392475,34.4,0.0017,-1.6900000000000048,6.746031746031747e-06,0,0
2020-06-16,105.37,105.68,99.31,102.06,22161662,0.0079681696491768,0.7534129107425407,0.5893749634110912,0.6691235607528343,101.29,100.1955,16.913874417030996,33.67,0.0018,-0.7299999999999969,7.142857142857143e-06,0,0
2020-06-17,102.53,102.54,99.21,99.48,15615730,-0.0256042567006214,0.7277908344394303,0.5930549820206845,0.6608289940635313,99.974,100.736,16.563789297526522,33.47,0.0019,-0.2000000000000028,7.5396825396825394e-06,0,0
2020-06-18,98.67,100.52,98.13,98.94,16542324,-0.0054430131356414,0.3178435154205417,0.5874073888712614,0.6210862710451635,100.32,101.1165,16.62143274554925,32.94,0.0019,-0.5300000000000011,7.5396825396825394e-06,0,0
2020-06-19,100.53,100.6,96.73,97.81,40322181,-0.0114867844971609,0.2487402855070593,0.586934146431998,0.6174000768746711,99.908,101.4985,17.51241227252636,35.12,0.0018,2.18,7.142857142857143e-06,0,0
2020-06-22,97.25,97.95,96.54,96.75,16184557,-0.0108964893925103,0.1921422602655134,0.587868394191174,0.6021624910341439,99.008,101.8625,16.59956807394534,31.77,0.0017,-3.349999999999998,6.746031746031747e-06,0,0
2020-06-23,98.97,99.97,97.85,97.93,15360209,0.0121226058228119,0.2161459370057149,0.5375166351777408,0.5827042725756993,98.182,101.968,16.547290892362064,31.37,0.0018,-0.3999999999999986,7.142857142857143e-06,0,0
2020-06-24,96.75,96.84,94.31,94.66,22887863,-0.0339614132546012,0.2617268933585014,0.5092907695848278,0.5848187450948288,97.218,101.6325,16.946117328024823,33.84,0.0017,2.4700000000000024,6.746031746031747e-06,0,0
2020-06-25,94.35,98.21,94.26,97.96,25660076,0.0342677076058649,0.4128495879687228,0.5242422957623214,0.5834580038716454,97.022,101.5375,17.06044687895564,32.22,0.0017,-1.6200000000000043,6.746031746031747e-06,0,0
2020-06-26,95.11,95.37,92.0,92.59,41871942,-0.0563780876240111,0.5707224219472407,0.5538207085381022,0.5794965734177897,95.978,101.3015,17.55012651857724,34.73,0.0017,2.509999999999998,6.746031746031747e-06,0,0
2020-06-29,93.4,94.49,92.18,93.0,18499738,0.0044183486933002,0.5811069579953542,0.5514055750578786,0.5749023964227511,95.228,101.0215,16.733267127786107,31.78,0.0016,-2.949999999999996,6.349206349206349e-06,0,0
2020-06-30,92.83,94.66,92.57,94.06,19104819,0.011333383363646,0.5794178004551088,0.5533363151555368,0.5687465663927452,94.454,100.778,16.76545116485856,30.43,0.0016,-1.3500000000000014,6.349206349206349e-06,0,0
2020-07-01,94.89,95.71,93.03,93.26,18813874,-0.0085415851367271,0.5341770257529284,0.5137359598423348,0.5549254005156538,94.174,100.2275,16.75010513435118,28.62,0.0016,-1.8099999999999987,6.349206349206349e-06,0,0
2020-07-02,94.74,94.96,91.93,92.66,27823420,-0.0064544113916726,0.421669559655481,0.5043419750849037,0.554504566449421,93.114,99.5385,17.141388670045536,27.68,0.0016,-0.9400000000000012,6.349206349206349e-06,0,0
2020-07-06,94.43,95.2,93.48,95.0,18591330,0.0249400116120385,0.2177377529195754,0.4828680836139915,0.5508808180868081,93.596,98.727,16.738205900979263,27.94,0.0016,0.2600000000000015,6.349206349206349e-06,0,0
2020-07-07,93.82,94.1,92.0,92.32,25716604,-0.0286160888407515,0.324669307040641,0.4766239406167828,0.5240484858396404,93.46,97.6705,17.06264741129096,29.43,0.0015,1.4899999999999984,5.9523809523809525e-06,0,0
2020-07-08,92.29,93.34,91.8,93.3,18747096,0.0105593050935087,0.3227875704838284,0.4783280420634097,0.5166189330795399,93.308,96.8085,16.74654941838555,28.08,0.0015,-1.3500000000000014,5.9523809523809525e-06,0,0
2020-07-09,93.52,94.12,90.78,91.28,25537711,-0.0218884022994779,0.3532784666840959,0.4653813183799374,0.5154474476453811,92.912,96.0695,17.055666780433157,29.26,0.0015,1.1800000000000033,5.9523809523809525e-06,0,0
2020-07-10,92.0,96.84,91.87,96.27,28936074,0.0532250382360549,0.5367038759661918,0.4102849899503589,0.5164890545291,93.634,96.0225,17.180599609978785,27.29,0.0015,-1.9700000000000024,5.9523809523809525e-06,0,0
2020-07-13,98.73,99.27,96.23,97.65,31972365,0.0142329135328127,0.5200913537931512,0.4013505487927422,0.5104255978963899,94.164,95.9115,17.280382493902092,32.19,0.0016,4.899999999999999,6.349206349206349e-06,0,0
2020-07-14,98.37,99.95,96.64,98.21,42649916,0.0057183858469949,0.4269744892885536,0.39841804933548,0.4794233677134169,95.342,95.7595,17.568535862380678,29.52,0.0017,-2.669999999999998,6.746031746031747e-06,0,0
2020-07-15,100.89,101.29,98.65,99.73,22488759,0.0153584912440937,0.4270520435560945,0.4016042655246663,0.473848892607824,96.628,95.643,16.928526142332988,27.76,0.0015,-1.759999999999998,5.9523809523809525e-06,0,0
2020-07-16,98.78,101.22,98.55,100.01,16873528,0.002803646574648,0.3217654205559001,0.3911907169474774,0.4694756131828473,98.374,95.6695,16.64125656128851,28.0,0.0014,0.2399999999999984,5.555555555555557e-06,0,0
2020-07-17,100.0,100.08,98.14,98.16,16137582,-0.0186713805857687,0.2176662469790354,0.3965327555531348,0.4713589875582559,98.752,95.6305,16.596661395456426,25.68,0.0014,-2.3200000000000003,5.555555555555557e-06,0,0
2020-07-20,97.43,98.39,97.26,97.3,14445109,-0.0087998112106966,0.2099883259109786,0.3956496888449102,0.4718346365392034,98.682,95.605,16.485866437717622,24.46,0.0014,-1.2199999999999989,5.555555555555557e-06,0,0
2020-07-21,97.71,100.05,97.64,99.41,17795263,0.0214537230320944,0.26331646454431,0.4007476958727559,0.4728537654492303,98.922,95.738,16.69444285624964,24.84,0.0015,0.379999999999999,5.9523809523809525e-06,0,0
2020-07-22,99.65,100.13,97.53,98.69,14271150,-0.0072690880401379,0.2414075243728425,0.3997481915694892,0.4654894794257357,98.71399999999998,95.776,16.47375057485344,24.32,0.0014,-0.5199999999999996,5.555555555555557e-06,0,0
2020-07-23,98.5,99.35,97.97,98.98,12870184,0.0029341853398242,0.24157617856978,0.3785952009117562,0.4653257812175115,98.508,95.992,16.37042387628441,26.08,0.0014,1.759999999999998,5.555555555555557e-06,0,0
2020-07-24,99.6,99.8,97.94,98.28,12744151,-0.0070972618707616,0.2022397017328468,0.3601963772947207,0.462406313003207,98.532,96.008,16.360582979214946,25.84,0.0016,-0.2399999999999984,6.349206349206349e-06,0,0
2020-07-27,97.51,97.63,96.17,96.9,11959055,-0.0141410287562577,0.2200577178213967,0.2981125578845544,0.4611454309074578,98.452,96.2235,16.296999289987113,24.74,0.0014,-1.1000000000000014,5.555555555555557e-06,0,0
2020-07-28,96.5,97.8854,96.5,97.32,11754273,0.0043249990186012,0.1230139595937203,0.2981038398887596,0.4578228802998706,98.034,96.4395,16.279727392020792,25.44,0.0014,0.7000000000000028,5.555555555555557e-06,0,0
2020-07-29,97.07,99.71,97.0,99.68,12743520,0.0239605371238212,0.228922901700017,0.3064483962195657,0.459489862743019,98.232,96.7205,16.360533465079257,24.1,0.0013,-1.34,5.158730158730158e-06,0,0
2020-07-30,97.54,97.74,96.05,97.02,14834785,-0.0270479122220726,0.3068687518645722,0.3222474782138457,0.4631255686415972,97.84,96.9085,16.512485318848416,24.76,0.0011,0.6600000000000001,4.365079365079366e-06,0,0
2020-07-31,96.48,96.93,95.25,96.64,14539496,-0.0039244086305656,0.3056757089362154,0.3214938417125733,0.4613911763057142,97.512,97.1075,16.492379366470246,24.46,0.0011,-0.3000000000000007,4.365079365079366e-06,0,0
2020-08-03,97.02,97.57,95.85,96.1,12972563,-0.005603418210258,0.2924375945789137,0.3108215290184302,0.4611880158146464,97.352,97.1625,16.378347146639296,24.28,0.0012,-0.1799999999999997,4.7619047619047615e-06,0,0
2020-08-04,95.91,95.95,95.03,95.55,13366154,-0.0057396452899647,0.2881627247769679,0.2923861517635185,0.460263512368434,96.998,97.324,16.40823624875844,23.76,0.0014,-0.5199999999999996,5.555555555555557e-06,0,0
2020-08-05,95.87,98.47,95.72,97.21,15349693,0.0172239161466954,0.2487388098993185,0.2959934022699639,0.4570907559548465,96.504,97.5195,16.546606031797477,22.99,0.0012,-0.7700000000000031,4.7619047619047615e-06,0,0
2020-08-06,97.58,98.1,96.54,97.24,10482062,0.0003085626149449,0.1538016287572944,0.2823536542296006,0.4514070410110086,96.548,97.8175,16.165175973228493,22.65,0.0014,-0.3399999999999998,5.555555555555557e-06,0,0
2020-08-07,96.93,99.49,96.56,99.38,14743678,0.0217687367262519,0.20677217848069,0.2245397921591891,0.446551922835354,97.096,97.973,16.506324938701017,22.21,0.0014,-0.4399999999999977,5.555555555555557e-06,0,0
2020-08-10,100.11,102.04,100.0343,100.64,14989853,0.012598906777956,0.1837871876824275,0.2233914738355441,0.4400324935307138,98.004,98.1225,16.522884063493006,22.13,0.0013,-0.0800000000000018,5.158730158730158e-06,0,0
2020-08-11,103.86,106.16,103.51,103.82,31518607,0.0311088374469525,0.1808285422117671,0.2467030806965535,0.4417062469170537,99.658,98.403,17.266088627814923,24.03,0.0015,1.900000000000002,5.9523809523809525e-06,0,0
2020-08-12,106.16,106.43,101.71,102.94,19250157,-0.0085123361744744,0.253109133372761,0.2451035850006508,0.4305813718850375,100.804,98.5635,16.773029774508963,22.28,0.0013,-1.75,5.158730158730158e-06,0,0
2020-08-13,102.0,103.36,101.635,102.37,13598648,-0.005552593292929,0.2720790333484799,0.2463437324711873,0.4284464302733012,101.83,98.6815,16.425480933999896,22.13,0.0014,-0.1500000000000021,5.555555555555557e-06,0,0
2020-08-14,101.5,103.31,101.42,102.41,12134360,0.0003906631556667,0.257139348118392,0.2350166218944915,0.4247016501994416,102.436,98.894,16.311551655743795,22.05,0.0013,-0.0799999999999983,5.158730158730158e-06,0,0
2020-08-17,101.5,102.0,99.53,99.71,14886101,-0.0267183912466447,0.3337271356362013,0.2539062013828224,0.4277102444333961,102.25,99.0145,16.51593851677754,21.35,0.0013,-0.6999999999999993,5.158730158730158e-06,0,0
2020-08-18,99.91,99.91,98.12,98.32,13246506,-0.0140385075829222,0.1630222990507433,0.2475764631054926,0.4284915876763324,101.15,98.96,16.399244377508836,21.51,0.0013,0.1600000000000001,5.158730158730158e-06,0,0
2020-08-19,98.92,100.59,98.34,98.55,13533015,0.0023365683409499,0.1890854638940394,0.2464649466463093,0.4051224618945269,100.272,98.953,16.420642813459715,22.54,0.0013,1.0299999999999976,5.158730158730158e-06,0,0
2020-08-20,97.26,98.03,96.8,97.37,13672577,-0.0120458786080643,0.1878557741113296,0.2497564594602513,0.3887719991187959,99.272,98.8725,16.430902705929757,22.72,0.0012,0.1799999999999997,4.7619047619047615e-06,0,0
2020-08-21,97.27,98.565,96.94,97.32,12228301,-0.000513637075343,0.1847846156523487,0.2486526999573288,0.3876220803569919,98.254,98.8245,16.319263577326147,22.54,0.0013,-0.1799999999999997,5.158730158730158e-06,0,0
2020-08-24,98.45,100.21,97.42,100.06,17898270,0.0277654881447373,0.2652008586613475,0.2622628301345366,0.388172181208525,98.324,98.9825,16.70021461809557,22.37,0.0014,-0.1699999999999981,5.555555555555557e-06,0,0
2020-08-25,101.27,101.98,99.8,100.5,13648931,0.0043877214390714,0.230701677873891,0.2622715538354707,0.3873608761405989,98.76,99.1415,16.429171761510148,22.03,0.0013,-0.3399999999999998,5.158730158730158e-06,0,0
2020-08-26,99.94,100.27,99.05,99.09,12052437,-0.0141291994283224,0.2667205010639479,0.2539328516281454,0.3884317013190753,98.868,99.112,16.304777438116954,23.27,0.0012,1.2399999999999984,4.7619047619047615e-06,0,0
2020-08-27,99.0,102.65,99.0,102.35,22163863,0.0323697840364904,0.311507583186502,0.2584617271672083,0.3788479281844179,99.864,99.3785,16.913973727755543,24.47,0.0013,1.1999999999999993,5.158730158730158e-06,0,0
2020-08-28,103.14,103.25,101.81,102.77,13756725,0.0040951695296831,0.3033415141421288,0.2573113390375993,0.3764600946786392,100.954,99.685,16.43703835341997,22.96,0.0012,-1.509999999999998,4.7619047619047615e-06,0,0
2020-08-31,102.12,102.18,100.02,100.19,14219441,-0.02542509836581,0.3486576619352332,0.2751776719864947,0.3681263440992647,100.98,99.8895,16.47012067073686,26.41,0.0012,3.4499999999999997,4.7619047619047615e-06,0,0
2020-09-01,99.55,100.8712,99.04,100.14,11602053,-0.0004991763693728,0.3467332775173135,0.2738269851288529,0.3654028457211777,100.908,100.119,16.26669262317561,26.12,0.0012,-0.2899999999999991,4.7619047619047615e-06,0,0
2020-09-02,99.95,101.94,99.56,101.65,14475673,0.014966333172557,0.3372284791341266,0.2723131749056418,0.3635934721901441,101.42,100.341,16.487980074297617,26.57,0.0013,0.4499999999999993,5.158730158730158e-06,0,0
2020-09-03,103.32,104.99,100.64,101.33,23281235,-0.0031530226141295,0.2350988178596381,0.2729142034007206,0.3539547969627586,101.216,100.5455,16.9631582292486,33.6,0.0012,7.030000000000001,4.7619047619047615e-06,0,0
2020-09-04,104.05,105.21,101.37,103.52,26325470,0.0213823132923641,0.2891652071864993,0.2725472836749477,0.3076964011437125,101.366,100.7525,17.086047469576123,30.75,0.0013,-2.8500000000000014,5.158730158730158e-06,0,0
2020-09-08,102.98,103.57,99.48,99.92,22108612,-0.0353949649352681,0.3498458750897379,0.2997721579061779,0.3117641155448819,101.312,100.7165,16.9114777738391,31.46,0.0015,0.7100000000000009,5.9523809523809525e-06,0,0
2020-09-09,100.8,101.69,99.56,100.87,13434024,0.0094626932494218,0.3569938985952571,0.2787446033530726,0.3110850884505513,101.458,100.569,16.413301151319185,28.81,0.0014,-2.650000000000002,5.555555555555557e-06,0,0
2020-09-10,101.4,102.42,99.64,99.83,15922793,-0.0103638197184102,0.3415434474694737,0.2794441383823952,0.3113322552178751,101.094,100.4135,16.58326216269126,29.71,0.0015,0.9000000000000021,5.9523809523809525e-06,0,0
2020-09-11,99.97,101.36,99.59,101.07,13784342,0.0123446067382373,0.3600773869425139,0.2832261592779681,0.3078886247174078,101.042,100.3485,16.439043868257613,26.87,0.0013,-2.84,5.158730158730158e-06,0,0
2020-09-14,101.51,103.46,101.37,102.47,19017373,0.0137567267250554,0.3339882046961067,0.2878074773421059,0.3088811918781121,100.832,100.3515,16.760863487771612,25.85,0.0014,-1.0199999999999996,5.555555555555557e-06,0,0
2020-09-15,102.73,102.85,99.14,99.28,23682973,-0.0316259319152747,0.310521133313985,0.2943103582054495,0.3149407988312325,100.704,100.33,16.98026690908595,25.59,0.0013,-0.2600000000000015,5.158730158730158e-06,0,0
2020-09-16,99.43,101.13,98.76,99.7,19284239,0.004221536071441,0.3011812224500388,0.2900424242805239,0.3141787935673673,100.47,100.399,16.774798688125102,26.04,0.0012,0.4499999999999993,4.7619047619047615e-06,0,0
2020-09-17,98.7,99.3433,97.71,98.56,18290104,-0.0115001771825829,0.303191388270168,0.2931469443985126,0.3141763908194719,100.216,100.3995,16.721870706518185,26.46,0.0012,0.4200000000000017,4.7619047619047615e-06,0,0
2020-09-18,97.89,99.49,97.44,98.35,20121579,-0.0021329549501416,0.2744067924731702,0.2898352035409703,0.3061025506437929,99.672,100.4485,16.817303379241736,25.83,0.0013,-0.6300000000000026,5.158730158730158e-06,0,0
2020-09-21,95.2,96.05,93.82,95.31,28378768,-0.0313978078855334,0.2622023839356971,0.3112133244003924,0.3048678623590033,98.24,100.348,17.161151817901178,27.78,0.0012,1.9500000000000028,4.7619047619047615e-06,0,0
2020-09-22,94.96,95.66,93.67,94.27,19257004,-0.0109717315414755,0.213653563798897,0.2935270234586043,0.2826891891627957,97.238,100.0585,16.773385396678677,26.86,0.0012,-0.9200000000000016,4.7619047619047615e-06,0,0
2020-09-23,94.78,95.35,92.6617,92.74,19952667,-0.0163631264447442,0.1708621753985302,0.2958512075277925,0.2845977419304877,95.846,99.6705,16.808873376575736,28.58,0.0013,1.7199999999999989,5.158730158730158e-06,0,0
2020-09-24,92.32,94.3,91.38,92.66,18366522,-0.0008629989748124,0.1971833231665732,0.2935766230367346,0.283610631475465,94.66599999999998,99.349,16.726040108835992,28.51,0.0012,-0.0699999999999967,4.7619047619047615e-06,0,0
2020-09-25,92.05,93.715,91.87,93.47,13293076,0.0087036492059896,0.2423725929929594,0.2661154621431869,0.2836592600310534,93.69,98.905,16.40275385612821,26.38,0.0012,-2.1300000000000026,4.7619047619047615e-06,0,0
2020-09-28,95.06,96.93,94.35,96.16,20894106,0.0283729415924054,0.2810602249251281,0.2894886809455176,0.28918082481922,93.86,98.5745,16.854977667593484,26.19,0.0012,-0.1899999999999977,4.7619047619047615e-06,0,0
2020-09-29,96.03,96.03,94.332,95.35,12854673,-0.0084591387404694,0.2743671799107808,0.2783595745264217,0.2852566957329762,94.076,98.3325,16.369217960785658,26.27,0.0012,0.0799999999999983,4.7619047619047615e-06,0,0
2020-09-30,95.35,97.1975,95.26,96.27,16400587,0.0096024117434471,0.2197026097666105,0.2816015071134759,0.2795418262543195,94.782,98.139,16.612827684836812,26.37,0.0012,0.1000000000000014,4.7619047619047615e-06,0,0
2020-10-01,97.12,97.77,96.03,96.97,15778666,0.0072449085265797,0.2075284951351811,0.2767337752616783,0.2791246617918193,95.644,97.905,16.574169332419416,26.7,0.0012,0.3299999999999983,4.7619047619047615e-06,0,0
2020-10-02,95.25,98.59,95.09,97.89,15149570,0.0094427469568841,0.2075074781993924,0.2798473631677974,0.2756866048409894,96.528,97.733,16.53348270667857,27.63,0.0012,0.9299999999999996,4.7619047619047615e-06,0,0
2020-10-05,98.32,99.25,97.53,99.04,13871881,0.011679409662947,0.1298545678273006,0.2712063547953303,0.2545123327597382,97.104,97.509,16.44537439953429,27.96,0.0012,0.3300000000000018,4.7619047619047615e-06,0,0
2020-10-06,100.07,100.86,97.5101,98.02,19220440,-0.0103522694548846,0.1430681037429889,0.243745185144781,0.2538213823371278,97.638,97.414,16.77148485406436,29.48,0.0014,1.5199999999999996,5.555555555555557e-06,0,0
2020-10-07,98.96,100.35,98.6658,99.73,16358533,0.0172949949323752,0.165543195329435,0.2496999899462298,0.2560223367252643,98.33,97.357,16.610260215191637,28.06,0.0013,-1.4200000000000017,5.158730158730158e-06,0,0
2020-10-08,100.51,101.92,99.895,101.78,15659016,0.0203470867469099,0.190679307216051,0.2573985361625334,0.2574792103890884,99.292,97.4545,16.566557411303673,26.36,0.0013,-1.6999999999999993,5.158730158730158e-06,0,0
2020-10-09,102.0,102.105,100.11,101.2,13689115,-0.0057148643073213,0.2199905681141726,0.2547804691415641,0.2577226752949922,99.954,97.461,16.432111549448198,25.0,0.0015,-1.3599999999999994,5.9523809523809525e-06,0,0
2020-10-12,101.1,103.0,100.85,102.44,16057978,0.0121785044779592,0.2207365598649524,0.253714888393896,0.2558236443826555,100.634,97.4595,16.5917163556922,25.07,0.0015,0.0700000000000002,5.9523809523809525e-06,0,0
2020-10-13,103.0,103.22,100.26,100.78,21697310,-0.0163373380788724,0.2518485072416839,0.2334446853453051,0.2574815770662499,101.186,97.5345,16.892698847692984,26.07,0.0013,1.0,5.158730158730158e-06,0,0
2020-10-14,101.03,101.925,100.1,100.22,15214907,-0.0055721537208734,0.2365425090391805,0.2341004919761041,0.2540604879059463,101.284,97.5605,16.53778622890544,26.4,0.0013,0.3299999999999983,5.158730158730158e-06,0,0
2020-10-15,99.1,101.78,99.04,101.72,17171199,0.0148561710223402,0.2099354046800408,0.2352311070228891,0.2553493858051799,101.272,97.7185,16.65874406153634,26.97,0.0012,0.5700000000000003,4.7619047619047615e-06,0,0
2020-10-16,101.41,102.33,100.723,101.51,13276397,-0.0020666247575791,0.2053555326966092,0.2352173460344775,0.2553517740670777,101.334,97.8765,16.401498354960317,27.41,0.0012,0.4400000000000013,4.7619047619047615e-06,0,0
2020-10-19,101.6,101.87,99.56,99.8,11725674,-0.0169891324789214,0.2062507460835186,0.2129276735382912,0.2573922286660728,100.806,98.101,16.277291354653002,29.18,0.0013,1.7699999999999996,5.158730158730158e-06,0,0
2020-10-20,100.31,101.77,100.12,100.37,11257070,0.0056951745082906,0.1901245892888541,0.2072919890109382,0.2558590195292471,100.724,98.406,16.236506933670633,29.35,0.0013,0.1700000000000017,5.158730158730158e-06,0,0
2020-10-21,100.36,100.99,99.33,99.37,10730521,-0.0100131005824369,0.1995071004880043,0.2004837014201447,0.256650286089755,100.554,98.7375,16.188602668880108,28.65,0.0013,-0.7000000000000028,5.158730158730158e-06,0,0
2020-10-22,99.32,103.24,99.31,102.88,14837204,0.0347130032460372,0.317973497106187,0.2281849546076945,0.2617706166463657,100.786,99.2485,16.512648368248666,28.11,0.0013,-0.5399999999999991,5.158730158730158e-06,0,0
2020-10-23,103.5,104.45,102.93,103.81,15087611,0.0089990447158448,0.3181746533433853,0.2282469743361691,0.2559107835062978,101.246,99.7655,16.52938450144454,27.55,0.0012,-0.5599999999999987,4.7619047619047615e-06,0,0
2020-10-26,102.65,102.7,100.25,101.24,12410742,-0.0250683695282308,0.3555012933580636,0.2351537762917782,0.2613053195117726,101.534,100.0195,16.334072945884948,32.46,0.0012,4.91,4.7619047619047615e-06,0,0
2020-10-27,100.51,100.92,99.16,99.33,10391663,-0.0190462954496586,0.3852410339103048,0.2445570279526435,0.264143744978702,101.326,100.2185,16.15651440801537,33.35,0.0012,0.8900000000000006,4.7619047619047615e-06,0,0
2020-10-28,97.5,98.3,96.07,96.54,16389464,-0.0284902099949176,0.4290445809809098,0.2654327891509689,0.2704964527566468,100.76,100.232,16.61214924731766,40.28,0.0012,6.93,4.7619047619047615e-06,0,0
2020-10-29,96.12,97.98,95.2397,97.17,14208820,0.0065045916190007,0.2833120281106564,0.2651828549507822,0.2684948619744899,99.618,100.242,16.469373456512667,37.59,0.0012,-2.6899999999999977,4.7619047619047615e-06,0,0
2020-10-30,97.91,98.42,96.23,98.04,15200685,0.0089135368085642,0.2829241530787643,0.2649421904717128,0.2691164581394279,98.464,100.2495,16.536851050590545,38.02,0.0013,0.4299999999999997,5.158730158730158e-06,0,0
2020-11-02,99.39,100.88,97.86,100.25,15011597,0.0222915075267666,0.3342905377876826,0.2736412520703765,0.2692980110392263,98.266,100.31,16.524333593686194,37.13,0.0013,-0.8900000000000006,5.158730158730158e-06,0,0
2020-11-03,103.02,104.74,102.69,103.41,17482590,0.0310346030102051,0.3610738243237056,0.2905684436629262,0.2755179654119395,99.082,100.5795,16.676716086552055,35.55,0.0014,-1.5800000000000054,5.555555555555557e-06,0,0
2020-11-04,101.0,102.07,98.93,100.25,18886518,-0.031034603010205,0.3773796574410298,0.3084144588627051,0.2754192522676806,99.824,100.6055,16.753958892153257,29.57,0.0012,-5.979999999999997,4.7619047619047615e-06,0,0
2020-11-05,101.06,105.095,101.0,104.35,17837373,0.040083567336531,0.4414237074433414,0.3324813394749044,0.2871980917345978,101.26,100.734,16.696806420910068,27.58,0.0012,-1.990000000000002,4.7619047619047615e-06,0,0
2020-11-06,105.03,105.1,102.39,102.96,12552785,-0.0134100702353385,0.4847714792990237,0.3357246318427015,0.2883226822506975,102.244,100.822,16.345453111273763,24.86,0.0012,-2.719999999999999,4.7619047619047615e-06,0,0
2020-11-09,113.16,118.9,110.35,116.9,47792406,0.1269783051901516,0.9758152515833134,0.5596671141856169,0.3882672445240017,105.574,101.545,17.682377314547576,25.75,0.0012,0.8900000000000006,4.7619047619047615e-06,0,0
2020-11-10,117.35,117.45,114.69,116.52,20539339,-0.0032559363867889,1.005068795393335,0.5544577704847395,0.3837530594375779,108.196,102.332,16.837852580836834,24.8,0.0012,-0.9499999999999992,4.7619047619047615e-06,0,0
2020-11-11,116.89,116.96,113.96,114.78,14443409,-0.0150456794110172,0.955213187844908,0.5583708121855456,0.3839450398910128,111.102,103.06000000000002,16.48574874389879,23.45,0.0012,-1.3500000000000014,4.7619047619047615e-06,0,0
2020-11-12,112.53,113.955,112.055,113.37,22066464,-0.0123604466507091,0.982373866489516,0.561500207568457,0.385164307722944,112.906,103.6425,16.90956954790692,25.35,0.0013,1.900000000000002,5.158730158730158e-06,0,0
2020-11-13,114.7,114.86,113.5701,114.08,11856870,0.0062431506364784,0.9540742764405836,0.5608047084585065,0.384069870758906,115.13,104.271,16.288418004392586,23.1,0.0012,-2.25,4.7619047619047615e-06,0,0
2020-11-16,117.79,118.61,115.7318,117.3,19858562,0.027834798993444,0.2750889547317343,0.5591752026757184,0.3874549099105461,115.21,105.146,16.804145807111862,22.45,0.0012,-0.6500000000000021,4.7619047619047615e-06,0,0
2020-11-17,115.39,116.44,114.58,116.11,14553245,-0.0101967380205149,0.2855641011003412,0.5629064766985794,0.3849406360842369,115.128,105.933,16.49332455077059,22.71,0.0012,0.2600000000000015,4.7619047619047615e-06,0,0
2020-11-18,117.34,118.61,115.2,115.25,12571217,-0.0074343357621568,0.2659201164316628,0.5619290877978803,0.3854524329221117,115.222,106.727,16.346920393700096,23.84,0.0011,1.129999999999999,4.365079365079366e-06,0,0
2020-11-19,114.18,115.82,113.56,115.56,10202538,0.0026861937212766,0.2390413821667288,0.5527162398750355,0.3839319436879968,115.66,107.361,16.13814707083247,23.11,0.0011,-0.7300000000000004,4.365079365079366e-06,0,0
2020-11-20,114.43,115.65,114.09,114.57,12720823,-0.0086038856924999,0.2524480166258065,0.5548973271048586,0.3795023324864499,115.758,107.899,16.358750815041077,23.7,0.0011,0.5899999999999999,4.365079365079366e-06,0,0
2020-11-23,116.05,118.17,115.57,117.87,13209211,0.0283963323329436,0.2562316222062587,0.5489825191062327,0.3833564979180378,115.872,108.73049999999998,16.39642494723557,22.66,0.001,-1.0399999999999991,3.968253968253968e-06,0,0
2020-11-24,120.07,123.5,119.71,123.32,19660667,0.0452002807794715,0.3773366590405065,0.5549513824892204,0.3888366614253976,117.314,109.93,16.794130598862626,21.64,0.0011,-1.0199999999999996,4.365079365079366e-06,0,0
2020-11-25,121.37,122.38,120.465,122.03,11715627,-0.0105156868742013,0.3878477355511029,0.5415721693585589,0.3898131170042049,118.67,111.2045,16.276434149618588,21.25,0.0011,-0.3900000000000005,4.365079365079366e-06,0,0
2020-11-27,122.0,122.35,121.08,121.22,5983627,-0.0066598396206091,0.4063595049168821,0.5452556128257402,0.3895669574615605,119.802,112.407,15.604537463805974,20.84,0.0011,-0.4100000000000001,4.365079365079366e-06,0,0
2020-11-30,120.0,120.7199,117.77,117.88,14411847,-0.027939918653645,0.4777378927280337,0.5625943328084608,0.3945019950090759,120.46399999999998,113.399,16.483561134640563,20.57,0.0011,-0.2699999999999996,4.365079365079366e-06,0,0
2020-12-01,120.34,121.58,119.6276,119.74,12287069,0.015655567627712,0.4471839504331267,0.5610395175837065,0.3935058962150154,120.838,114.3735,16.32405796652532,20.77,0.0012,0.1999999999999993,4.7619047619047615e-06,0,0
2020-12-02,119.7,122.31,119.27,122.04,10811255,0.0190261343512629,0.3095417274755379,0.5563506554274849,0.3869153015557108,120.58200000000002,115.305,16.196098279083962,21.17,0.0011,0.4000000000000021,4.365079365079366e-06,0,0
2020-12-03,121.85,121.885,120.36,121.24,12904414,-0.0065768076588665,0.3039979500836761,0.5399586064994645,0.387226163112051,120.424,116.3545,16.373079981347548,21.28,0.001,0.1099999999999994,3.968253968253968e-06,0,0
2020-12-04,122.48,123.29,121.6901,122.34,13583654,0.0090320016248164,0.3069618632929019,0.527747433088683,0.386392354341859,120.648,117.254,16.42437771606635,20.79,0.0011,-0.490000000000002,4.365079365079366e-06,0,0
2020-12-07,121.15,122.17,120.21,121.88,9724307,-0.0037670996969105,0.1815887616250185,0.5236645483806005,0.3862081389678985,121.448,118.2,16.090139185289594,21.3,0.001,0.5100000000000016,3.968253968253968e-06,0,0
2020-12-08,121.04,122.33,120.76,122.0,9592124,0.0009840906157482,0.1649840448714229,0.2793782710661961,0.3855922716255327,121.9,118.455,16.07645290304546,20.68,0.001,-0.620000000000001,3.968253968253968e-06,0,0
2020-12-09,123.17,123.3,120.44,121.05,13073933,-0.007817361349189,0.1087818779766822,0.2810101173948547,0.379524295294997,121.702,118.6815,16.386130958466754,22.27,0.001,1.59,3.968253968253968e-06,0,0
2020-12-10,119.99,120.7781,119.56,120.27,13668420,-0.0064644680615422,0.1084624283256786,0.2757455401462882,0.3800454776953869,121.508,118.956,16.430598620454596,22.52,0.001,0.25,3.968253968253968e-06,0,0
2020-12-11,118.94,120.02,118.37,119.56,9981643,-0.0059208779067881,0.0546738675889061,0.2721170068152777,0.3792996231785755,120.952,119.2655,16.116258263996254,23.31,0.001,0.7899999999999991,3.968253968253968e-06,0,0
2020-12-14,121.335,121.42,118.105,118.3,12112352,-0.010594566431396,0.0680039605814931,0.2757147591578392,0.3802049265235117,120.23600000000002,119.4765,16.30973631632426,24.72,0.001,1.41,3.968253968253968e-06,0,0
2020-12-15,119.29,120.9,118.62,120.32,12591419,0.0169310892171885,0.1771999160051121,0.2645584150118626,0.3743427076019778,119.9,119.62749999999998,16.348526108168212,22.89,0.0009,-1.8299999999999983,3.5714285714285718e-06,0,0
2020-12-16,120.3,121.08,119.86,120.67,11169364,0.0029046868839797,0.1742969005272605,0.261090975514276,0.3730687216535968,119.824,119.8555,16.228685231196945,22.5,0.0009,-0.3900000000000005,3.5714285714285718e-06,0,0
2020-12-17,121.26,121.45,119.58,119.67,11618001,-0.0083215925000844,0.1786582241641712,0.2615314893712852,0.3715442819081597,119.704,120.0765,16.268066263607945,21.93,0.0009,-0.5700000000000003,3.5714285714285718e-06,0,0
2020-12-18,119.14,119.8837,118.27,119.08,28954764,-0.0049424184378493,0.1770885920097591,0.2626198626966838,0.3718779232876699,119.608,120.2525,17.181245308030327,21.57,0.0009,-0.3599999999999994,3.5714285714285718e-06,0,0
2020-12-21,123.17,125.0,121.09,123.55,28323642,0.0368503962870435,0.2937459911894421,0.2877829079787757,0.3777671589601515,120.658,120.7015,17.15920742021622,25.16,0.0009,3.59,3.5714285714285718e-06,0,0
2020-12-22,123.39,123.52,121.61,121.67,11808882,-0.0153334706352613,0.324388316582845,0.2799126489981726,0.3766616495479307,120.928,120.8915,16.2843625181548,24.23,0.0009,-0.9299999999999996,3.5714285714285718e-06,0,0
2020-12-23,122.78,126.52,122.35,125.07,14973226,0.0275611187614574,0.3714286890007359,0.2487257210854803,0.3788321212817743,121.808,120.979,16.521774230841515,23.31,0.0009,-0.9200000000000016,3.5714285714285718e-06,0,0
2020-12-24,125.09,125.55,123.57,124.52,4164948,-0.0044072349874077,0.3620696947597015,0.2460011436018237,0.3791175385088687,122.778,121.1035,15.242214348511144,21.53,0.001,-1.7799999999999976,3.968253968253968e-06,0,0
2020-12-28,125.82,126.65,124.7886,125.34,8021144,0.0065636992231221,0.3450828463525113,0.2450091231050692,0.3790974191332623,124.03,121.3095,15.897591613061618,21.7,0.0011,0.1699999999999981,4.365079365079366e-06,0,0
2020-12-29,126.2,126.2799,124.89,125.01,8389199,-0.0026363106940576,0.2555480749142952,0.2195942081529362,0.3792026389836769,124.322,121.66599999999998,15.942455603087192,23.08,0.0011,1.379999999999999,4.365079365079366e-06,0,0
2020-12-30,125.49,125.845,124.9,125.36,7397964,0.0027958639452936,0.2036581612142148,0.2143980161027868,0.3788787198224468,125.06,121.947,15.816715385182649,22.77,0.0012,-0.3099999999999987,4.7619047619047615e-06,0,0
2020-12-31,125.09,127.33,124.82,127.07,8580214,0.0135485176686775,0.1151581740538703,0.2095549384717508,0.378196745305623,125.46,122.1985,15.964969412878046,22.75,0.001,-0.0199999999999995,3.968253968253968e-06,0,0
2021-01-04,127.5,127.8579,124.78,125.87,16819915,-0.0094884874130293,0.1393405271442866,0.2113859887324627,0.3782571338447521,125.73000000000002,122.43,16.638074158988577,26.97,0.001,4.219999999999999,3.968253968253968e-06,0,0
2021-01-05,124.99,126.2995,123.77,125.65,13731206,-0.0017493643138123,0.1352133030975685,0.2100035290337353,0.3768564791450666,125.792,122.59550000000002,16.43518161074033,25.34,0.001,-1.629999999999999,3.968253968253968e-06,0,0
2021-01-06,129.88,132.77,127.88,131.55,24909056,0.0458867434967005,0.3432347327397846,0.2616236561317367,0.3861829830954589,127.1,123.079,17.030741990093137,25.07,0.0011,-0.2699999999999996,4.365079365079366e-06,0,0
2021-01-07,135.69,138.19,134.92,135.87,21940387,0.0323115387499304,0.3663147702356303,0.2801037673179817,0.3901056324954703,129.202,123.7725,16.90383965167129,22.37,0.0011,-2.6999999999999997,4.365079365079366e-06,0,0
2021-01-08,135.97,136.35,134.12,136.02,12035126,0.0011033875112603,0.3820945925815777,0.2762914333200136,0.3877172400192514,130.99200000000002,124.521,16.30334009860857,21.56,0.001,-0.8100000000000023,3.968253968253968e-06,0,0
2021-01-11,134.58,138.2,134.11,138.05,15949048,0.0148140046286708,0.3240747043501015,0.2740482933901832,0.3875944524550582,133.428,125.41,16.58490969889344,24.08,0.001,2.52,3.968253968253968e-06,0,0
2021-01-12,139.44,141.6599,138.8301,140.22,17968062,0.0155966794026579,0.2756636122501126,0.2713336167386813,0.3876750895958401,136.342,126.443,16.704106406533214,23.33,0.0011,-0.75,4.365079365079366e-06,0,0
2021-01-13,138.59,140.79,138.1,140.35,14816761,0.0009266850290699,0.2054891944655347,0.2638577234434069,0.3874789912406149,138.102,127.54550000000002,16.51126959793997,22.21,0.0012,-1.1199999999999974,4.7619047619047615e-06,0,0
2021-01-14,140.49,142.75,140.0,141.17,18565597,0.0058255350882167,0.1138829699211708,0.2621157639183983,0.3846592204540942,139.162,128.58800000000002,16.736820802361496,23.25,0.001,1.0399999999999991,3.968253968253968e-06,0,0
2021-01-15,137.43,141.65,137.01,138.64,27881016,-0.0180841924887576,0.2176234245366685,0.277645376182569,0.387756186517772,139.68599999999998,129.4865,17.143456585086437,24.34,0.001,1.09,3.968253968253968e-06,0,0
2021-01-19,139.86,140.7,137.82,138.04,19843782,-0.0043371471775479,0.1982566243069183,0.2750887862615148,0.3869672364620267,139.684,130.405,16.803401266654365,23.24,0.001,-1.1000000000000014,3.968253968253968e-06,0,0
2021-01-20,137.82,138.17,135.435,135.97,16028845,-0.0151092250622079,0.162562992636597,0.2832574505133529,0.3843524238735873,138.834,131.24949999999998,16.58990046958809,21.58,0.001,-1.66,3.968253968253968e-06,0,0
2021-01-21,135.69,136.16,134.325,134.83,13415022,-0.0084195475216113,0.149963033239044,0.2641384808534213,0.3851670492329141,137.72999999999996,131.8135,16.41188568179579,21.32,0.001,-0.259999999999998,3.968253968253968e-06,0,0
2021-01-22,132.69,134.4,132.2,133.79,12933227,-0.0077433191604554,0.0899359180091059,0.2579307465421717,0.381129071571915,136.254,132.41950000000003,16.37531029424211,21.91,0.001,0.5899999999999999,3.968253968253968e-06,0,0
2021-01-25,132.14,133.17,130.06,132.12,14212764,-0.0125608059629389,0.0671861710652838,0.2500631901832921,0.3796359093812185,134.95,132.772,16.469650992066303,23.19,0.001,1.2800000000000011,3.968253968253968e-06,0,0
2021-01-26,132.75,133.17,131.34,131.58,11307819,-0.0040955688647369,0.0683970277463168,0.2499474324149373,0.3737580223412827,133.658,133.125,16.24100499130034,23.02,0.0009,-0.1700000000000017,3.5714285714285718e-06,0,0
2021-01-27,129.59,129.85,127.35,127.86,17603851,-0.0286791163192711,0.1529806425408901,0.2730664617375559,0.3801189017998787,132.036,133.251,16.683628242891842,37.21,0.0009,14.19,3.5714285714285718e-06,0,0
2021-01-28,129.9,132.17,128.99,130.11,13761758,0.0174443311768039,0.2641257302998072,0.2787679821649158,0.3809359881783573,131.092,133.50600000000003,16.437404143936558,30.21,0.0008,-7.0,3.174603174603174e-06,0,0
2021-01-29,131.19,131.72,128.19,128.67,14808109,-0.011129259318486,0.2657126276980031,0.2825962047119841,0.3805074790598037,130.068,133.67149999999998,16.510685494094385,33.09,0.001,2.8800000000000026,3.968253968253968e-06,0,0
2021-02-01,129.4,130.0697,128.475,129.62,11080662,0.0073561058026713,0.2804619431571764,0.2798791057195561,0.3764369346710225,129.568,133.799,16.22071198479103,30.24,0.0008,-2.850000000000005,3.174603174603174e-06,0,0
2021-02-02,131.94,134.39,131.22,133.61,11832421,0.0303180156012328,0.3703451143287364,0.2953466705910483,0.3731966730454462,129.974,134.18599999999998,16.286353864213737,25.56,0.0008,-4.68,3.174603174603174e-06,0,0
2021-02-03,133.65,135.755,133.51,135.14,10600777,0.0113861695232257,0.2404631867277294,0.2962338369278738,0.3661721530666934,131.43,134.6605,16.176437858282636,22.91,0.0008,-2.6499999999999986,3.174603174603174e-06,0,0
2021-02-04,135.47,138.66,135.47,138.25,12419526,0.0227523622784158,0.2519968452907962,0.2618640564289357,0.3661976501272129,133.058,134.99550000000002,16.334780469490127,21.77,0.0007,-1.1400000000000006,2.7777777777777783e-06,0,0
2021-02-05,139.39,139.49,137.38,137.98,10051265,-0.0019548932844816,0.2021133295465948,0.2371819960619908,0.2635855343585125,134.92,135.101,16.12320905519508,20.87,0.0006,-0.8999999999999986,2.3809523809523808e-06,0,0
2021-02-08,138.2,140.3,138.18,140.14,10136384,0.0155331758244251,0.1934006248154261,0.2429120648202997,0.2645637458560411,137.02399999999997,135.307,16.131641885032668,21.24,0.0007,0.3699999999999974,2.7777777777777783e-06,0,0
2021-02-09,139.43,139.98,138.54,139.58,8587220,-0.0040040093533821,0.1820879803441471,0.2383656307404613,0.2622913059723075,138.218,135.3835,15.965785609449874,21.63,0.0007,0.3900000000000005,2.7777777777777783e-06,0,0
2021-02-10,140.0,140.87,139.04,139.66,9877416,0.0005729838288835,0.1882743669663858,0.2316594992128622,0.2603333618189333,139.122,135.35549999999998,16.105761497055365,21.99,0.0007,0.3599999999999994,2.7777777777777783e-06,0,0
2021-02-11,139.66,140.55,138.22,139.27,9200955,-0.0027964023528885,0.12760833850357,0.2317962408784711,0.2605819855639074,139.326,135.30149999999998,16.034817840979795,21.25,0.0007,-0.7399999999999984,2.7777777777777783e-06,0,0
2021-02-12,139.05,141.61,139.0,141.25,8324562,0.0141168749615495,0.1495539830577454,0.2365626992992683,0.2565564550256669,139.98000000000002,135.3055,15.934720979834076,19.97,0.0006,-1.2800000000000011,2.3809523809523808e-06,0,0
2021-02-16,143.55,145.32,142.4,144.65,12130618,0.0237856613955937,0.1925600730409274,0.2406949405605644,0.2584810607636072,140.882,135.606,16.31124322768508,21.46,0.0008,1.490000000000002,3.174603174603174e-06,0,0
2021-02-17,143.95,145.38,143.12,145.1,10806559,0.003106128467998,0.174254992603304,0.2394928984282377,0.2574487824279332,141.98600000000002,135.959,16.195663822568253,21.5,0.0007,0.0399999999999991,2.7777777777777783e-06,0,0
2021-02-18,144.0,145.79,143.4,145.59,10590274,0.0033712921950923,0.1680073037528197,0.2302839008316554,0.2574395118119948,143.17199999999997,136.44,16.17544659070841,22.49,0.0006,0.9899999999999984,2.3809523809523808e-06,0,0
2021-02-19,145.86,148.84,145.86,148.02,11969782,0.0165529476840858,0.1414288124974469,0.2303189617887902,0.2574039547998305,144.922,137.09949999999998,16.297895865171153,22.05,0.0007,-0.4399999999999977,2.7777777777777783e-06,0,0
2021-02-22,146.87,150.19,146.79,149.41,11301409,0.009346805093673,0.1413814926109703,0.2260553739942211,0.2526950184482458,146.554,137.88049999999998,16.24043796617487,23.45,0.0006,1.3999999999999986,2.3809523809523808e-06,0,0
2021-02-23,151.51,152.31,149.59,150.61,16234408,0.0079995093607638,0.0870617027941553,0.2157908360497916,0.2378215754228528,147.746,138.805,16.602643498425536,23.11,0.0008,-0.3399999999999998,3.174603174603174e-06,0,0
2021-02-24,150.11,153.76,150.11,153.26,15061433,0.0174421113185007,0.0946674164568728,0.215241663887942,0.2377705447243049,149.378,139.889,16.52764792853173,21.34,0.0008,-1.7699999999999996,3.174603174603174e-06,0,0
2021-02-25,154.27,154.9,150.59,151.18,18056345,-0.0136646456782275,0.1996022292873165,0.1863058777398751,0.2395134156537736,150.496,141.055,16.709007704518942,28.89,0.0009,7.550000000000001,3.5714285714285718e-06,0,0
2021-02-26,150.3,150.8741,146.51,147.17,19751561,-0.0268827986880092,0.2925345237086338,0.220919854824313,0.2389263953210268,150.326,141.908,16.79874308416275,27.95,0.0008,-0.9400000000000012,3.174603174603174e-06,0,0
2021-03-01,149.52,151.3799,148.48,150.5,14845483,0.0223747030129091,0.333712854880286,0.2181360056528406,0.2407524293459526,150.544,142.9995,16.513206201858182,23.35,0.0008,-4.599999999999998,3.174603174603174e-06,0,0
2021-03-02,150.08,151.78,149.84,150.01,14221724,-0.0032611256481314,0.3293444044267226,0.2216725147115867,0.239063071737646,150.424,144.01899999999998,16.470281212684064,24.1,0.0008,0.75,3.174603174603174e-06,0,0
2021-03-03,151.23,154.98,150.825,152.91,14324103,0.019147554479261,0.3354607935740146,0.2095037752863963,0.2402695974612042,150.35399999999998,144.984,16.477454200803454,26.67,0.0008,2.5700000000000003,3.174603174603174e-06,0,0
2021-03-04,152.61,154.3786,148.6201,150.56,20093905,-0.0154878371829905,0.3401992110344942,0.2228991540069773,0.2432549396446894,150.22999999999996,145.755,16.815927093213784,28.57,0.0008,1.8999999999999984,3.174603174603174e-06,0,0
2021-03-05,153.215,153.49,147.97,150.91,18465108,0.0023219567933896,0.2506465369514787,0.2134025749532506,0.2428019905835147,150.978,146.38799999999998,16.731393455155025,24.66,0.0008,-3.91,3.174603174603174e-06,0,0
2021-03-08,152.47,155.46,150.75,152.91,17133270,0.0131658803896009,0.2167020122212916,0.2141965887190543,0.2435322076652667,151.45999999999998,147.13449999999995,16.6565327452524,25.47,0.0009,0.8099999999999987,3.5714285714285718e-06,0,0
2021-03-09,151.5,154.25,149.82,151.83,16238763,-0.0070880391259636,0.2253939400613971,0.2146847978389326,0.243388614900837,151.824,147.719,16.602911719845988,24.03,0.001,-1.4399999999999975,3.968253968253968e-06,0,0
2021-03-10,151.91,156.16,151.51,155.13,14342237,0.0215020011821434,0.2367416728359687,0.2210592101364617,0.2451050734736913,152.268,148.4965,16.47871937818005,22.56,0.0008,-1.4700000000000024,3.174603174603174e-06,0,0
2021-03-11,154.11,156.15,153.36,154.32,11771478,-0.0052351064787661,0.1939396878321158,0.2236461839124523,0.244987625203586,153.01999999999998,149.2295,16.281190044844696,21.91,0.0008,-0.6499999999999986,3.174603174603174e-06,0,0
2021-03-12,156.86,157.63,155.0701,156.15,12849532,0.0117887151316139,0.1975209853880691,0.2229016465578004,0.243483345295392,154.06799999999998,150.07350000000002,16.368817948408807,20.69,0.0009,-1.2199999999999989,3.5714285714285718e-06,0,0
2021-03-15,156.35,156.92,153.96,155.37,12103264,-0.0050077146251778,0.2028415367856061,0.2236825494829421,0.2428984566666919,154.56,150.7795,16.308985726256537,20.03,0.0008,-0.6600000000000001,3.174603174603174e-06,0,0
2021-03-16,154.09,154.6,152.19,153.51,12805565,-0.0120436576187997,0.2209102533139138,0.2193863006826475,0.2451761503024876,154.89600000000002,151.22250000000005,16.365390400031657,19.79,0.0007,-0.240000000000002,2.7777777777777783e-06,0,0
2021-03-17,155.34,156.88,153.05,155.09,13952375,0.0102398820862515,0.1667482598969311,0.2209001307779996,0.2441368421838521,154.88799999999998,151.722,16.451160302636666,19.23,0.0007,-0.5599999999999987,2.7777777777777783e-06,0,0
2021-03-18,157.6,161.69,157.11,157.65,21898467,0.0163717924197084,0.1929316662384004,0.2257010730631201,0.2445898381412309,155.554,152.325,16.901927192336615,21.58,0.0008,2.349999999999998,3.174603174603174e-06,0,0
2021-03-19,155.51,155.94,151.19,155.14,54418832,-0.0160494509283444,0.2233996107949517,0.2312133803771696,0.2388269510907644,155.352,152.68099999999998,17.81222082839151,20.95,0.0007,-0.629999999999999,2.7777777777777783e-06,0,0
2021-03-22,152.8,153.97,150.61,150.97,19944845,-0.0272467934830807,0.2919410992527166,0.2520703923912924,0.2440922850453403,154.472,152.759,16.808481271920176,18.88,0.0006,-2.0700000000000003,2.3809523809523808e-06,0,0
2021-03-23,150.33,152.12,148.96,149.46,17076304,-0.0100523430775005,0.2895673523299348,0.2531078179032255,0.2404640203516226,153.66199999999998,152.7015,16.653202329465636,20.3,0.0008,1.4200000000000017,3.174603174603174e-06,0,0
2021-03-24,150.0,153.18,149.86,150.62,13079793,0.0077313101710615,0.2814952784410495,0.2462926668814911,0.2401601722824217,152.768,152.5695,16.386579078180027,21.2,0.0007,0.8999999999999986,2.7777777777777783e-06,0,0
2021-03-25,150.0,152.97,149.33,152.55,15608340,0.0127323024894731,0.2640401936875677,0.2459266275388543,0.2408640120845407,151.748,152.638,16.56331594474849,19.81,0.0007,-1.3900000000000006,2.7777777777777783e-06,0,0
2021-03-26,154.3,155.45,152.55,155.09,16754402,0.0165131824086827,0.2903328202444492,0.2296592913252186,0.2420511169208229,151.738,153.034,16.634171587678058,18.86,0.0006,-0.9499999999999992,2.3809523809523808e-06,0,0
2021-03-29,152.1201,153.7276,151.04,152.68,17570343,-0.0156613656943324,0.2266675211800596,0.2259238209299428,0.2452454308821533,152.08,153.143,16.68172298188508,20.74,0.0006,1.879999999999999,2.3809523809523808e-06,0,0
2021-03-30,154.46,155.87,153.88,154.48,13184306,0.0117204102432299,0.2037483852947353,0.2286653742007669,0.2449471227548132,153.084,153.36650000000003,16.3945377408135,19.61,0.0006,-1.129999999999999,2.3809523809523808e-06,0,0
2021-03-31,153.28,154.49,152.12,152.23,16736681,-0.0146721030490962,0.2522628655612955,0.2254749312302214,0.2463255009394785,153.406,153.3325,16.63311333574552,19.4,0.0007,-0.2100000000000008,2.7777777777777783e-06,0,0
2021-04-01,151.9,153.79,151.55,153.71,16561508,0.0096751751656781,0.2449943940059832,0.2205172830471539,0.2464638630281693,153.638,153.49,16.622591765577354,17.33,0.0006,-2.0700000000000003,2.3809523809523808e-06,0,0
2021-04-05,154.4,154.94,152.6,153.62,13507979,-0.0005856896663049,0.2060217210573739,0.2205338047843081,0.230070495649673,153.344,153.62550000000002,16.418791105852097,17.91,0.0006,0.5800000000000018,2.3809523809523808e-06,0,0
2021-04-06,152.79,154.28,151.86,152.54,13071554,-0.0070551638344434,0.1768062632063432,0.2172613188430041,0.2223616669197054,153.31599999999997,153.60700000000003,16.385948976772813,18.12,0.0006,0.2100000000000008,2.3809523809523808e-06,0,0
2021-04-07,153.1,155.23,152.65,154.93,16903523,0.015546545272108,0.1942602775517593,0.2224292093224676,0.2240959884240712,153.406,153.762,16.643032619706677,17.16,0.0006,-0.9600000000000009,2.3809523809523808e-06,0,0
2021-04-08,154.0,155.505,152.31,155.12,12335512,0.0012256089261958,0.1411376470799713,0.2088864565765671,0.2225461385591639,153.984,153.7615,16.3279928149885,16.95,0.0005,-0.2100000000000008,1.984126984126984e-06,0,0
2021-04-09,155.81,157.042,154.97,156.28,12122400,0.0074502592524734,0.1360567325264552,0.2095247407928832,0.221032487601497,154.498,153.8595,16.310565538804088,16.69,0.0006,-0.259999999999998,2.3809523809523808e-06,0,0
2021-04-12,155.58,157.25,155.57,155.95,12273355,-0.0021138271330576,0.1392136520388922,0.2054779599602195,0.2211720148897321,154.964,153.84949999999998,16.32294121044446,16.91,0.0006,0.2199999999999988,2.3809523809523808e-06,0,0
2021-04-13,154.75,155.2,152.43,154.09,16113557,-0.0119985957600501,0.1639567968021581,0.2091739544241516,0.2227820940879739,155.274,153.7855,16.595171525319184,16.65,0.0006,-0.2600000000000015,2.3809523809523808e-06,0,0
2021-04-14,151.47,153.83,150.93,151.21,19939592,-0.0188672481691842,0.1671128700055168,0.2155121975028754,0.2230810789184559,154.53,153.6705,16.808217860904477,16.99,0.0006,0.3399999999999998,2.3809523809523808e-06,0,0
2021-04-15,151.25,152.2,149.32,152.17,17694125,0.0063287178074453,0.1820788269175097,0.2133015861312471,0.2229708629356735,153.94,153.52450000000002,16.68874322154217,16.57,0.0006,-0.4199999999999981,2.3809523809523808e-06,0,0
2021-04-16,153.87,154.51,152.69,153.3,13773412,0.0073984689457453,0.1818767660144791,0.2058857600012126,0.2205139004138041,153.344,153.307,16.438250625051136,16.25,0.0006,-0.3200000000000003,2.3809523809523808e-06,0,0
2021-04-19,153.42,153.88,152.22,152.65,11900220,-0.0042490666968816,0.1812228191195763,0.1988909227284343,0.2198368668297799,152.684,153.1825,16.292067445305825,17.29,0.0008,1.0399999999999991,3.174603174603174e-06,0,0
2021-04-20,151.74,151.75,148.65,149.27,13716678,-0.0223909725357385,0.2199891689587492,0.1909170552310221,0.224626651632476,151.72,153.0975,16.434123022664345,18.68,0.0007,1.3900000000000006,2.7777777777777783e-06,0,0
2021-04-21,147.79,150.61,146.79,150.54,12236674,0.0084720829612375,0.2072873296155996,0.190030866800953,0.2230033042226883,151.586,153.1515,16.319948066096472,17.5,0.0007,-1.1799999999999995,2.7777777777777783e-06,0,0
2021-04-22,150.23,150.3,147.26,147.37,15256117,-0.0212823983812143,0.2372428546304745,0.2025961359155838,0.2277976424732532,150.62600000000003,152.989,16.540491095346777,18.71,0.0006,1.2100000000000009,2.3809523809523808e-06,0,0
2021-04-23,147.18,151.13,146.685,150.19,14043086,0.0189547279923178,0.2883086037515845,0.2093194763940355,0.2213214892264204,150.004,152.871,16.457640732979133,17.33,0.0007,-1.3800000000000026,2.7777777777777783e-06,0,0
2021-04-26,150.78,152.46,150.38,150.56,10799065,0.0024605166195801,0.2920000381172275,0.1996414805490419,0.2191728104811597,149.586,152.64450000000002,16.19497011427262,17.64,0.0006,0.3100000000000023,2.3809523809523808e-06,0,0
2021-04-27,150.5,151.57,150.11,151.25,12821182,0.0045724210738814,0.2349522420507507,0.193403420579786,0.2173777742651625,149.98200000000003,152.573,16.366609204894655,17.56,0.0006,-0.0800000000000018,2.3809523809523808e-06,0,0
2021-04-28,152.43,152.89,151.4,152.23,8943653,0.0064584381602117,0.2322198423909588,0.1898740087557676,0.2173033286212913,150.32,152.4605,16.00645467666554,17.28,0.0005,-0.2799999999999976,1.984126984126984e-06,0,0
2021-04-29,153.54,155.28,153.2,155.19,12976866,0.0192576376123707,0.1290030977929653,0.1949680045094942,0.212422259810762,151.884,152.6085,16.37867879170474,17.61,0.0005,0.3299999999999983,1.984126984126984e-06,0,0
2021-04-30,154.1,154.49,153.01,153.81,11705065,-0.0089320982198144,0.1599041499201641,0.195127634935866,0.2128707981499563,152.608,152.61350000000002,16.27553221207413,18.61,0.0005,1.0,1.984126984126984e-06,0,0
2021-05-03,154.85,155.48,153.13,153.36,11801108,-0.0029299757263298,0.1691092607696489,0.1954033850084119,0.2087242135143412,153.168,152.60049999999998,16.283703983332806,18.31,0.0006,-0.3000000000000007,2.3809523809523808e-06,0,0
2021-05-04,152.87,155.64,152.14,155.48,12977673,0.0137290072466331,0.1839759459385271,0.1994553651573943,0.2100128764018971,154.01399999999998,152.7475,16.378740977359453,19.48,0.0006,1.1700000000000017,2.3809523809523808e-06,0,0
2021-05-05,156.0,158.28,154.63,157.52,10506700,0.0130353283468477,0.1918533651925503,0.1972051647356805,0.2093863365316761,155.072,152.877,16.16752370686964,19.15,0.0006,-0.3300000000000018,2.3809523809523808e-06,0,0
2021-05-06,158.07,160.825,157.16,160.69,13542406,0.0199246087227916,0.1946133759483785,0.2085479510288555,0.2122044564775293,156.172,153.15550000000002,16.421336505378786,18.39,0.0005,-0.759999999999998,1.984126984126984e-06,0,0
2021-05-07,157.22,161.5,157.02,161.24,14257828,0.0034168951953031,0.1443059482724918,0.2075785151575435,0.2121829281294143,157.65800000000002,153.4035,16.472816647183947,16.69,0.0005,-1.6999999999999993,1.984126984126984e-06,0,0
2021-05-10,161.5,163.73,161.12,161.22,14014332,-0.0001240463935102,0.1298050678383677,0.207231025763236,0.2119742555041712,159.23000000000002,153.667,16.45559107822712,19.66,0.0005,2.969999999999999,1.984126984126984e-06,0,0
2021-05-11,161.08,162.39,158.04,158.54,15451666,-0.0167629644464451,0.2221901974049933,0.2120309288110596,0.214143995268042,159.842,153.8895,16.553227387209816,21.84,0.0005,2.18,1.984126984126984e-06,0,0
2021-05-12,159.61,160.78,157.03,157.45,14381733,-0.0068989798619761,0.2155127390875659,0.2007987655075562,0.2099569797605846,159.828,154.2015,16.481469417599488,27.59,0.0005,5.75,1.984126984126984e-06,0,0
2021-05-13,158.18,162.445,157.68,161.5,15397363,0.0253971951156776,0.2485063605882113,0.2169793555456839,0.2156182895857482,159.98999999999998,154.668,16.54970681895545,23.13,0.0005,-4.460000000000001,1.984126984126984e-06,0,0
2021-05-14,162.39,164.45,161.99,164.01,10583975,0.0154222589123062,0.2695681332734988,0.2209811517519148,0.217404059528462,160.54399999999998,155.20350000000002,16.174851622718204,18.81,0.0006,-4.32,2.3809523809523808e-06,0,0
2021-05-17,163.37,164.85,163.03,164.67,9886843,0.0040160696548899,0.2677480838329613,0.2191381826403442,0.2153243182283145,161.234,155.80450000000002,16.106715441315544,19.72,0.0006,0.91,2.3809523809523808e-06,0,0
2021-05-18,164.68,165.5,162.24,162.35,11098117,-0.0141889726810524,0.2553682211315822,0.2077812860281065,0.2171844375494993,161.99599999999998,156.45850000000002,16.222286012252493,21.34,0.0006,1.620000000000001,2.3809523809523808e-06,0,0
2021-05-19,161.0,161.18,158.64,161.11,13278895,-0.0076671370459596,0.2576239504388091,0.2112487957376775,0.2175192711984287,162.728,156.98700000000002,16.40168649071927,22.18,0.0005,0.8399999999999999,1.984126984126984e-06,0,0
2021-05-20,160.83,161.86,159.52,160.83,10426014,-0.0017394549953392,0.1798897667444541,0.1914329762579484,0.21490928609726,162.594,157.66,16.15981458710614,20.67,0.0005,-1.509999999999998,1.984126984126984e-06,0,0
2021-05-21,161.34,163.223,160.94,162.66,10248994,0.011314226231073,0.1574730450532896,0.1855429935813418,0.2138208659443222,162.324,158.2835,16.14269011239056,20.15,0.0004,-0.5200000000000031,1.587301587301587e-06,0,0
2021-05-24,163.36,164.225,162.1189,163.54,9440290,0.0053954759952019,0.1608694571369652,0.1855149986855593,0.2057825530256924,162.098,158.93249999999998,16.060497257988807,18.4,0.0004,-1.75,1.587301587301587e-06,0,0
2021-05-25,163.85,165.7,161.56,161.85,12609084,-0.0103876283615778,0.1430762496519904,0.1925151132917985,0.2026933839331572,161.998,159.4625,16.349928064541334,18.84,0.0004,0.4400000000000013,1.587301587301587e-06,0,0
2021-05-26,163.57,163.74,161.305,161.83,13058340,-0.0001235788434591,0.1289871087937682,0.1925399678061797,0.2024995561628939,162.142,159.9425,16.384937568067794,17.36,0.0004,-1.4800000000000004,1.587301587301587e-06,0,0
2021-05-27,163.95,164.75,162.57,164.35,15707512,0.0154518985814342,0.160727771816688,0.1887292044143853,0.2012432799430566,162.846,160.40050000000002,16.569649627225207,16.74,0.0004,-0.620000000000001,1.587301587301587e-06,0,0
2021-05-28,164.68,164.94,163.26,164.24,10294700,-0.0006695273995501,0.1500854561198336,0.1840998438453511,0.1982634212438474,163.162,160.92199999999997,16.14713975766004,16.76,0.0005,0.0200000000000031,1.984126984126984e-06,0,0
2021-06-01,165.87,166.91,165.48,166.05,9445366,0.0109601751120773,0.1628306377943223,0.1844870158003237,0.1992138703904941,163.664,161.5565,16.061034808828687,17.9,0.0004,1.139999999999997,1.587301587301587e-06,0,0
2021-06-02,167.26,167.44,165.53,166.06,10498568,6.022101112890498e-05,0.1197104283584323,0.1812538874180458,0.1977674761879518,164.50600000000003,162.0855,16.16674942487464,17.48,0.0005,-0.4199999999999981,1.984126984126984e-06,0,0
2021-06-03,165.41,167.245,164.661,166.17,13354653,0.0006621918792376,0.1176477189595063,0.1777187050741682,0.1969871924197102,165.374,162.518,16.407375421410656,18.04,0.0004,0.5599999999999987,1.587301587301587e-06,0,0
2021-06-04,166.21,166.67,165.03,166.44,8510831,0.0016235234016184,0.0760134557637331,0.1656171919419251,0.1925299464436618,165.792,162.8055,15.95685014560586,16.42,0.0005,-1.6199999999999974,1.984126984126984e-06,0,0
2021-06-07,167.0,167.1,165.14,165.66,7267196,-0.0046973889446224,0.0906540155167077,0.1670376342521027,0.1924566455911015,166.076,163.0265,15.798881080474906,16.42,0.0005,0.0,1.984126984126984e-06,0,0
2021-06-08,164.49,165.76,163.1618,165.0,10370719,-0.0039920212695374,0.0456179590886147,0.1680522179778991,0.1914566043664814,165.866,163.2155,16.15449691242127,17.07,0.0005,0.6499999999999986,1.984126984126984e-06,0,0
2021-06-09,164.14,164.22,162.28,162.94,12377367,-0.0125634390180849,0.0894361901164195,0.1626877883264029,0.1930749215158668,165.242,163.4355,16.331380120856004,17.89,0.0005,0.8200000000000003,1.984126984126984e-06,0,0
2021-06-10,164.36,165.24,160.31,160.4,12119419,-0.0157113394500815,0.1109885797140812,0.1714014712912207,0.1942591078176971,164.08800000000002,163.583,16.310319600162686,16.1,0.0005,-1.7899999999999991,1.984126984126984e-06,0,0
2021-06-11,160.43,161.199,159.06,160.29,13683774,-0.0006860207946245,0.100289599603993,0.1449853049178196,0.1932629132589604,162.858,163.52249999999998,16.431721309304546,15.65,0.0005,-0.450000000000001,1.984126984126984e-06,0,0
2021-06-14,160.15,160.33,156.655,157.57,19917855,-0.0171148706638355,0.1157471273795393,0.1439603171161567,0.1937375542196532,161.23999999999998,163.2005,16.807127123599848,16.39,0.0005,0.7400000000000002,1.984126984126984e-06,0,0
2021-06-15,156.7,156.92,154.13,155.18,24485479,-0.0152840705081509,0.1060967337723008,0.1494541533821749,0.1934730515050212,159.276,162.726,17.013590805924956,17.02,0.0008,0.629999999999999,3.174603174603174e-06,0,0
2021-06-16,154.73,157.62,153.11,156.27,24773291,0.0069995469594065,0.1727038376681005,0.1472633944642229,0.1854331710640262,157.942,162.422,17.02527665497359,18.15,0.0008,1.129999999999999,3.174603174603174e-06,0,0
2021-06-17,157.1,157.46,151.25,151.76,29722421,-0.0292849547984512,0.2273464110059863,0.1757188870335297,0.1941262818225846,156.214,161.9545,17.20741223479222,17.75,0.0008,-0.3999999999999986,3.174603174603174e-06,0,0
2021-06-18,149.3,149.7,147.56,147.92,43595659,-0.0256287385478894,0.2244878920240993,0.1930695922568661,0.2005703721918642,153.73999999999998,161.309,17.59046813914223,20.7,0.0009,2.9499999999999997,3.5714285714285718e-06,0,0
2021-06-21,149.08,151.202,149.0201,150.43,18664796,0.0168262726308631,0.322421502856466,0.1998117215009515,0.2018779057390674,152.312,160.69750000000002,16.74214974072381,17.89,0.0009,-2.8099999999999987,3.5714285714285718e-06,0,0
2021-06-22,150.6,150.97,148.66,150.21,14251160,-0.0014635446997692,0.3211186664554005,0.1970399708445049,0.1988474938553047,151.31799999999998,160.031,16.47234886487462,16.66,0.0009,-1.2300000000000004,3.5714285714285718e-06,0,0
2021-06-23,150.2,152.04,150.09,151.12,12733326,0.0060399081832909,0.3186378467971535,0.198874327524811,0.1967581433970912,150.288,159.4945,16.3597332089923,16.32,0.0008,-0.3399999999999998,3.174603174603174e-06,0,0
2021-06-24,151.92,153.12,151.22,152.51,13733186,0.0091559444748382,0.2581193020230455,0.2035922568342036,0.1961654504155237,150.43800000000002,159.02849999999998,16.435325797438757,15.97,0.0008,-0.3499999999999996,3.174603174603174e-06,0,0
2021-06-25,152.59,154.495,151.6686,154.05,15484922,0.0100470573745845,0.1055257891982198,0.1979326282975463,0.1949211180276377,151.66400000000002,158.5135,16.555377334244046,15.62,0.0009,-0.3500000000000014,3.5714285714285718e-06,0,0
2021-06-28,153.7,154.48,152.1203,154.33,14125837,0.0018159418700632,0.077635444714283,0.1985557214770869,0.1939520735104618,152.44400000000002,158.018,16.463516089878343,15.76,0.0008,0.1400000000000005,3.174603174603174e-06,0,0
2021-06-29,155.0,156.31,153.61,154.14,14528708,-0.001231886562893,0.0764056792276774,0.1916932469913537,0.1939658835970498,153.23,157.4225,16.49163711211595,16.02,0.0008,0.2599999999999998,3.174603174603174e-06,0,0
2021-06-30,153.75,156.08,153.7097,155.54,12530993,0.0090416529169501,0.0813800623187465,0.1966307191873525,0.1942502271310899,154.11399999999998,156.8965,16.34371557353263,15.83,0.0007,-0.1899999999999995,2.7777777777777783e-06,0,0
2021-07-01,156.26,157.14,155.415,157.08,10479389,0.0098522964430118,0.0833343347739416,0.201710095419114,0.1926886132435721,155.028,156.442,16.164920933630853,15.48,0.0009,-0.3499999999999996,3.5714285714285718e-06,0,0
2021-07-02,155.95,156.32,155.12,156.03,11431349,-0.0067069332567181,0.1111207961378964,0.2014473497263168,0.1931986074362121,155.424,155.92149999999998,16.251870051554015,15.07,0.0008,-0.4100000000000001,3.174603174603174e-06,0,0
2021-07-06,155.78,155.78,152.345,153.41,15083360,-0.0169342205964087,0.178356586880573,0.2072300379148196,0.1956819919739974,155.23999999999998,155.30900000000003,16.529102707396337,16.44,0.0007,1.370000000000001,2.7777777777777783e-06,0,0
2021-07-07,152.01,154.2829,151.55,153.59,12271789,0.0011726385708549,0.1791411292851231,0.2079896895890346,0.1956684293060482,155.13,154.7385,16.32281360882989,16.2,0.0008,-0.240000000000002,3.174603174603174e-06,0,0
2021-07-08,151.61,152.53,150.04,150.94,17834574,-0.0174043075708146,0.1866279697007591,0.211443063927324,0.1973605736955462,154.20999999999998,154.1385,16.696649490871696,19.0,0.0007,2.8000000000000007,2.7777777777777783e-06,0,0
2021-07-09,153.05,156.15,152.58,155.77,13694523,0.0314981534817922,0.3188902220022356,0.2406346438116497,0.2040487344035288,153.948,153.90699999999998,16.43250652984272,16.18,0.0008,-2.8200000000000003,3.174603174603174e-06,0,0
2021-07-12,154.35,159.1612,153.94,158.0,19940363,0.0142144726884523,0.3323950629734504,0.2470025176366328,0.205645394614842,154.342,153.7925,16.808256526946106,16.17,0.0008,-0.009999999999998,3.174603174603174e-06,0,0
2021-07-13,156.05,157.39,153.5001,155.65,22671744,-0.0149851361393495,0.3254272611745387,0.245236932688691,0.2076041808260365,154.79000000000002,153.6965,16.936629949388017,17.12,0.0008,0.9499999999999992,3.174603174603174e-06,0,0
2021-07-14,155.95,157.28,152.95,155.12,14622833,-0.0034108859532207,0.3285709220153108,0.2393673424710899,0.2075336300667893,155.096,153.6935,16.498094769163625,16.33,0.0008,-0.7900000000000027,3.174603174603174e-06,0,0
2021-07-15,153.9,156.53,153.7,155.46,11539263,0.0021894528676772,0.2818614402365206,0.238102253271498,0.2021141148479971,156.0,153.653,16.261265952186758,17.01,0.0007,0.6800000000000033,2.7777777777777783e-06,0,0
2021-07-16,155.96,156.28,151.02,151.91,14002741,-0.0231002235825023,0.2315079156339637,0.2289385034002578,0.20720622495102,155.228,153.6605,16.454763654130296,18.45,0.0008,1.4399999999999975,3.174603174603174e-06,0,0
2021-07-19,148.55,149.823,145.71,146.97,22172865,-0.0330597559009782,0.2273114327169058,0.2411850338291551,0.2137131848969662,153.022,153.613,16.9143798019306,22.5,0.0007,4.050000000000001,2.7777777777777783e-06,0,0
2021-07-20,146.52,151.12,146.3278,149.71,15385158,0.0184716051431522,0.3254662444194242,0.2428019083165919,0.2135319468001045,151.834,153.577,16.548913836428802,19.73,0.0008,-2.77,3.174603174603174e-06,0,0
2021-07-21,152.05,153.65,151.36,152.86,12356686,0.0208223803529928,0.38583978753096,0.2539435621629876,0.2177298004495654,151.382,153.7095,16.32970785106508,17.91,0.0007,-1.8200000000000005,2.7777777777777783e-06,0,0
2021-07-22,152.88,153.44,149.97,150.93,9913322,-0.0127063166434012,0.3878618283944842,0.2575783320769726,0.2191405853193921,150.476,153.7,16.109390067086093,17.69,0.0007,-0.2199999999999988,2.7777777777777783e-06,0,0
2021-07-23,151.48,152.84,150.25,150.64,9666101,-0.00192326882244,0.3566267660082141,0.2553113792227009,0.2187526213906502,150.222,153.6065,16.084135580329058,17.2,0.0007,-0.490000000000002,2.7777777777777783e-06,0,0
2021-07-26,150.19,151.96,150.17,151.65,8207990,0.0066823497856933,0.2228165766590204,0.2537218123350243,0.2154747797770681,151.158,153.4865,15.92061862806836,17.58,0.0008,0.379999999999999,3.174603174603174e-06,0,0
2021-07-27,150.4,152.49,149.8,151.45,11218727,-0.0013196966613439,0.1973825563607945,0.2535395382967166,0.2147485446998105,151.506,153.3425,16.23309499351145,19.36,0.0007,1.7800000000000011,2.7777777777777783e-06,0,0
2021-07-28,152.29,152.77,150.88,151.7,9217294,0.0016493488812403,0.112993627352695,0.2537020534616971,0.2147102182475045,151.274,153.22050000000002,16.036592060047642,18.31,0.0007,-1.0500000000000007,2.7777777777777783e-06,0,0
2021-07-29,153.14,153.87,151.91,153.0,9048750,0.0085330350379489,0.0746763938530514,0.2534467195756737,0.2135332389708765,151.688,153.0935,16.018137184589488,17.7,0.0008,-0.6099999999999994,3.174603174603174e-06,0,0
2021-07-30,152.58,153.67,151.2,151.78,9805241,-0.0080058174166687,0.1048960233042758,0.2513889829093026,0.2122846063835961,151.916,152.8285,16.098427596606797,18.24,0.0007,0.5399999999999991,2.7777777777777783e-06,0,0
2021-08-02,152.03,154.45,151.07,151.17,10203157,-0.0040270726151504,0.0990011450115639,0.2508627733331883,0.2080167816767625,151.82,152.5855,16.13820774017014,19.46,0.0007,1.2200000000000024,2.7777777777777783e-06,0,0
2021-08-03,151.95,153.32,149.52,152.89,10394804,0.0113136772119058,0.129436252441417,0.247957115571703,0.2093610442252178,152.108,152.5595,16.156816623877635,18.04,0.0007,-1.4200000000000017,2.7777777777777783e-06,0,0
2021-08-04,151.25,153.37,150.91,151.24,10154973,-0.01085072954979,0.1581518861159298,0.2507509982462235,0.2103460578014855,152.01600000000002,152.442,16.133474094204313,17.97,0.0007,-0.0700000000000002,2.7777777777777783e-06,0,0
2021-08-05,152.28,153.69,152.01,153.15,9151499,0.012549854256052,0.1745031671156509,0.2469109138019284,0.2095793387162748,152.046,152.5525,16.029428248970444,17.28,0.0008,-0.6899999999999977,3.174603174603174e-06,0,0
2021-08-06,155.19,157.82,155.11,157.5,13328750,0.0280076249869033,0.2420770303634808,0.2413904851599315,0.2171538694897273,153.19,152.639,16.405433914314525,16.15,0.0009,-1.1300000000000026,3.5714285714285718e-06,0,0
2021-08-09,157.52,158.55,155.9,157.33,9516867,-0.0010799480133557,0.2340859472881211,0.2359532166480818,0.2106112219242488,154.422,152.6055,16.06857625596471,16.72,0.0008,0.5700000000000003,3.174603174603174e-06,0,0
2021-08-10,156.74,159.975,156.31,159.26,8666998,0.0121925765769668,0.2349541278331205,0.2330893825470456,0.2096744634772912,155.696,152.786,15.9750330373561,16.79,0.0008,0.0700000000000002,3.174603174603174e-06,0,0
2021-08-11,160.0,161.5,159.08,161.16,9156458,0.0118595734938478,0.1636685073715563,0.2354204671444168,0.2110063300179792,157.68,153.08800000000002,16.029969980647145,16.06,0.0008,-0.7300000000000004,3.174603174603174e-06,0,0
2021-08-12,161.88,162.37,160.5539,161.79,8849610,0.0039015376940988,0.1752913212167218,0.2355258465818906,0.2091912492882658,159.408,153.4045,15.995883948216488,15.59,0.0009,-0.4699999999999988,3.5714285714285718e-06,0,0
2021-08-13,161.79,162.16,159.57,159.98,8953523,-0.0112503905965695,0.1554263839648898,0.2221559973866419,0.2098757487977843,159.904,153.80800000000002,16.007557644083484,15.45,0.0008,-0.1400000000000005,3.174603174603174e-06,0,0
2021-08-16,158.94,159.03,156.78,158.93,8759767,-0.0065849537119475,0.1691188616002475,0.1820717690938095,0.2102702667657986,160.224,154.406,15.98567986438532,16.12,0.0008,0.6700000000000017,3.174603174603174e-06,0,0
2021-08-17,157.57,158.86,155.27,157.01,9347213,-0.0121543561212981,0.1651716046662145,0.1820438684923259,0.2102828639636548,159.77399999999997,154.77100000000002,16.050588781965416,17.91,0.0007,1.7899999999999991,2.7777777777777783e-06,0,0
2021-08-18,156.31,158.01,155.34,155.58,8065493,-0.009149428808802,0.1029574581482428,0.1726168613678529,0.2106272190635945,158.658,154.90699999999998,15.903105396005486,21.57,0.0007,3.66,2.7777777777777783e-06,0,0
2021-08-19,153.16,155.56,153.01,154.28,9517737,-0.008390935438601,0.0354607087158394,0.168747645400588,0.2102797612247576,157.156,155.0745,16.068667668425995,21.67,0.0006,0.1000000000000014,2.3809523809523808e-06,0,0
2021-08-20,154.35,154.9,153.16,154.72,6974102,0.0028478983649571,0.0904232761213851,0.1684644260124946,0.2104086276499019,156.10399999999998,155.2785,15.757714131863574,18.56,0.0006,-3.110000000000003,2.3809523809523808e-06,0,0
2021-08-23,155.33,157.09,155.24,156.7,7934587,0.0127161176569908,0.1649198317218504,0.172321363771818,0.2095819973995568,155.658,155.531,15.88674186269901,17.15,0.0007,-1.41,2.7777777777777783e-06,0,0
2021-08-24,157.0,158.55,156.87,157.67,7670925,0.0061710918874152,0.1502833083670122,0.1726672521444982,0.2100677195657717,155.79,155.842,15.852947765811118,17.22,0.0006,0.0700000000000002,2.3809523809523808e-06,0,0
2021-08-25,158.51,161.78,157.8,160.92,11335040,0.0204031058321971,0.1714908535333804,0.184566570516775,0.2131711623810823,156.858,156.303,16.24340937081035,16.79,0.0007,-0.4299999999999997,2.7777777777777783e-06,0,0
2021-08-26,162.26,163.83,161.15,161.75,11027451,0.0051445862994226,0.1132313769350734,0.1835965078642548,0.2134850103346255,158.352,156.7405,16.215898267514497,18.84,0.0007,2.0500000000000007,2.7777777777777783e-06,0,0
2021-08-27,161.75,163.16,161.26,163.05,8780185,0.0080049688543182,0.099335308923301,0.1798791722819989,0.2141759222547333,160.018,157.304,15.98800803600435,16.39,0.0007,-2.4499999999999997,2.7777777777777783e-06,0,0
2021-08-30,163.21,163.49,159.8801,160.44,7937561,-0.016136861333476,0.2091049024458273,0.1914373846123868,0.2165684524631686,160.766,157.76749999999998,15.887116607192924,16.19,0.0008,-0.1999999999999993,3.174603174603174e-06,0,0
2021-08-31,160.44,161.37,159.35,159.95,12340838,-0.0030587745063251,0.2152390362745915,0.1899268321443799,0.2164624327051032,161.222,158.12050000000002,16.328424483374036,16.48,0.0007,0.2899999999999991,2.7777777777777783e-06,0,0
2021-09-01,160.22,160.76,158.97,159.72,8729920,-0.0014389842005063,0.1487395910209323,0.184162504031853,0.2163539877524284,160.98200000000003,158.5445,15.982266763970818,16.11,0.0007,-0.370000000000001,2.7777777777777783e-06,0,0
2021-09-02,160.02,161.61,159.43,160.46,8815634,0.0046224081304893,0.1473099729831872,0.180671551748108,0.2151387865311601,160.724,158.91,15.992037294086549,16.41,0.0007,0.3000000000000007,2.7777777777777783e-06,0,0
2021-09-03,160.39,160.89,159.145,159.49,7961223,-0.0060634659908472,0.1210243153228635,0.1551227270834872,0.213077087855332,160.012,159.0095,15.890093189234737,16.41,0.0008,0.0,3.174603174603174e-06,0,0
2021-09-07,159.99,161.3814,158.96,159.21,9290968,-0.0017571388267494,0.0618907571280089,0.1552401860696183,0.2131010872419704,159.76600000000002,159.1035,16.044553303424212,18.14,0.0008,1.7300000000000004,3.174603174603174e-06,0,0
2021-09-08,158.89,159.58,158.04,158.5,7852678,-0.004469492190578,0.0648141550266587,0.1499038889033347,0.2103498840575139,159.476,159.0655,15.87636517807817,17.96,0.0008,-0.1799999999999997,3.174603174603174e-06,0,0
2021-09-09,158.27,160.8325,158.08,159.19,7904256,0.0043438640497093,0.0785169618470647,0.1441209293595866,0.208052965112446,159.37000000000003,158.96699999999998,15.882911906549309,18.8,0.0007,0.8399999999999999,2.7777777777777783e-06,0,0
2021-09-10,160.56,160.7193,157.22,157.36,8311551,-0.0115622832862408,0.0926548617803538,0.1480919240468837,0.2090231340882462,158.75,158.7455,15.933156792015346,20.95,0.0008,2.1499999999999986,3.174603174603174e-06,0,0
2021-09-13,158.53,160.05,158.07,159.86,10052807,0.0157622581170693,0.163244121671415,0.1551079542822643,0.2022369915963758,158.824,158.7395,16.12336245695399,19.37,0.0007,-1.5799999999999983,2.7777777777777783e-06,0,0
2021-09-14,160.45,161.34,156.26,157.07,11685606,-0.0176068663429321,0.2091517793340358,0.1658415993720489,0.1983795737731302,158.39600000000002,158.6465,16.27386838597106,19.46,0.0007,0.0899999999999998,2.7777777777777783e-06,0,0
2021-09-15,156.72,158.69,156.47,158.16,11691485,0.0069156130074204,0.2185138403123913,0.1619722163533834,0.1960284455550514,158.328,158.704,16.2743713570314,18.18,0.0007,-1.2800000000000011,2.7777777777777783e-06,0,0
2021-09-16,159.41,160.855,157.22,158.09,10880895,-0.000442687754265,0.2145324796488442,0.1580910084003063,0.1959884756435448,158.108,158.8295,16.20251905703823,18.69,0.0007,0.5100000000000016,2.7777777777777783e-06,0,0
2021-09-17,157.38,159.01,157.0,157.68,25608018,-0.0025968282636315,0.19641942518005,0.1549294135116721,0.1958112151005795,158.17200000000005,158.9995,17.05841606353693,20.81,0.0007,2.119999999999997,2.7777777777777783e-06,0,0
2021-09-20,153.89,154.56,150.49,152.96,15819905,-0.0303912135413735,0.2379909746365016,0.1907198614816888,0.2050777264684799,156.79199999999997,158.9115,16.57677951522886,25.71,0.0007,4.900000000000002,2.7777777777777783e-06,0,0
2021-09-21,153.53,154.55,152.5774,152.98,8999860,0.0001307445906287,0.2299313185089154,0.1842108504402594,0.2040170546650574,155.974,158.7255,16.012719579623948,24.36,0.0007,-1.3500000000000014,2.7777777777777783e-06,0,0
2021-09-22,155.2,157.25,155.1,155.91,11236150,0.0189717237947401,0.2805624402103104,0.1962181101082706,0.2077071468669709,155.524,158.6375,16.234646817063762,20.87,0.0008,-3.4899999999999984,3.174603174603174e-06,0,0
2021-09-23,158.0,161.71,157.67,161.18,12336136,0.033242835207905,0.382346522846308,0.2184468727287704,0.218451839009762,156.142,158.6505,16.328043399367797,18.63,0.0008,-2.240000000000002,3.174603174603174e-06,0,0
2021-09-24,161.44,163.59,160.82,163.04,10102432,0.0114738165780494,0.3803939882083314,0.2215264316358142,0.2189028081221844,157.214,158.715,16.128286744904937,17.75,0.0008,-0.879999999999999,3.174603174603174e-06,0,0
2021-09-27,165.0,167.4,164.61,166.98,13220871,0.0238784752914398,0.1990156050398066,0.2354827744727346,0.2232289195334587,160.018,158.9115,16.397307275240184,18.76,0.0009,1.0100000000000016,3.5714285714285718e-06,0,0
2021-09-28,167.7,169.3,165.66,166.08,13387886,-0.0054044447883304,0.2308524448217594,0.227970198629099,0.2230522769838327,162.638,159.19350000000003,16.40986082618896,23.25,0.0009,4.489999999999998,3.5714285714285718e-06,0,0
2021-09-29,166.21,166.9,165.04,165.95,7777078,-0.0007830618115402,0.2581493624540032,0.2274790912978923,0.2199272420065371,164.64600000000002,159.49349999999998,15.866691247201173,22.56,0.0009,-0.6900000000000013,3.5714285714285718e-06,0,0
2021-09-30,166.92,166.99,162.79,163.69,13168016,-0.0137121430097202,0.2343731842713538,0.2339072537600871,0.2220719193102642,165.148,159.692,16.393301416965077,23.14,0.0009,0.5800000000000018,3.5714285714285718e-06,0,0
2021-10-01,164.0,168.3,163.6,167.13,11284976,0.0207975575445705,0.2629843799888335,0.2438561220639279,0.2223045770074866,165.96599999999998,160.02550000000002,16.23898284151463,21.15,0.0009,-1.990000000000002,3.5714285714285718e-06,0,0
2021-10-04,166.97,170.437,165.73,166.95,14120044,-0.0010775863111703,0.2026002079353351,0.2422968682598323,0.2135034166361689,165.95999999999998,160.39849999999998,16.463105906171823,22.96,0.0009,1.8100000000000025,3.5714285714285718e-06,0,0
2021-10-05,167.21,170.14,166.67,168.66,12292877,0.0101904877568321,0.2067735654162605,0.2433620758895975,0.2126095337965025,166.476,160.871,16.324530546905123,21.3,0.0009,-1.66,3.5714285714285718e-06,0,0
2021-10-06,167.99,169.1,166.0,169.02,8692607,0.0021321969698408,0.2043612804883776,0.2418401804657846,0.2099598687423899,167.09,161.397,15.977983452250571,21.0,0.001,-0.3000000000000007,3.968253968253968e-06,0,0
2021-10-07,171.2,171.51,169.54,170.09,10195443,0.0063106576096641,0.1346343965010991,0.2420628140871064,0.2099589630589073,168.36999999999998,161.942,16.137451413719532,19.54,0.001,-1.4600000000000009,3.968253968253968e-06,0,0
2021-10-08,170.02,171.34,169.295,170.22,8190144,0.0007640093228146,0.0722415898643949,0.2358930538148703,0.2099603221351703,168.988,162.58499999999998,15.918442038092266,18.77,0.0009,-0.7699999999999996,3.5714285714285718e-06,0,0
2021-10-11,170.8,171.29,166.46,166.64,12154737,-0.0212559210960984,0.1944098650153696,0.2475700886615005,0.2090690524330216,168.926,162.924,16.31322952831193,20.0,0.0009,1.2300000000000004,3.5714285714285718e-06,0,0
2021-10-12,165.75,166.6898,164.77,165.36,13032633,-0.0077108815792035,0.173558400771031,0.2394949141151515,0.1972711226940726,168.26600000000002,163.33849999999998,16.382967000828415,19.85,0.001,-0.1499999999999985,3.968253968253968e-06,0,0
2021-10-13,164.07,165.41,160.6,161.0,22753485,-0.0267205503890499,0.2235192080357827,0.2602642685911825,0.202783916593678,166.66199999999998,163.48049999999998,16.940228878442518,18.64,0.0011,-1.2100000000000009,4.365079365079366e-06,0,0
2021-10-14,161.75,164.01,160.06,163.47,15180727,0.0152251222786537,0.2682812953055417,0.2650975707223511,0.200786551490411,165.33800000000002,163.74949999999998,16.535537220748083,16.86,0.001,-1.7800000000000011,3.968253968253968e-06,0,0
2021-10-15,165.35,167.17,164.14,166.61,14267441,0.0190262646778609,0.3298654989269732,0.2715119132880086,0.2019825650387045,164.616,164.196,16.473490646111976,16.3,0.0012,-0.5599999999999987,4.7619047619047615e-06,0,0
2021-10-18,166.48,168.6084,165.91,166.55,12672909,-0.0003601873012887,0.2934981397155686,0.242235368779342,0.2018899254812988,164.598,164.8755,16.354977123418205,16.31,0.0011,0.009999999999998,4.365079365079366e-06,0,0
2021-10-19,167.4,168.65,166.58,168.57,8053949,0.0120555291525276,0.2947840160318772,0.2432381769858387,0.202757763744802,165.24,165.655,15.901673088116224,15.7,0.0011,-0.6099999999999994,4.365079365079366e-06,0,0
2021-10-20,168.3,170.87,167.46,170.84,8185565,0.0133763521810493,0.1162068798240147,0.2397156826751768,0.2040362971243344,167.208,166.4015,15.917882795116055,15.49,0.001,-0.209999999999999,3.968253968253968e-06,0,0
2021-10-21,170.755,171.3293,168.68,169.5,8415166,-0.0078745191527608,0.1749748862909945,0.2179335889246502,0.2050388626815926,168.414,166.81750000000002,15.945546112091025,15.01,0.0012,-0.4800000000000004,4.7619047619047615e-06,0,0
2021-10-22,170.03,172.09,169.7,171.78,8817895,0.0133616615175737,0.1543517080965483,0.2190628055528017,0.2059479495866801,169.448,167.2545,15.992293737367117,15.43,0.0013,0.4199999999999999,5.158730158730158e-06,0,0
2021-10-25,172.71,172.96,170.48,170.94,10159202,-0.0049019706002067,0.1690200041584748,0.2053991438866901,0.2054059153612102,170.326,167.4525,16.133890453722838,15.24,0.0014,-0.1899999999999995,5.555555555555557e-06,0,0
2021-10-26,171.0,172.4902,170.54,171.4,8015067,0.0026873884258075,0.1578062949205578,0.2039662532190806,0.2050275971592171,170.892,167.7185,15.896833703317114,15.98,0.0014,0.7400000000000002,5.555555555555557e-06,0,0
2021-10-27,170.32,170.7,167.34,167.83,9846993,-0.0210484438435914,0.2026152565585536,0.2191923888414224,0.2094899130657269,170.29000000000002,167.8125,16.102676687353277,16.98,0.0012,1.0,4.7619047619047615e-06,0,0
2021-10-28,168.3,170.51,167.96,170.36,7212937,0.0149622827349248,0.2343264606414918,0.2180528852981532,0.2096407916469715,170.46200000000002,168.14600000000002,15.791386777217804,16.53,0.0015,-0.4499999999999993,5.9523809523809525e-06,0,0
2021-10-29,171.18,172.24,169.39,169.89,8140070,-0.0027626762611895,0.207177653427281,0.2068608148656352,0.2086911430238304,170.084,168.284,15.912309337450347,16.26,0.0015,-0.2699999999999996,5.9523809523809525e-06,0,0
2021-11-01,172.04,172.33,169.005,169.8,7363210,-0.0005298949165762,0.205923529504206,0.2068033433356005,0.2014106503072418,169.85600000000002,168.4265,15.812006536927433,16.41,0.0015,0.1499999999999985,5.9523809523809525e-06,0,0
2021-11-02,169.8,171.69,168.92,170.47,7072025,0.0039380542855865,0.2076480500239448,0.2042313150315495,0.2014249063307196,169.67000000000002,168.517,15.771657418361242,16.03,0.0015,-0.379999999999999,5.9523809523809525e-06,0,0
2021-11-03,170.13,171.13,169.15,170.53,8402685,0.0003519061619893,0.1112555449304268,0.204144257167292,0.2001569761058974,170.21,168.59250000000003,15.944061855595791,15.1,0.0017,-0.9300000000000016,6.746031746031747e-06,0,0
2021-11-04,170.0,170.2,166.4901,168.29,9574152,-0.0132225525998409,0.103028568195537,0.2084297352446386,0.201017931582119,169.796,168.5025,16.074577525140295,15.44,0.0014,0.3399999999999998,5.555555555555557e-06,0,0
2021-11-05,168.9,170.09,167.41,168.05,7975570,-0.0014271275538671,0.1032052860464706,0.2083941537183709,0.200954506463234,169.42800000000005,168.39399999999998,15.891893677435316,16.48,0.0014,1.040000000000001,5.555555555555557e-06,0,0
2021-11-08,169.05,170.92,168.74,169.06,6413707,0.0059921273296668,0.1189516388212399,0.1946359993768355,0.199702546272283,169.28,168.515,15.673947976869703,17.22,0.0016,0.7399999999999984,6.349206349206349e-06,0,0
2021-11-09,167.35,168.47,166.595,167.78,7620477,-0.007600084082633,0.1177458494194698,0.1945727255465525,0.1998762513945108,168.74200000000002,168.63600000000002,15.846349524128826,17.78,0.0014,0.5600000000000023,5.555555555555557e-06,0,0
2021-11-10,167.45,168.95,167.09,167.62,6999214,-0.0009540847473884,0.1156229518907461,0.1657229553059483,0.1980608153619303,168.16,168.967,15.761308415000787,18.73,0.0017,0.9499999999999992,6.746031746031747e-06,0,0
2021-11-11,167.52,168.68,166.9,167.61,5815267,-5.966053159293008e-05,0.0766834011886606,0.1582770949305712,0.1969265007979961,168.024,169.174,15.575997258615974,17.66,0.0017,-1.0700000000000005,6.746031746031747e-06,0,0
2021-11-12,167.65,167.74,165.72,166.86,7974426,-0.0044847146652386,0.0811749207608697,0.1446736888395499,0.196272054681034,167.786,169.1865,15.891750229123232,16.29,0.0017,-1.370000000000001,6.746031746031747e-06,0,0
2021-11-15,167.21,167.785,166.0,166.56,6492463,-0.0017995326072697,0.0486933294896191,0.1448212496778909,0.1963472366372141,167.286,169.187,15.686152523619477,16.49,0.0018,0.1999999999999993,7.142857142857143e-06,0,0
2021-11-16,167.06,167.07,165.12,165.36,9706145,-0.0072306894931458,0.0465065988844191,0.1396205130177399,0.1956169307308545,166.80200000000002,169.0265,16.088269748048567,16.37,0.0017,-0.1199999999999974,6.746031746031747e-06,0,0
2021-11-17,165.21,165.56,163.39,164.47,9909576,-0.0053967326203352,0.0454437174429426,0.1295940193069759,0.1957212049251128,166.17200000000005,168.708,16.109012120325275,17.11,0.0018,0.7399999999999984,7.142857142857143e-06,0,0
2021-11-18,164.39,164.85,162.56,163.05,8123567,-0.0086712805178494,0.0418390848628673,0.1301110363501999,0.1922615762542695,165.26000000000002,168.3855,15.910279901394423,17.59,0.0018,0.4800000000000004,7.142857142857143e-06,0,0
2021-11-19,161.3,162.11,159.45,160.92,12193634,-0.0131495551537408,0.066392344659227,0.1225726239288741,0.1939082986861413,164.072,167.84250000000003,16.316424570238087,17.91,0.0018,0.3200000000000003,7.142857142857143e-06,0,0
2021-11-22,164.16,165.98,162.99,164.35,14551672,0.021090953028641,0.2157202348993753,0.1496949447049248,0.1980506802370201,163.63,167.513,16.493216459069004,19.17,0.002,1.2600000000000016,7.936507936507936e-06,0,0
2021-11-23,165.5,168.555,165.37,168.28,12362344,0.0236309586120918,0.2771450771616863,0.1747009239209169,0.2008468188900221,164.214,167.357,16.33016563602661,19.38,0.0021,0.2099999999999973,8.333333333333332e-06,0,0
2021-11-24,168.46,169.44,166.44,166.96,9629790,-0.0078749959533748,0.2826611318269572,0.1602272065555666,0.2014830662050584,164.712,167.3135,16.080371976682954,18.58,0.0024,-0.8000000000000007,9.523809523809525e-06,0,0
2021-11-26,162.14,162.65,158.82,161.93,13619276,-0.0305901196835658,0.3692683395250662,0.1828237850190841,0.2114258600637883,164.488,166.892,16.42699670015087,28.62,0.002,10.040000000000004,7.936507936507936e-06,0,0
2021-11-29,163.31,164.78,159.817,161.23,12104369,-0.004332226109731,0.3566512011346172,0.1829342832679655,0.2114275456916242,164.55,166.459,16.30907701977547,22.96,0.0021,-5.66,8.333333333333332e-06,0,0
2021-11-30,159.155,160.63,158.29,158.83,18922616,-0.0149974691285845,0.314144006091918,0.1878874494474043,0.2133205903224939,163.446,165.9105,16.75586837841487,27.19,0.0024,4.23,9.523809523809525e-06,0,0
2021-12-01,161.0,163.27,157.8,157.89,12258685,-0.0059358598132665,0.1710433105423424,0.186075348515795,0.2136334934676596,161.368,165.2815,16.321745223339544,31.12,0.0025,3.93,9.92063492063492e-06,0,0
2021-12-02,159.83,163.25,158.8,161.21,12969926,0.02080927485411,0.2972030526847979,0.2053489235052858,0.2176877476712892,160.21800000000002,164.8155,16.37814385080218,27.95,0.0027,-3.1700000000000017,1.0714285714285714e-05,0,0
2021-12-03,161.5,161.829,157.19,158.29,12681765,-0.0182790691902602,0.2437005520634026,0.2094921541758875,0.2208000021000875,159.49,164.3155,16.355675692870143,30.67,0.0026,2.7200000000000024,1.0317460317460317e-05,0,0
2021-12-06,161.01,162.61,159.46,160.16,11186493,0.0117445218692635,0.2699104253509077,0.2159734485835651,0.2207961203859585,159.276,163.921,16.230217626340814,27.18,0.0028,-3.490000000000002,1.1111111111111112e-05,0,0
2021-12-07,161.88,163.39,161.16,162.57,9851554,0.0149353626792219,0.2578136414177325,0.2228098224715061,0.2205550631201235,160.024,163.5965,16.10313976720191,21.89,0.0031,-5.289999999999999,1.23015873015873e-05,0,0
2021-12-08,162.66,163.27,160.17,160.71,11705673,-0.0115071796851538,0.2747122135690181,0.2245470754515552,0.2187893586812437,160.58800000000002,163.243,16.275584154050513,19.9,0.0029,-1.990000000000002,1.1507936507936508e-05,0,0
2021-12-09,159.65,160.93,158.65,160.46,11189642,-0.0015568082354687,0.2280649479130324,0.2245145972655577,0.2183973165881251,160.438,162.88500000000002,16.230499086925565,21.58,0.0028,1.6799999999999995,1.1111111111111112e-05,0,0
2021-12-10,161.32,161.702,159.13,159.82,10405374,-0.0039965083791933,0.1762898301782555,0.2244557315977478,0.2185661832060635,160.744,162.4955,16.157832961421462,18.69,0.0027,-2.889999999999997,1.0714285714285714e-05,0,0
2021-12-13,159.5,159.79,157.2846,157.92,12068987,-0.0119596062611453,0.1733944263805075,0.2269400716443825,0.2199126154688577,160.296,162.0485,16.306149662459674,20.31,0.0027,1.6199999999999974,1.0714285714285714e-05,0,0
2021-12-14,157.45,160.89,157.3,159.13,12563560,0.0076329025369211,0.1281373306670255,0.2299162361280714,0.2110788177219426,159.608,161.677,16.34631111833339,21.89,0.0026,1.5800000000000018,1.0317460317460317e-05,0,0
2021-12-15,159.85,159.85,157.35,157.94,14014167,-0.0075062641526576,0.1165389286666065,0.2299969770822292,0.2117396882238014,159.054,161.30599999999998,16.455579304496386,19.29,0.0029,-2.6000000000000014,1.1507936507936508e-05,0,0
2021-12-16,160.39,161.825,158.7,160.41,19542759,0.0155178235593148,0.1800187541345325,0.2380956855582862,0.2105700319888987,159.044,161.103,16.788115392154978,20.57,0.0026,1.2800000000000011,1.0317460317460317e-05,0,0
2021-12-17,159.315,159.38,155.18,156.76,28138027,-0.0230170642973192,0.2450900921697253,0.2492124532734493,0.2046585394604516,158.432,160.7885,17.152632493475306,21.57,0.0027,1.0,1.0714285714285714e-05,0,0
2021-12-20,154.51,154.7,151.84,153.94,15147982,-0.0181530572252592,0.2613773907353398,0.2527973118742545,0.2062778491031952,157.636,160.4395,16.533377879727436,22.87,0.0027,1.3000000000000007,1.0714285714285714e-05,0,0
2021-12-21,155.41,157.18,155.09,156.09,11291338,0.0138698478641505,0.2833530024807736,0.245150637217447,0.2021086063682713,157.028,160.0265,16.239546441061343,21.01,0.0029,-1.8599999999999997,1.1507936507936508e-05,0,0
2021-12-22,155.75,157.055,155.24,156.7,7272989,0.0039003853916532,0.2856619654112095,0.2264654149069154,0.2021664990404416,156.78000000000003,159.44750000000002,15.799677906692253,18.63,0.0028,-2.3800000000000026,1.1111111111111112e-05,0,0
2021-12-23,157.61,159.12,157.21,157.26,8055154,0.0035673372013947,0.2511189974672706,0.2272180065458145,0.2023800637099749,156.15,158.9625,15.901822692970356,17.96,0.0031,-0.6699999999999982,1.23015873015873e-05,0,0
2021-12-27,157.6,158.2,156.34,158.16,6189234,0.0057066922989915,0.188933437803506,0.2040995412355365,0.2010362298776721,156.43,158.77399999999997,15.638321889022752,17.68,0.0033,-0.2800000000000011,1.3095238095238094e-05,0,0
2021-12-28,158.2,160.15,158.08,158.64,6342743,0.003030305349179,0.0715078915037942,0.2042634980904848,0.1962088901392447,157.37,158.6445,15.662821882689723,17.54,0.0039,-0.1400000000000005,1.5476190476190476e-05,0,0
2021-12-29,158.85,159.63,158.15,158.56,6398927,-0.0005044136298625,0.0360621303761985,0.1972707468783294,0.1962098026084158,157.86399999999998,158.631,15.67164087802402,16.95,0.0038,-0.5899999999999999,1.507936507936508e-05,0,0
2021-12-30,159.11,160.24,158.37,158.48,6948171,-0.0005046681913824,0.0430866115868945,0.1960726901890816,0.1948568025891496,158.21999999999997,158.6605,15.75398901743924,17.33,0.0038,0.379999999999999,1.507936507936508e-05,0,0
2021-12-31,158.45,159.29,157.96,158.35,5724199,-0.0008206294056466,0.0458643640633493,0.180296648632035,0.1947455737145603,158.438,158.51749999999998,15.560213184952133,17.22,0.0039,-0.1099999999999994,1.5476190476190476e-05,0,0
2022-01-03,159.86,162.64,159.51,161.7,13128118,0.0209349935984123,0.1486286382559375,0.1838462822516609,0.1993696037871788,159.146,158.688,16.390266900133362,16.6,0.004,-0.6199999999999974,1.5873015873015872e-05,0,0
2022-01-04,164.31,168.58,164.23,167.83,20195802,0.0372087957370269,0.2737715153132903,0.2217722360403364,0.2140726535118023,160.98399999999998,159.0715,16.820985318991315,16.91,0.0038,0.3099999999999987,1.507936507936508e-05,0,0
2022-01-05,167.82,168.3589,163.73,163.78,17539410,-0.0244274984780457,0.3731829699029034,0.2356972608848447,0.2154967419298289,162.028,159.132,16.679960906942334,19.73,0.0040999999999999,2.8200000000000003,1.6269841269841268e-05,0,0
2022-01-06,166.91,167.37,163.87,165.52,14047498,0.0105679695952454,0.3683783008841138,0.2339613939335725,0.2160628916873447,163.436,159.3725,16.45795485959439,19.61,0.0045,-0.120000000000001,1.785714285714286e-05,0,0
2022-01-07,165.665,167.53,165.06,167.16,13913345,0.0098594041424269,0.3586772658543442,0.2355039518088915,0.2096389756734668,165.198,159.70749999999998,16.448359009469065,18.76,0.0043,-0.8499999999999979,1.7063492063492063e-05,0,0
2022-01-10,169.07,169.31,165.53,167.32,12922455,0.0009567089942829,0.3511773082077065,0.2344726050019154,0.2074225438051362,166.322,160.0825,16.374477053747952,19.4,0.0046,0.639999999999997,1.825396825396825e-05,0,0
2022-01-11,168.26,168.5246,166.31,167.49,11704529,0.0010155014163812,0.2254398885672165,0.2284582422628034,0.2037619992500375,166.254,160.561,16.275486418883517,18.41,0.0046,-0.9899999999999984,1.825396825396825e-05,0,0
2022-01-12,168.46,169.59,167.18,168.44,12568011,0.0056559553033482,0.0733513661046109,0.2280272004823567,0.2040782793096053,167.186,161.0265,16.34666533415591,17.62,0.0048,-0.7899999999999991,1.904761904761905e-05,0,0
2022-01-13,168.34,169.81,167.89,168.23,13623418,-0.0012475125626579,0.0709719275335165,0.2253259526822188,0.2025897554357562,167.728,161.541,16.42730078168054,20.31,0.0046999999999999,2.6899999999999977,1.8650793650793647e-05,0,0
2022-01-14,160.76,161.03,156.895,157.89,40158362,-0.0634335026972717,0.4633817783771854,0.3215928662743305,0.2387943828901609,165.87399999999997,161.41500000000002,17.508341245663352,19.19,0.0051,-1.1199999999999974,2.023809523809524e-05,0,0
2022-01-18,155.78,155.78,150.54,151.27,31450099,-0.0428322684596892,0.4930801426166769,0.3464844093987327,0.2532084413072069,162.66400000000002,161.1405,17.263912688959504,22.79,0.0058,3.599999999999998,2.301587301587301e-05,0,0
2022-01-19,151.57,152.23,148.55,148.93,22160010,-0.0155899226763317,0.4611970022755851,0.3449944634899726,0.2527080703081046,158.952,160.89,16.913799871106793,23.85,0.0056999999999999,1.0600000000000025,2.2619047619047616e-05,0,0
2022-01-20,148.99,150.61,147.36,147.66,14860843,-0.0085640632667568,0.4131265311123397,0.340770079723574,0.2529755355923427,154.796,160.4685,16.514240325119932,25.59,0.006,1.7399999999999984,2.380952380952381e-05,0,0
2022-01-21,147.5,147.51,144.27,145.08,20705401,-0.0176270192163178,0.3638989483686631,0.343730913460021,0.2546371616592749,150.166,159.8875,16.845905142076845,28.85,0.0058,3.2600000000000016,2.301587301587301e-05,0,0
2022-01-24,142.28,145.48,139.57,144.95,28503121,-0.0008964590470372,0.2510136520834845,0.3428169279673517,0.2517948261978867,147.57800000000003,159.272,17.165524148015162,29.9,0.0058,1.0499999999999972,2.301587301587301e-05,0,0
2022-01-25,143.65,146.85,140.79,146.53,18915869,0.0108413302822694,0.1849109107416694,0.3452361716538179,0.2507174842898972,146.63,158.6905,16.755511757367724,31.16,0.0065,1.2600000000000016,2.57936507936508e-05,0,0
2022-01-26,148.72,150.57,145.96,147.92,20709097,0.0094414014289356,0.1915284275793398,0.3476646193448724,0.251909917014598,146.428,158.15449999999998,16.84608363029659,31.96,0.0069999999999999,0.8000000000000007,2.7777777777777776e-05,0,0
2022-01-27,149.42,150.38,144.13,145.31,17544523,-0.0178021957462648,0.2221910756753536,0.351094065717846,0.2538685688170194,145.95800000000003,157.492,16.680252379397043,30.49,0.0075,-1.4700000000000024,2.976190476190476e-05,0,0
2022-01-28,144.19,146.76,142.17,146.61,14116969,0.0089066086175687,0.1914364778255308,0.3540428177423029,0.2546178595169505,146.264,156.89849999999998,16.462888106929945,27.66,0.0075,-2.8299999999999983,2.976190476190476e-05,0,0
2022-01-31,145.64,148.79,144.67,148.6,13985745,0.0134821323334854,0.2040649399627224,0.3592901307886789,0.2566625991972738,146.994,156.411,16.453549154561504,24.83,0.0078,-2.830000000000002,3.095238095238095e-05,0,0
2022-02-01,148.69,151.47,148.3,151.15,14584935,0.0170145889418082,0.2193788981736363,0.3560554795425681,0.2586366764751217,147.918,155.8835,16.4954997046405,21.96,0.0078,-2.869999999999997,3.095238095238095e-05,0,0
2022-02-02,150.5,150.94,148.07,149.94,12441136,-0.0080375071505511,0.2374973213205888,0.322277804442195,0.2589516412272561,148.322,154.989,16.336518959434017,22.09,0.0076,0.129999999999999,3.015873015873016e-05,0,0
2022-02-03,150.0,151.65,148.285,148.7,12474882,-0.0083043606088066,0.1907897798551721,0.3148038395332893,0.2587479500733292,149.0,154.235,16.339227740639284,24.35,0.0078,2.2600000000000016,3.095238095238095e-05,0,0
2022-02-04,149.1,153.5,148.7673,152.56,16654409,0.0256271078260542,0.2440051572057751,0.3288003136336415,0.2646456986767571,150.19,153.58700000000002,16.628185544140926,23.22,0.0089,-1.1300000000000026,3.531746031746032e-05,0,0
2022-02-07,153.27,153.62,150.85,153.07,12572283,0.0033373718114521,0.2401296951520638,0.3259364786564186,0.2648354616392864,151.084,152.8825,16.34700518698668,22.86,0.0088,-0.3599999999999994,3.4920634920634925e-05,0,0
2022-02-08,155.0,158.48,154.8,155.95,20411387,0.0186401099501965,0.2450841996123436,0.3356913142257531,0.2680274335012234,152.04399999999998,152.31400000000002,16.831603489360944,21.44,0.0091,-1.4199999999999982,3.611111111111112e-05,0,0
2022-02-09,156.59,157.4305,155.82,156.6,9131135,0.0041593405028904,0.2135484336785439,0.3364391702556828,0.2681606058515051,153.376,151.7695,16.027200560288218,19.96,0.0091,-1.4800000000000004,3.611111111111112e-05,0,0
2022-02-10,156.66,159.03,155.22,155.95,16455635,-0.0041593405028905,0.1938870244340937,0.334749752821727,0.2682320892875383,154.82599999999996,151.145,16.616178529709195,23.91,0.0113999999999999,3.9499999999999993,4.523809523809523e-05,0,0
2022-02-11,155.61,158.19,152.97,153.92,16830005,-0.0131024561364159,0.1859949633350645,0.3361682670385908,0.2690741873891216,155.098,150.42950000000002,16.638673863255477,27.36,0.0107,3.4499999999999997,4.246031746031746e-05,0,0
2022-02-14,152.73,153.68,150.3178,152.49,17026491,-0.0093339667904753,0.2004795143468573,0.2554096534034907,0.2694575081265257,154.982,150.15949999999998,16.650280983257712,28.33,0.0113,0.9699999999999988,4.484126984126984e-05,0,0
2022-02-15,154.51,155.94,153.85,154.72,9500867,0.0145180115780632,0.1759905842067682,0.2101495228899061,0.2709203839230468,154.73600000000002,150.332,16.066893615564435,25.7,0.0111,-2.629999999999999,4.404761904761905e-05,0,0
2022-02-16,153.74,156.1,153.74,155.0,9076526,0.0018080852142625,0.1719008428298006,0.2006527674276682,0.2697573553427853,154.416,150.6355,16.021202078248816,24.29,0.0109,-1.41,4.3253968253968256e-05,0,0
2022-02-17,153.0,153.73,150.665,151.43,11367457,-0.0233016449506823,0.2304256004861821,0.2170876622486936,0.2698351564422823,153.512,150.824,16.246265181960272,28.11,0.0105,3.82,4.166666666666667e-05,0,0
2022-02-18,152.13,154.14,151.13,152.14,11733315,0.0046776776005909,0.2298999487298793,0.2054762674179677,0.2650902428895206,153.156,151.177,16.277942789398995,27.75,0.0103,-0.3599999999999994,4.0873015873015874e-05,0,0
2022-02-22,150.6,153.24,150.41,151.87,11218553,-0.0017762578269764,0.2214941225622181,0.2056857230131132,0.2647760065030726,153.03199999999998,151.523,16.23307948361007,28.81,0.0116999999999999,1.0599999999999987,4.642857142857142e-05,0,0
2022-02-23,153.12,153.3,147.97,148.69,11799031,-0.0211612900330467,0.2104502292250793,0.2190600196977375,0.2610421858981886,151.82600000000002,151.63100000000003,16.283527967419904,31.02,0.0116,2.210000000000001,4.603174603174603e-05,0,0
2022-02-24,142.94,144.99,139.78,144.55,25655100,-0.0282381332467767,0.2298786323764846,0.2391040349461318,0.2667164479702639,149.73600000000002,151.4625,17.060252940226263,30.32,0.0108,-0.6999999999999993,4.2857142857142856e-05,0,0
2022-02-25,145.25,150.1269,144.91,147.97,18367679,0.0233840820520877,0.3282409830359913,0.2456703031014476,0.2701932843916875,149.044,151.59550000000002,16.726103101903426,27.59,0.0113,-2.7300000000000004,4.484126984126984e-05,0,0
2022-02-28,143.55,145.06,140.88,141.8,31315344,-0.0425919364164156,0.4061569219609935,0.2878235080369917,0.2830845954498321,146.976,151.355,17.2596187590322,30.15,0.0101,2.5599999999999987,4.007936507936508e-05,0,0
2022-03-01,140.04,140.48,133.58,136.45,36840448,-0.0384593669436797,0.4194409030167266,0.3097776020691491,0.2888735894380524,143.892,150.7475,17.422106929972337,33.32,0.0091,3.1700000000000017,3.611111111111112e-05,0,0
2022-03-02,137.29,140.04,136.6076,139.28,19405581,0.0205280483055862,0.5146356402128769,0.3132106971963916,0.2909206478699747,142.01,150.154,16.78107126307385,30.74,0.0106,-2.580000000000002,4.206349206349207e-05,0,0
2022-03-03,139.84,140.98,137.06,138.29,16640804,-0.0071333659833666,0.4969687908792819,0.3130759484943968,0.2896442323630758,140.75799999999998,149.5715,16.627368309497786,30.48,0.0108,-0.259999999999998,4.2857142857142856e-05,0,0
2022-03-04,134.94,135.42,132.4,134.4,21020675,-0.0285325013875177,0.4146496064621049,0.3247431954340266,0.2921901682986187,138.044,148.8565,16.861017035171518,31.98,0.0105,1.5,4.166666666666667e-05,0,0
2022-03-07,132.17,132.69,128.9513,129.21,27560052,-0.0393814403549202,0.4037406586782179,0.3252643177810577,0.3010369113692239,135.526,147.689,17.131877890900405,36.45,0.0107,4.470000000000002,4.246031746031746e-05,0,0
2022-03-08,129.64,131.79,127.27,128.3,19207816,-0.0070677161125381,0.3662033115802675,0.3224086987712002,0.301086190268898,133.89600000000002,146.4505,16.770827837495403,35.13,0.0112,-1.3200000000000005,4.444444444444445e-05,0,0
2022-03-09,132.9,135.24,132.44,133.44,17536202,0.0392806669888457,0.4789955768260523,0.3526381696618303,0.3137193443703707,132.728,145.325,16.679777987824117,32.45,0.0115,-2.68,4.563492063492063e-05,0,0
2022-03-10,131.86,133.45,130.325,131.86,15604247,-0.0119111849252829,0.4792956224030399,0.3500172725784201,0.3137134578265492,131.442,144.088,16.563053678757946,30.23,0.0118999999999999,-2.2200000000000024,4.722222222222222e-05,0,0
2022-03-11,132.485,134.08,128.4249,128.89,20061789,-0.0227814262684655,0.4664931925229596,0.3531134441855721,0.3154951968460532,130.33999999999995,142.735,16.81432751897419,30.75,0.0121999999999999,0.5199999999999996,4.841269841269841e-05,0,0
2022-03-14,129.46,132.92,129.23,130.17,15786898,0.0098819610616807,0.3839931120922291,0.3593976210633802,0.3165657914736678,130.532,141.5475,16.574690913480765,31.77,0.0128,1.0199999999999996,5.07936507936508e-05,0,0
2022-03-15,131.8,133.55,131.13,132.48,15096604,0.0175904021585806,0.3892769380381519,0.370970401898511,0.3171178666953842,131.368,140.547,16.529980375828956,29.83,0.0128,-1.9400000000000013,5.07936507936508e-05,0,0
2022-03-16,134.87,138.49,134.43,138.4,20354896,0.0437163525466198,0.4133984785854011,0.4062673390447899,0.3285790908915303,132.36,139.731,16.828832030596413,26.67,0.0135,-3.1599999999999966,5.3571428571428575e-05,0,1
2022-03-17,136.86,140.19,135.9205,140.15,17050454,0.0125652344272281,0.3766261405511941,0.4106305862565009,0.3281900305029168,134.018,138.9885,16.651687388905273,25.67,0.013,-1.0,5.158730158730159e-05,1,1
2022-03-18,140.19,140.85,138.46,140.1,22981425,-0.000356824267836,0.2614709268398826,0.4051338739630595,0.3266237600586242,136.26,138.422,16.95019683890618,23.87,0.0129,-1.8000000000000007,5.1190476190476193e-05,0,1
2022-03-21,140.35,140.76,138.7301,139.65,12407732,-0.0032171609517754,0.2970423750270695,0.4038872225417068,0.3264187271618449,138.156,137.7975,16.333830384636844,23.53,0.0139999999999999,-0.3399999999999998,5.555555555555555e-05,0,0
2022-03-22,142.27,143.93,141.7202,142.62,13298395,0.0210444582089718,0.3006195498312858,0.4137684037344847,0.3296229620365778,140.18400000000003,137.33499999999998,16.403153909218236,22.94,0.0159,-0.5899999999999999,6.30952380952381e-05,0,0
2022-03-23,140.98,141.585,139.1999,139.78,12093218,-0.0201139925511745,0.2505101455053103,0.4131797680368956,0.3314114092676867,140.45999999999998,136.8895,16.308155357562672,23.57,0.0152,0.629999999999999,6.031746031746032e-05,0,0
2022-03-24,140.3,140.71,139.11,140.69,10017625,0.0064891303401389,0.2377297569453448,0.4034185215852711,0.331713941565696,140.56799999999998,136.6965,16.1198565995778,21.67,0.0155,-1.8999999999999984,6.150793650793651e-05,0,0
2022-03-25,141.09,143.18,140.8,141.92,8186674,0.0087046301721473,0.2436559816807176,0.3947519304617836,0.3324275601505542,140.93200000000002,136.39399999999998,15.918018268340177,20.81,0.0167,-0.860000000000003,6.626984126984126e-05,0,0
2022-03-28,140.0,140.97,137.895,140.87,10818077,-0.0074260392890538,0.2516667402865881,0.365550478936393,0.3326106901881616,141.176,136.34750000000005,16.196729089154864,19.63,0.0169,-1.1799999999999995,6.706349206349206e-05,0,0
2022-03-29,143.35,143.595,140.24,141.18,11316503,0.0021981926951106,0.1881369471392109,0.3366481959500119,0.3327125051306858,140.88799999999998,136.584,16.241772660751515,18.9,0.0167,-0.7300000000000004,6.626984126984126e-05,0,0
2022-03-30,141.9,142.12,139.91,140.54,8771027,-0.0045435262032746,0.1101594434684312,0.329746907429747,0.3293194390871243,141.04000000000002,136.647,15.986964461255084,19.33,0.0163999999999999,0.4299999999999997,6.507936507936507e-05,0,0
2022-03-31,139.83,140.345,136.26,136.32,17353942,-0.030487082683046,0.2363550779185559,0.3468472279484654,0.323774293928275,140.166,136.54850000000002,16.669330243161035,20.56,0.0163,1.2300000000000004,6.468253968253968e-05,0,0
2022-04-01,137.4,137.41,133.8,135.31,15721297,-0.0074366208054527,0.1961037043752973,0.3321825287871166,0.3209359063254491,138.844,136.594,16.570526847923194,19.63,0.0172,-0.9299999999999996,6.825396825396825e-05,0,0
2022-04-04,134.12,136.94,132.89,135.91,17422937,0.0044244596917031,0.2206571326036834,0.2972716482191378,0.3200574068984704,137.852,136.929,16.6732981144885,18.57,0.0172,-1.0599999999999987,6.825396825396825e-05,0,0
2022-04-05,134.07,135.4,133.01,133.34,11926484,-0.0190906447773419,0.2154189309747048,0.3053718720374619,0.3204780035676611,136.28400000000002,137.18099999999998,16.294272031440556,21.03,0.0177,2.460000000000001,7.023809523809524e-05,0,0
2022-04-06,131.58,132.56,130.96,131.49,12914733,-0.0139714540910864,0.206660420186925,0.2760745154628798,0.3209979477520374,134.47400000000002,137.0835,16.373879310663067,22.1,0.0179,1.0700000000000005,7.103174603174603e-05,0,0
2022-04-07,130.95,131.92,128.73,131.09,12994231,-0.0030466928891096,0.145865471965067,0.2730924582333704,0.3208338844156906,133.428,137.04500000000002,16.380016047700337,21.55,0.0178,-0.5500000000000007,7.063492063492064e-05,0,0
2022-04-08,131.67,133.9,131.49,133.49,13126938,0.0181424584579232,0.2355887090576708,0.2669621803167064,0.3234627031367016,133.064,137.275,16.390177012684575,21.16,0.0181,-0.3900000000000005,7.182539682539683e-05,0,0
2022-04-11,133.0,134.9,132.57,133.0,10466429,-0.0036774404458873,0.2269996848353643,0.2658226969790102,0.3234166993281891,132.482,137.4165,16.163683454946195,24.37,0.0185,3.210000000000001,7.341269841269842e-05,0,0
2022-04-12,132.14,134.58,130.7,131.54,12989862,-0.0110381403485488,0.1995477189461722,0.2616236299599604,0.2991484524849905,132.122,137.36950000000002,16.37967976503377,24.26,0.0177,-0.1099999999999994,7.023809523809524e-05,0,0
2022-04-13,126.94,129.25,126.01,127.3,30838027,-0.032764482309844,0.2902863313529799,0.2296437779640007,0.2940978289910561,131.284,136.8145,17.244259129256214,21.82,0.0178,-2.4400000000000013,7.063492063492064e-05,0,0
2022-04-14,126.5,128.3,125.02,126.12,18835190,-0.0093126708865006,0.2890273711219275,0.2214705071969169,0.2932187571199479,130.29000000000002,136.113,16.751237486660266,22.7,0.0184,0.879999999999999,7.301587301587302e-05,0,0
2022-04-18,125.67,129.24,125.54,128.46,11834444,0.0183837371527864,0.2903899250813642,0.2364715996022551,0.2961310397474146,129.28400000000002,135.531,16.28652482052797,22.17,0.0184,-0.5299999999999976,7.301587301587302e-05,0,0
2022-04-19,128.45,131.32,128.23,131.12,15015448,0.0204953626059277,0.354926228596567,0.2524043247301904,0.298015465497522,128.908,135.1045,16.524590095784294,21.37,0.0194,-0.8000000000000007,7.698412698412698e-05,0,0
2022-04-20,132.52,133.51,131.34,131.58,12034940,0.0035020972222775,0.3487431949771303,0.2373315711297013,0.2982015264444896,128.916,134.5525,16.303324643727805,20.32,0.0192999999999999,-1.0500000000000007,7.658730158730158e-05,0,0
2022-04-21,132.22,132.81,129.96,130.56,12174182,-0.007782140442055,0.2230486498593386,0.2301749975739715,0.2973205774441808,129.568,134.0915,16.314828037817474,22.68,0.0200999999999999,2.3599999999999994,7.976190476190474e-05,0,0
2022-04-22,130.28,130.52,126.6879,126.81,14318842,-0.0291429879689886,0.3247693172145643,0.2441716667174639,0.3015069982986364,129.706,133.39749999999998,16.47708685030516,28.21,0.0206,5.530000000000001,8.174603174603175e-05,0,0
2022-04-25,126.01,127.115,123.11,126.77,17149031,-0.000315482296173,0.2869757326161587,0.2394150602572454,0.2998580810492632,129.368,132.64,16.657452228522228,27.02,0.0203,-1.1900000000000013,8.055555555555556e-05,0,0
2022-04-26,124.64,126.41,122.87,123.02,16842345,-0.0300274771704131,0.2523333724923927,0.2546057431304739,0.3042410820752993,127.748,131.7475,16.6394068088653,33.52,0.0199,6.500000000000004,7.896825396825397e-05,0,0
2022-04-27,122.33,123.56,121.22,121.42,17215247,-0.0130913340779341,0.2087180965046837,0.2532399508700553,0.3029922509752598,125.716,130.7595,16.661306002604196,31.6,0.0197,-1.9200000000000017,7.817460317460317e-05,0,0
2022-04-28,122.81,123.65,121.14,123.34,13019941,0.0156891598610587,0.3095878813153861,0.2662632100303984,0.3026233949875461,124.272,129.89950000000002,16.381992663244414,29.99,0.0204,-1.610000000000003,8.095238095238096e-05,0,0
2022-04-29,123.05,123.61,118.9,119.36,14874811,-0.032800633107896,0.3235835748191741,0.269135552488757,0.3084473694474517,122.782,129.05149999999998,16.515179803432893,33.4,0.021,3.41,8.333333333333334e-05,0,0
2022-05-02,119.88,120.71,118.22,120.45,18544958,0.0090905926054295,0.3509172027255874,0.2748230565378538,0.3094212953112071,121.518,128.3085,16.735708504141872,32.34,0.021,-1.0599999999999952,8.333333333333334e-05,0,0
2022-05-03,121.53,124.17,120.78,123.03,15720935,0.0211934990111971,0.3571954979589783,0.2891821498125029,0.3077669748878304,121.52,127.6645,16.570503821568067,29.25,0.0216,-3.0900000000000034,8.571428571428571e-05,0,0
2022-05-04,122.8,127.4,122.74,127.1,17061624,0.0325459501233306,0.3964684886119019,0.3128769731556876,0.3162768277829527,122.656,127.3525,16.652342288932136,25.42,0.0207,-3.8299999999999983,8.214285714285714e-05,0,1
2022-05-05,125.25,126.1,122.16,123.92,15055401,-0.025337982086795,0.4562737251717854,0.320951573315914,0.316207788236743,122.772,126.974,16.52724735521246,31.2,0.0208,5.779999999999998,8.253968253968253e-05,1,1
2022-05-06,123.8,124.29,121.18,123.72,14417942,-0.0016152482917443,0.3530280859377715,0.3209869437253732,0.3158056882287277,123.644,126.6055,16.483983961189228,30.19,0.0208,-1.009999999999998,8.253968253968253e-05,0,1
2022-05-09,122.11,123.33,120.5,121.86,14312300,-0.0151481029965205,0.3852146091651171,0.3137206810315323,0.3166419436905138,123.926,126.024,16.476629865381973,34.75,0.0199,4.559999999999999,7.896825396825397e-05,0,0
2022-05-10,123.11,123.78,117.56,118.89,16382441,-0.024674148949895,0.3813028791377573,0.3216912458081084,0.3189252517631258,123.098,125.3185,16.611720648485367,32.99,0.0200999999999999,-1.759999999999998,7.976190476190474e-05,0,0
2022-05-11,119.3,122.89,117.94,118.14,14630299,-0.0063283339913641,0.1691427198845647,0.3210705318360211,0.3187822301572003,121.306,124.64849999999998,16.498605210244744,32.56,0.0199,-0.4299999999999997,7.896825396825397e-05,0,0
2022-05-12,117.0,118.32,115.37,118.04,16318801,-0.0008468118043504,0.1605239129305288,0.3045165641695076,0.3164645269393992,120.13,124.1855,16.607828436664064,31.77,0.0196,-0.7900000000000027,7.777777777777778e-05,0,0
2022-05-13,119.41,120.25,117.96,119.09,10443203,0.0088559597051656,0.204916119584588,0.3069548455553944,0.3173937599424085,119.204,123.83400000000002,16.161461894131318,28.87,0.0204,-2.8999999999999986,8.095238095238096e-05,0,0
2022-05-16,118.54,119.46,117.23,118.26,10269025,-0.0069939193872206,0.193947635941208,0.2966985595087832,0.3149945628435161,118.484,123.324,16.144642640689106,27.47,0.0207,-1.400000000000002,8.214285714285714e-05,0,0
2022-05-17,121.04,122.97,120.81,122.18,11160151,0.032609776828937,0.2611445472917058,0.3127214400205887,0.3234157643220692,119.142,122.877,16.22786004529185,26.1,0.0216,-1.3699999999999974,8.571428571428571e-05,0,0
2022-05-18,121.3,121.97,119.53,120.09,12664912,-0.0172539055490289,0.3007320920157504,0.3151994735997714,0.3245850985963284,119.532,122.30249999999998,16.354345893111105,30.96,0.0216,4.859999999999999,8.571428571428571e-05,0,0
2022-05-19,118.19,119.65,117.63,118.31,12765769,-0.0149331634070204,0.328260208466325,0.3171822796552485,0.323420384329898,119.586,121.69,16.362277849694742,29.35,0.0210999999999999,-1.6099999999999994,8.373015873015872e-05,0,0
2022-05-20,119.46,119.67,115.02,117.34,13150099,-0.0082325947678575,0.3230914917892417,0.3044362537005222,0.3195417157258547,119.23600000000002,121.2165,16.39193984507682,29.43,0.0207,0.0799999999999983,8.214285714285714e-05,0,0
2022-05-23,120.46,126.57,120.45,124.6,24376725,0.0600329028556387,0.5447507169463935,0.3798381354565738,0.3408182146776109,120.504,121.108,17.00913934157493,28.48,0.0209,-0.9499999999999992,8.293650793650792e-05,0,0
2022-05-24,124.36,127.49,123.11,126.36,19324922,0.0140263695805317,0.5121119717113944,0.36694615909138,0.3322748878393137,121.34,121.275,16.776906116207105,29.45,0.0202,0.9699999999999988,8.015873015873015e-05,0,0
2022-05-25,126.28,127.86,125.17,127.24,12780385,0.0069400909470588,0.467603504853634,0.363369536382818,0.3238720984724202,122.77,121.566,16.363422131655526,28.37,0.0200999999999999,-1.0799999999999983,7.976190476190474e-05,0,0
2022-05-26,128.37,130.1939,128.21,129.44,15990944,0.0171423864292382,0.4042361006575414,0.3641134237883045,0.3229766094884389,124.996,121.871,16.587533119965588,27.5,0.0199,-0.870000000000001,7.896825396825397e-05,0,0
2022-05-27,130.16,131.27,129.14,131.27,11177759,0.0140388175051345,0.3388851632154629,0.3412758429951539,0.3242334036574524,127.782,122.46650000000002,16.229436558371805,25.72,0.0200999999999999,-1.7800000000000011,7.976190476190474e-05,0,0
2022-05-31,130.18,133.15,129.71,132.23,17015042,0.0072865597534153,0.0720772003448411,0.341031905012371,0.3194545799341042,129.308,123.05549999999998,16.649608334324324,26.19,0.0208,0.4700000000000024,8.253968253968253e-05,0,0
2022-06-01,132.87,132.87,128.67,129.91,10768023,-0.0177009275610899,0.2176598081543224,0.343964070042662,0.3110982137227416,130.01799999999997,123.39950000000002,16.19209146682276,25.69,0.0216,-0.5,8.571428571428571e-05,0,0
2022-06-02,129.9,132.01,128.67,132.0,8374794,0.0159600195787293,0.2303604471055115,0.32962921888195,0.312411980695531,130.96999999999997,123.6445,15.940737038357968,24.72,0.0215,-0.9700000000000024,8.53174603174603e-05,0,0
2022-06-03,131.21,131.77,129.99,130.16,8596022,-0.0140374596755884,0.2521404386796321,0.3195342791903765,0.3030940718744865,131.11399999999998,123.9565,15.966810096071184,24.79,0.0218,0.0700000000000002,8.650793650793651e-05,0,0
2022-06-06,131.09,132.39,129.46,129.73,11323459,-0.0033090953278613,0.2246799716021245,0.319876933231241,0.3022118767085423,130.80599999999998,124.257,16.242387149434744,25.07,0.0223,0.2800000000000011,8.849206349206349e-05,0,0
2022-06-07,128.83,130.32,128.6159,130.07,6722167,0.0026173994927284,0.2142534682267297,0.313116115563129,0.2985925805096274,130.374,124.6675,15.720921130755077,24.02,0.0226,-1.0500000000000007,8.968253968253968e-05,0,0
2022-06-08,129.0,129.45,126.9,128.0,8422110,-0.0160425031560321,0.2074431902732668,0.3042770216545272,0.2997089743925978,129.99200000000002,125.123,15.94637094864935,23.96,0.0229,-0.0599999999999987,9.087301587301588e-05,0,0
2022-06-09,127.37,128.1,125.27,125.31,13565478,-0.0212395967424234,0.1551929848660609,0.3151973147950881,0.3003837863792057,128.654,125.4815,16.42303874119853,26.09,0.0235,2.129999999999999,9.325396825396824e-05,0,0
2022-06-10,122.59,123.4,119.32,119.55,12951760,-0.0470559732728599,0.3068480742785717,0.3618052648216401,0.3003657469076523,126.532,125.557,16.37674224421116,27.75,0.0258,1.66,0.0001023809523809,0,0
2022-06-13,116.86,117.95,115.06,115.99,16805564,-0.0302307134105489,0.2902117940729,0.376337354296767,0.3040167331810373,123.78400000000002,125.402,16.63722058001822,34.02,0.0289,6.270000000000003,0.0001146825396825,0,0
2022-06-14,115.55,117.32,113.22,114.06,13357912,-0.016779354765392,0.2051013033189729,0.3798807966613691,0.3052320024538989,120.582,125.192,16.40761942643347,32.69,0.0315,-1.3300000000000054,0.000125,0,0
2022-06-15,115.62,116.95,113.1683,115.41,14083548,0.0117663797039205,0.3418736564344419,0.3615990727441546,0.3068165350186966,118.064,124.85349999999998,16.46051786558673,29.62,0.0293,-3.0699999999999967,0.0001162698412698,0,1
2022-06-16,113.86,114.2593,111.87,113.43,16724855,-0.0173050988613621,0.3426283582589925,0.3616261636081729,0.3039379302885431,115.68800000000002,124.5205,16.63240649428478,32.95,0.0288,3.330000000000002,0.0001142857142857,1,1
2022-06-17,113.54,114.63,112.16,113.03,30919865,-0.0035326363683115,0.2530990060954782,0.3588284438383238,0.3020340935071524,114.384,124.2565,17.246909415567885,31.13,0.0286,-1.820000000000004,0.000113492063492,0,1
2022-06-21,115.865,117.03,115.04,115.83,11680485,0.024470328741615,0.2895037945009095,0.3702322205446473,0.3067948663693889,114.352,124.181,16.27343005847486,30.19,0.0292,-0.9399999999999976,0.000115873015873,0,0
2022-06-22,114.88,116.1999,114.39,115.18,9848572,-0.0056274768657283,0.2586330431052939,0.2927544294949422,0.3058158817960717,114.576,123.71,16.102837028019145,28.95,0.0279,-1.240000000000002,0.0001107142857142,0,0
2022-06-23,115.01,115.18,111.48,113.92,11851541,-0.0109996744148607,0.2546897183923328,0.2857898606327786,0.3061004243899615,114.27800000000002,123.088,16.287968459284755,29.05,0.0278,0.1000000000000014,0.0001103174603174,0,0
2022-06-24,113.23,117.82,112.83,117.32,14841090,0.0294087964455845,0.2971350425685157,0.3086449907830903,0.3132743143251781,115.056,122.59199999999998,16.51291024314095,27.23,0.0283,-1.8200000000000005,0.0001123015873015,0,0
2022-06-27,118.06,118.5,115.6417,116.38,11280485,-0.0080445448807263,0.3084759953068987,0.2984799513579533,0.3134260374570024,115.726,121.939,16.238584799563768,26.95,0.0289,-0.2800000000000011,0.0001146825396825,0,0
2022-06-28,117.67,119.29,115.6,115.82,11615519,-0.0048234374308801,0.2639083104111848,0.2896344947565853,0.3082331649561173,115.724,121.1665,16.26785260678716,28.36,0.0288,1.41,0.0001142857142857,0,0
2022-06-29,116.0,116.82,114.73,115.3,9338432,-0.0044998345226303,0.2625158448050396,0.2853119296773648,0.3080997959119728,115.748,120.32,16.049648916025934,28.16,0.0288,-0.1999999999999993,0.0001142857142857,0,0
2022-06-30,113.17,114.075,110.93,112.61,15172611,-0.0236069055660791,0.3077810743165476,0.2890368455829684,0.310688816144982,115.486,119.455,16.53500245253291,28.71,0.0279999999999999,0.5500000000000007,0.0001111111111111,0,0
2022-07-01,112.65,114.415,111.16,114.05,10573577,0.0127064270214627,0.2050130978942939,0.28579981304997,0.3105477174266491,114.832,118.5575,16.173868711194498,26.7,0.0279,-2.0100000000000016,0.0001107142857142,0,0
2022-07-05,110.77,112.71,109.3,112.62,12515590,-0.0126176289039245,0.210860236537233,0.2854005820987004,0.3103483919381744,114.08,117.6805,16.34248562516468,27.54,0.0277,0.8399999999999999,0.0001099206349206,0,0
2022-07-06,111.73,112.99,110.785,111.89,10656197,-0.0065030740068426,0.2103210861306191,0.2850424874714983,0.3104513239568952,113.294,116.7885,16.18165215882866,26.73,0.0282,-0.8099999999999987,0.0001119047619047,0,0
2022-07-07,113.5,114.9,113.4,114.72,10347385,0.0249781310316803,0.3113846899345696,0.3057601054337471,0.3127135934118196,113.178,116.021,16.152244388747665,26.08,0.0287,-0.6500000000000021,0.0001138888888888,0,0
2022-07-08,115.16,115.65,113.61,114.36,8807840,-0.0031430093971991,0.2445360712695594,0.3037185853267443,0.3127071030475158,113.528,115.33899999999998,15.991152791915392,24.64,0.0296,-1.4399999999999975,0.0001174603174603,0,0
2022-07-11,113.55,114.23,112.215,112.86,7944573,-0.013203254913117,0.2494373286716149,0.299552991204456,0.3129904597763849,113.29,114.7165,15.887999612015276,26.17,0.0297,1.5300000000000011,0.0001178571428571,0,0
2022-07-12,112.58,115.18,112.26,112.97,11250917,0.0009741841978434,0.2313304170695491,0.255954420058355,0.3066538710046316,113.36,114.3875,16.235960194403965,27.29,0.0306999999999999,1.1199999999999974,0.0001218253968253,0,0
2022-07-13,111.75,112.4769,110.38,111.91,12979883,-0.0094273199089015,0.237843424421258,0.2363161273411391,0.3066656535252052,113.364,114.1835,16.378911255332106,26.82,0.0321,-0.4699999999999988,0.0001273809523809,0,0
2022-07-14,107.99,108.23,106.06,108.0,26204846,-0.035563749705716,0.2259074336658347,0.2603074130806014,0.3112509025164755,112.02,113.8805,17.081454913460057,26.4,0.0316,-0.4200000000000017,0.0001253968253968,0,0
2022-07-15,109.16,113.88,107.67,112.95,18863886,0.0448140157897926,0.4700063032139879,0.3069669257371796,0.3228302063667486,111.738,113.7575,16.75275985848403,24.23,0.0312,-2.169999999999998,0.0001238095238095,0,0
2022-07-18,114.77,115.8401,111.29,111.79,13977903,-0.0103231316317778,0.4662971389708046,0.3030469119578581,0.3229781824925996,111.524,113.6755,16.452988283518813,25.3,0.0313,1.0700000000000005,0.0001242063492063,0,0
2022-07-19,113.13,114.935,112.67,114.56,11862269,0.024476591930101,0.5037845337315335,0.3156559695062878,0.3275509568200526,111.842,113.752,16.288873248581105,24.5,0.0318,-0.8000000000000007,0.0001261904761904,0,0
2022-07-20,114.1,114.7389,113.48,114.54,11667540,-0.0001745962466241,0.4938259916923434,0.3028759859634997,0.3227098287203247,112.368,113.6875,16.272321185126778,23.88,0.0318,-0.620000000000001,0.0001261904761904,0,0
2022-07-21,114.44,115.53,113.37,115.32,11595860,0.0067867658044901,0.3459695302813159,0.303326462079164,0.3231675286781604,113.83200000000002,113.6945,16.26615869582214,23.11,0.0311,-0.7699999999999996,0.0001234126984126,0,0
2022-07-22,115.24,116.25,113.67,114.76,7645542,-0.0048678816570373,0.2137038172804032,0.3011339730037702,0.3177756720911159,114.194,113.7365,15.84963329084276,23.03,0.0301,-0.0799999999999983,0.0001194444444444,0,0
2022-07-25,115.84,116.46,114.77,115.22,9394033,0.0040003531910729,0.1778775155767457,0.2815001983729152,0.3169638070524985,114.88000000000002,113.6315,16.055585258443468,23.36,0.0306999999999999,0.3299999999999983,0.0001218253968253,0,0
2022-07-26,114.58,115.58,113.03,113.42,10675119,-0.015745601718355,0.1405835119721719,0.2853918024466088,0.3164944260707426,114.652,113.4835,16.183426264557813,24.69,0.0306,1.3300000000000018,0.0001214285714285,0,0
2022-07-27,114.01,115.74,113.3,115.24,9274454,0.0159191676304456,0.1911014355101727,0.2914180810126971,0.3115581165279242,114.792,113.45449999999998,16.04277429680046,23.24,0.03,-1.4500000000000028,0.0001190476190476,0,1
2022-07-28,115.25,115.98,113.53,114.81,10384770,-0.0037383221106071,0.1863292958156824,0.2912833295761776,0.3109651243130921,114.69,113.43,16.155850867719217,22.33,0.0293,-0.91,0.0001162698412698,1,1
2022-07-29,115.59,116.5,114.785,115.36,12944544,0.0047790854309183,0.185928851810778,0.2781789406909689,0.3078102405184257,114.81000000000002,113.5675,16.37618494459136,21.33,0.0298,-1.0,0.0001182539682539,0,1
2022-08-01,114.5,115.105,113.07,114.21,14740406,-0.0100188144741233,0.1981186014947742,0.2774133876398898,0.3002209223105005,114.608,113.5755,16.506102988443825,22.84,0.0298,1.5100000000000016,0.0001182539682539,0,0
2022-08-02,113.92,114.395,112.27,112.43,14942854,-0.0157080533008473,0.1979517321764144,0.2794971119921983,0.2976312144135826,114.41,113.566,16.51974375021471,23.93,0.0308999999999999,1.09,0.000122619047619,0,0
2022-08-03,113.45,114.0976,111.71,113.61,14394499,0.0104407248201448,0.1688149343915653,0.2808043718527521,0.2986560987163811,114.084,113.652,16.482356677671447,21.95,0.0314,-1.9800000000000004,0.0001246031746031,0,0
2022-08-04,112.85,113.32,111.0214,112.36,18033854,-0.0110635283457702,0.1789514758934381,0.2684536273562593,0.2979707458319495,113.594,113.534,16.70776132719021,21.44,0.0311,-0.509999999999998,0.0001234126984126,0,0
2022-08-05,112.53,116.1899,112.05,115.76,14174642,0.0298110800871855,0.3037837301868604,0.2896750852055468,0.3006664279705741,113.674,113.604,16.466965151527237,21.15,0.0329,-0.2900000000000027,0.0001305555555555,0,0
2022-08-08,116.25,116.7,114.18,114.35,10339584,-0.0122551618544383,0.309119374899149,0.2890944935271741,0.3014062392534437,113.702,113.6785,16.151490194126907,21.29,0.033,0.1400000000000005,0.0001309523809523,0,0
2022-08-09,114.75,115.99,114.37,115.38,10233754,0.0089671083599532,0.2768434756832421,0.2905995648390284,0.3020344399542582,114.292,113.799,16.141202030536284,21.77,0.0333,0.4800000000000004,0.0001321428571428,0,0
2022-08-10,117.96,119.37,117.5,118.39,12847258,0.0257532305948014,0.3140216067695466,0.300433263889766,0.3061978179427701,115.248,114.123,16.36864096132163,19.74,0.0326,-2.030000000000001,0.000129365079365,0,0
2022-08-11,119.9,121.2,119.31,120.14,11684856,0.0146734699984705,0.2634145987869678,0.2663017527962157,0.307331379623872,116.804,114.73,16.273804202387506,20.2,0.0325,0.4600000000000008,0.0001289682539682,0,0
2022-08-12,120.67,122.25,119.44,122.13,9906716,0.0164283217609817,0.2252199625451127,0.2265746692449576,0.3017963777640736,118.078,115.189,16.1087234689449,19.53,0.0326,-0.6699999999999982,0.000129365079365,0,0
2022-08-15,121.14,122.72,120.6,122.46,8456202,0.0026983948668113,0.1368128520393147,0.2203570976448199,0.2996889335605689,119.7,115.7225,15.95041069461018,19.95,0.0323,0.4199999999999981,0.0001281746031746,0,0
2022-08-16,122.29,124.2389,121.87,123.63,9554966,0.0095087879690273,0.1356806431896433,0.208498556868575,0.2985575967939288,121.35,116.176,16.072571577303766,19.69,0.0326,-0.259999999999998,0.000129365079365,0,0
2022-08-17,122.3,123.16,121.6948,122.59,8149335,-0.0084477799119327,0.1609528063220561,0.2126227885883753,0.2985855216120402,122.19,116.5785,15.91344688679596,19.9,0.0327,0.2099999999999973,0.0001297619047619,0,0
2022-08-18,122.24,122.47,120.55,121.64,9531752,-0.007779591297739,0.1718342721263679,0.215804922456316,0.2722386884572128,122.49,116.8945,16.070139099237462,19.56,0.0324,-0.3399999999999998,0.0001285714285714,0,0
2022-08-19,120.62,120.99,118.11,118.63,13464469,-0.0250564571361519,0.2082408102143064,0.2360991319947891,0.2751592986074599,121.79,117.088,16.415564847876524,20.6,0.0326,1.0400000000000027,0.000129365079365,0,0
2022-08-22,116.75,117.16,115.5,116.67,8967607,-0.0166599688372462,0.2036790696259107,0.2446171777753898,0.2764790319883127,120.632,117.1605,16.00912942029397,23.8,0.0332,3.1999999999999997,0.000131746031746,0,0
2022-08-23,116.69,117.29,115.3827,115.52,7607042,-0.0099057616912495,0.1162961340235057,0.2402733084099679,0.2742600422360472,119.01,117.2655,15.844584955194644,24.11,0.0329,0.3099999999999987,0.0001305555555555,0,0
2022-08-24,115.29,116.41,114.45,115.8,9771264,0.0024208899943788,0.1627665723495742,0.2337850792186064,0.2724041161515447,117.652,117.2935,16.094956391290374,22.82,0.0335,-1.2899999999999991,0.0001329365079365,0,0
2022-08-25,116.16,118.74,115.68,118.55,10758870,0.0234702473725195,0.299919046907963,0.2472049266672036,0.2767675827365989,117.034,117.4805,16.191241088595714,21.78,0.0333,-1.0399999999999991,0.0001321428571428,0,0
2022-08-26,119.46,119.99,114.6,114.67,11276212,-0.0332763744612014,0.3376063495438269,0.2759555503100894,0.2823688223423761,116.242,117.446,16.238205932032663,25.56,0.0336,3.7799999999999976,0.0001333333333333,0,0
2022-08-29,114.0,114.86,113.46,114.39,7785336,-0.0024447755126309,0.3263197292869924,0.2737181951778706,0.2798546502682609,115.786,117.455,15.8677525222418,26.21,0.0343,0.6500000000000021,0.0001361111111111,0,0
2022-08-30,115.0,115.58,113.36,114.41,10745404,0.0001748251752703,0.3225488747744744,0.2672994552156832,0.2788413023540322,115.564,117.55400000000002,16.18998868623513,26.21,0.0348,0.0,0.0001380952380952,0,0
2022-08-31,114.48,115.03,113.339,113.73,10738299,-0.0059612695164993,0.3209090422847036,0.2658493934725624,0.2789413633543317,115.15,117.56,16.189327254613307,25.87,0.035,-0.3399999999999998,0.0001388888888888,0,0
2022-09-01,113.29,114.63,111.91,114.51,9979823,0.0068349372288948,0.2453034055253375,0.2635043966313189,0.2793856280118761,114.342,117.6675,16.11607591265943,25.56,0.0351,-0.3100000000000023,0.0001392857142857,0,0
2022-09-02,115.87,117.45,113.185,113.71,10666594,-0.0070108077886167,0.088127178625366,0.2415078137909033,0.2780738208793575,114.15,117.565,16.182627359572685,25.47,0.0347,-0.0899999999999998,0.0001376984126984,0,0
2022-09-06,114.33,114.745,112.07,113.74,9735952,0.0002637942420221,0.088744764327964,0.2377555704557535,0.2751872601581125,114.02,117.53449999999998,16.091335983481226,26.91,0.0361,1.4400000000000013,0.0001432539682539,0,0
2022-09-07,113.13,116.11,112.76,115.9,10647866,0.0188126084670525,0.1687303091931525,0.2452770213156201,0.261499061774642,114.318,117.5605,16.180870054454985,24.64,0.036,-2.27,0.0001428571428571,0,0
2022-09-08,115.28,118.79,114.63,118.6,11434984,0.0230287362179188,0.1989959316388945,0.2416803423816172,0.2584117590126367,115.292,117.57099999999998,16.252187986225096,23.61,0.036,-1.0300000000000011,0.0001428571428571,0,0
2022-09-09,119.14,120.05,118.67,119.17,9302228,0.0047945585390897,0.2005191384670247,0.2362563855491931,0.2560679629637661,116.224,117.5225,16.045764499323674,22.79,0.0366999999999999,-0.8200000000000003,0.0001456349206349,0,0
2022-09-12,120.62,121.55,119.79,120.58,8614630,0.0117623879585446,0.1500539956008975,0.2323959796781611,0.2560672282996939,117.598,117.44499999999998,15.968972478675951,23.87,0.037,1.0800000000000018,0.0001468253968253,0,0
2022-09-13,118.07,118.92,115.78,116.39,12904575,-0.0353668121073744,0.3714685791586435,0.2624791289006092,0.2640516304235926,118.128,117.1415,16.37309245762083,27.27,0.0392,3.3999999999999986,0.0001555555555555,0,0
2022-09-14,116.7,117.84,114.88,116.12,9345718,-0.0023224817974558,0.3502434437849041,0.2586059602227762,0.2639857135770264,118.172,116.766,16.050428828451096,26.16,0.0395,-1.1099999999999994,0.000156746031746,0,0
2022-09-15,116.12,119.38,115.755,117.87,10821438,0.0149581830820488,0.3208133630909178,0.2654812408180487,0.2609916367307229,118.026,116.53,16.19703972458519,26.27,0.04,0.1099999999999994,0.0001587301587301,0,0
2022-09-16,117.39,117.4,115.37,117.08,14844136,-0.006724860414793,0.3175811748300398,0.2652010053776293,0.2611075897680193,117.608,116.302,16.51311546307161,26.3,0.0395999999999999,0.0300000000000011,0.0001571428571428,0,0
2022-09-19,116.0,118.73,115.51,118.16,8201305,0.0091821763994392,0.3101916330697359,0.2531413576592054,0.2606616537243193,117.124,116.2785,15.91980384591351,25.76,0.0405,-0.5399999999999991,0.0001607142857142,0,0
2022-09-20,117.41,117.69,114.64,115.83,9619026,-0.0199160392788696,0.2174682411913916,0.2561951125990049,0.2569592159303867,117.012,116.2365,16.079253570114776,27.16,0.0403,1.3999999999999986,0.0001599206349206,0,0
2022-09-21,116.54,116.6,112.42,112.49,12606281,-0.0292592701395201,0.2974405559407462,0.2743269656383348,0.2633202793004164,116.28600000000002,116.085,16.349705739779306,27.99,0.0408,0.8299999999999983,0.0001619047619047,0,1
2022-09-22,113.38,113.6,111.07,111.21,11525303,-0.0114440229739839,0.2295899581327322,0.2762214941080388,0.2641257499707555,114.954,115.85549999999998,16.260055437173843,27.35,0.0408,-0.639999999999997,0.0001619047619047,1,1
2022-09-23,110.05,110.3399,107.16,109.14,18138572,-0.0187888440726646,0.2293185136570807,0.264996782409053,0.2666206656179232,113.366,115.385,16.713551278494165,29.92,0.0415,2.5700000000000003,0.0001646825396825,0,1
2022-09-26,108.0,109.605,106.06,106.79,15753581,-0.021767172574632,0.1014166712686211,0.2509892377404794,0.2659777762251752,111.092,114.991,16.572578262471758,32.26,0.0417,2.3399999999999963,0.0001654761904761,0,0
2022-09-27,107.75,108.17,104.65,105.85,12793612,-0.0088412916025797,0.1300464687687927,0.2516385394425454,0.264938866532153,109.096,114.564,16.364456541816708,32.6,0.0416,0.3400000000000034,0.0001650793650793,0,0
2022-09-28,105.95,108.73,105.64,107.99,12762596,0.0200156326637941,0.2636366488070054,0.2653598762980985,0.2673847634948818,108.196,114.24299999999998,16.362029263463985,30.18,0.0399,-2.4200000000000017,0.0001583333333333,0,0
2022-09-29,106.95,107.28,104.398,106.16,12713926,-0.0170912402207162,0.2710067886240406,0.2699707347630961,0.2692403695132752,107.186,113.86450000000002,16.35820848610604,31.84,0.0398,1.66,0.0001579365079365,0,0
2022-09-30,106.06,107.62,104.4,104.5,15973415,-0.0157603186190863,0.2651112815839799,0.2704740319412861,0.2654494654624627,106.258,113.364,16.586436335778103,31.62,0.0405,-0.2199999999999988,0.0001607142857142,0,0
2022-10-03,105.62,108.36,104.46,107.73,12248137,0.0304410255012355,0.3487506263553983,0.2973354174056983,0.2733953198559459,106.446,113.065,16.32088440175677,30.1,0.0401,-1.5199999999999996,0.0001591269841269,0,0
2022-10-04,110.61,112.99,109.86,112.77,16013586,0.0457222493380951,0.4459178071712257,0.3435420878214741,0.2884151657885774,107.83,113.01650000000002,16.588948044901368,29.07,0.0415,-1.0300000000000011,0.0001646825396825,0,0
2022-10-05,109.75,110.95,108.83,110.39,10943502,-0.0213307962139359,0.4967001953633586,0.3432742814825076,0.2916928297083783,108.31,112.741,16.208256413423147,28.55,0.0414,-0.5199999999999996,0.0001642857142857,0,0
2022-10-06,109.46,110.19,107.94,108.14,11521415,-0.0205928660764015,0.5067636665530916,0.3351835110249049,0.2940591316707915,108.706,112.218,16.25971803555016,30.52,0.0419,1.9699999999999989,0.0001662698412698,0,0
2022-10-07,107.52,107.71,105.265,105.98,11681088,-0.0201762868892427,0.5182836129560562,0.3375957587560451,0.2878638643130583,109.002,111.5585,16.27348168171103,31.36,0.0424,0.8399999999999999,0.0001682539682539,0,0
2022-10-10,106.73,107.31,104.52,104.99,8931729,-0.0093852895377662,0.4581668007309682,0.3312362730033227,0.272597157918606,108.454,110.77900000000002,16.005120551132602,32.45,0.0424,1.0900000000000034,0.0001682539682539,0,0
2022-10-11,104.37,104.54,101.85,101.96,12739700,-0.0292845280189352,0.1125046924887345,0.3249528575906105,0.2780180962749329,106.292,110.05749999999998,16.360233659950346,33.63,0.0428,1.1799999999999995,0.0001698412698412,0,0
2022-10-12,101.8,104.73,101.28,103.61,13180960,0.0160532707557457,0.2784804564719235,0.3345787485834035,0.2751735157898326,104.936,109.432,16.394283922018882,33.57,0.0428,-0.0600000000000022,0.0001698412698412,0,0
2022-10-13,101.98,109.9,101.76,109.37,22398706,0.054102779083474,0.5331557527711053,0.3907685731448707,0.2979751773994774,105.182,109.007,16.9245137472995,31.94,0.0446,-1.629999999999999,0.0001769841269841,0,0
2022-10-14,111.962,115.24,110.724,111.19,33420141,0.0165038203680232,0.4983592155514069,0.3970653628817074,0.2996882047518497,106.224,108.7125,17.324669300153143,32.02,0.045,0.0800000000000018,0.0001785714285714,0,0
2022-10-17,115.41,117.01,114.32,115.86,22276272,0.0411421159533202,0.5061400607333556,0.4248569999810964,0.3114959712969684,108.398,108.5975,16.919032634067857,31.37,0.045,-0.6500000000000021,0.0001785714285714,0,0
2022-10-18,119.66,120.14,116.96,118.84,21539680,0.0253954849259288,0.2633572749755742,0.4285046800653894,0.3156807945824518,111.774,108.748,16.885407373500456,30.5,0.045,-0.870000000000001,0.0001785714285714,0,0
2022-10-19,117.99,118.83,115.6701,116.51,17072035,-0.0198009443625571,0.4472613084984654,0.4208095018023873,0.3166808492746706,114.354,108.949,16.65295230266215,30.76,0.046,0.2600000000000015,0.0001825396825396,0,0
2022-10-20,117.16,118.71,115.65,116.13,12207437,-0.0032668529741834,0.3801077120342916,0.4184017310860407,0.3151145173372361,115.706,109.195,16.317555914142808,29.98,0.0466,-0.7800000000000011,0.0001849206349206,0,0
2022-10-21,116.46,122.39,116.33,122.23,20593310,0.0511942625315051,0.4741769920689719,0.4448286807122751,0.331898536237906,117.91400000000002,109.8495,16.84047682373319,29.69,0.0458,-0.2899999999999991,0.000181746031746,0,0
2022-10-24,122.07,123.1,121.33,122.38,12624177,0.0012264422452228,0.439824129776208,0.4333626773017592,0.3318076072140092,119.218,110.629,16.35112434288205,29.85,0.0461,0.1600000000000001,0.0001829365079365,0,0
2022-10-25,121.85,123.2707,120.89,122.7,11289101,0.0026113936824714,0.4220636156292491,0.4297674252440839,0.3310273498273179,119.98999999999998,111.4715,16.239348304965997,28.46,0.046,-1.3900000000000006,0.0001825396825396,0,0
2022-10-26,123.0,125.2,122.88,124.11,11671494,0.011425917424564,0.3524511987426251,0.4274950232096186,0.3297778335284419,121.51,112.2775,16.272660016634358,27.28,0.0454,-1.1799999999999995,0.0001801587301587,0,0
2022-10-27,125.2,126.2,124.21,124.6,10727612,0.0039403372119229,0.3352555762512137,0.4182216256125173,0.3293062440937009,123.204,113.1995,16.188331536250086,27.39,0.045,0.1099999999999994,0.0001785714285714,0,0
2022-10-28,125.29,126.28,124.05,126.08,11859472,0.0118080197562162,0.079957942568964,0.4087835633426701,0.328903354270268,123.974,114.27849999999998,16.28863743114992,25.75,0.0455,-1.6400000000000006,0.0001805555555555,0,0
2022-10-31,125.7,127.43,125.59,125.88,13295173,-0.0015875539133629,0.0925022682352659,0.4026679899723112,0.3237857525855028,124.674,115.186,16.402911594985277,25.88,0.0466,0.129999999999999,0.0001849206349206,0,0
2022-11-01,126.87,128.28,126.33,128.15,13386945,0.017872380613874,0.1202987130971706,0.3793257006794263,0.3242467202340861,125.76399999999998,115.955,16.40979053629616,25.81,0.0475,-0.0700000000000002,0.000188492063492,0,0
2022-11-02,127.65,130.36,126.64,126.97,16546085,-0.00925061472838,0.1699874975165679,0.3699229233448972,0.3246996931358798,126.33599999999998,116.784,16.62166007591235,25.86,0.0475999999999999,0.0500000000000007,0.0001888888888888,0,1
2022-11-03,126.31,128.18,125.91,127.2,12474358,0.0018098128243216,0.1711430157966046,0.356049642289047,0.3207749908923797,126.856,117.737,16.339185735351744,25.3,0.0478,-0.5599999999999987,0.0001896825396825,1,1
2022-11-04,129.49,130.83,128.46,130.68,14354353,0.0269909358268476,0.2357876606403009,0.3455484763875134,0.323962797993329,127.77600000000002,118.972,16.479563799117862,24.55,0.0475999999999999,-0.75,0.0001888888888888,0,1
2022-11-07,131.0,132.29,130.4816,131.37,12011157,0.0052661827485472,0.2245064034915755,0.3382156416860574,0.3225559918566564,128.87400000000002,120.29099999999998,16.301346525802458,24.35,0.048,-0.1999999999999993,0.0001904761904761,0,0
2022-11-08,131.24,132.06,130.14,131.45,9884053,0.0006087816944735,0.2124125542565243,0.3058441876825892,0.3225433886657082,129.534,121.76550000000002,16.1064332082778,25.54,0.0476999999999999,1.1899999999999975,0.0001892857142857,0,0
2022-11-09,131.32,131.43,129.22,129.74,9493961,-0.0130941033909807,0.2297957295246815,0.3188328127073964,0.3233758992926744,130.08800000000002,123.072,16.06616647022737,26.09,0.0475,0.5500000000000007,0.000188492063492,0,0
2022-11-10,132.63,135.25,132.53,135.08,16351589,0.0403347477324576,0.3397665748212932,0.2973053416984531,0.3327333414153863,131.66400000000002,124.3575,16.609835637129574,23.53,0.0458999999999999,-2.5599999999999987,0.0001821428571428,0,0
2022-11-11,135.19,136.17,133.7805,135.3,10704664,0.0016273396593754,0.3162659018572423,0.2980470739865422,0.3321566602226308,132.58800000000002,125.56300000000002,16.18619009231109,22.52,0.0458999999999999,-1.0100000000000016,0.0001821428571428,0,0
2022-11-14,134.8,135.73,133.91,133.91,11085604,-0.0103266026692676,0.3399757818222727,0.2818448970469611,0.3284255144330052,133.096,126.4655,16.22115788759504,23.73,0.0463,1.2100000000000009,0.0001837301587301,0,0
2022-11-15,134.68,135.71,131.6,132.94,14038346,-0.007270033894039,0.3491561028418812,0.2777569341321958,0.3267037311091194,133.394,127.1705,16.45730314335443,24.54,0.046,0.8099999999999987,0.0001825396825396,0,0
2022-11-16,133.0,133.56,132.03,133.12,7893359,0.0013530784594627,0.3232494288525639,0.2617833402009951,0.3257387826120161,134.07,128.001,15.881532330995872,24.11,0.0462,-0.4299999999999997,0.0001833333333333,0,0
2022-11-17,132.0,132.89,131.28,132.54,8824558,-0.0043664904128177,0.0836123916907117,0.2623650520671005,0.3260305388103575,133.56199999999998,128.8215,15.993049074543505,23.93,0.0467999999999999,-0.1799999999999997,0.0001857142857142,0,0
2022-11-18,134.57,134.67,132.28,133.84,9468537,0.0097605700184879,0.1260289131080328,0.2036252713401439,0.3234195303604538,133.27,129.402,16.063484965371394,23.12,0.0474,-0.8099999999999987,0.0001880952380952,0,0
2022-11-21,133.74,134.56,132.75,133.05,7800517,-0.0059200592548703,0.1110546348712197,0.206722889783467,0.3154276067077119,133.098,129.9355,15.869700571514544,22.36,0.0475,-0.7600000000000016,0.000188492063492,0,0
2022-11-22,134.0,135.27,133.69,135.04,9185670,0.0148460334239487,0.1425368565462804,0.2100271965236639,0.3162644061391858,133.518,130.5525,16.033155218990057,21.29,0.0479,-1.0700000000000005,0.0001900793650793,0,0
2022-11-23,134.94,136.5,134.86,136.48,7316204,0.0106070528957219,0.1501849715968082,0.2097039852060171,0.3166217857215611,134.19,131.171,15.805602172193806,20.35,0.0475,-0.9399999999999976,0.000188492063492,0,0
2022-11-25,136.48,137.14,136.055,136.74,3220496,0.0019032287422791,0.1309536252715902,0.2099329113797451,0.3160872313311257,135.03000000000003,131.778,14.98504594292515,20.5,0.0475999999999999,0.1499999999999985,0.0001888888888888,0,0
2022-11-28,136.07,136.71,134.19,134.35,9907551,-0.0176329774241477,0.2069192881415122,0.2222655102829498,0.3188084889563077,135.132,132.1915,16.10880775164892,22.21,0.0475999999999999,1.7100000000000009,0.0001888888888888,0,0
2022-11-29,134.66,136.64,134.41,136.56,7925322,0.016315743424685,0.2213989087208087,0.2262257284086283,0.319368951346052,135.834,132.7255,15.885573507817032,21.89,0.0478,-0.3200000000000003,0.0001896825396825,0,0
2022-11-30,136.09,138.18,133.19,138.18,14761248,0.0117931045744636,0.2139619123732121,0.2223021486423227,0.3198127891742653,136.462,133.227,16.507515926407738,20.58,0.0474,-1.3100000000000025,0.0001880952380952,0,0
2022-12-01,138.18,138.66,135.43,136.24,8858472,-0.0141391467062159,0.2406337796852383,0.2267322533557609,0.3200911087227073,136.414,133.6905,15.996884847211629,19.84,0.0466,-0.7399999999999984,0.0001849206349206,0,0
2022-12-02,134.49,135.35,133.34,135.16,8932057,-0.0079587745083437,0.2449573186818566,0.2303343129718236,0.3179760113274506,136.098,134.0885,16.00515727347131,19.06,0.0469,-0.7800000000000011,0.0001861111111111,0,0
2022-12-05,134.24,134.57,130.6,131.37,10154531,-0.0284414923646724,0.2945171302414061,0.2377924592580234,0.3240454279076926,135.502,134.123,16.133430567784362,20.75,0.0476999999999999,1.6900000000000013,0.0001892857142857,0,0
2022-12-06,133.39,135.11,129.87,131.59,13966691,0.0016732586806325,0.2432442592862602,0.2371309750217294,0.3233561812235606,134.50799999999998,134.134,16.452185838466175,22.17,0.0473,1.4200000000000017,0.0001876984126984,0,0
2022-12-07,131.31,133.08,130.33,131.5,11739425,-0.00068417654423,0.1918775728000819,0.2371374138206227,0.3141682392330349,133.172,134.1365,16.278463393311277,22.68,0.0467,0.509999999999998,0.0001853174603174,0,0
2022-12-08,132.33,132.98,131.43,132.88,8907257,0.01043961368722,0.2327386568976454,0.2345771780267992,0.3145008217361825,132.5,134.2935,16.00237689570831,22.29,0.0471,-0.3900000000000005,0.0001869047619047,0,0
2022-12-09,132.2,133.76,132.0,132.16,7957818,-0.0054331555323714,0.2313987839866405,0.1841270592433405,0.3137562675576882,131.9,134.1475,15.88966539963963,22.83,0.0472,0.5399999999999991,0.0001873015873015,0,0
2022-12-12,132.4,134.65,131.6,134.21,8841631,0.0153924276370467,0.134514888225451,0.1930890404070649,0.3144306608403525,132.46800000000002,134.09300000000002,15.99498191985782,25.0,0.0475,2.1700000000000017,0.000188492063492,0,0
2022-12-13,136.885,137.09,133.08,134.08,10025383,-0.0009691006759416,0.1389720522430853,0.1895357211292798,0.3141664383263723,132.966,134.10150000000002,16.120630734915913,22.55,0.0464,-2.4499999999999997,0.0001841269841269,0,0
2022-12-14,133.78,135.71,132.76,133.41,9966115,-0.0050095435430582,0.1505731905027787,0.1885429401288036,0.3111744054903534,133.348,134.125,16.114701396990306,21.14,0.0464,-1.41,0.0001841269841269,0,1
2022-12-15,131.145,132.08,129.05,130.1,12090286,-0.0251237076722551,0.2292582626867118,0.2086981512548688,0.3094906896864733,132.792,133.974,16.307912878225157,22.83,0.0465,1.6899999999999975,0.0001845238095238,1,1
2022-12-16,129.15,129.9,128.425,129.29,21133707,-0.0062454422519976,0.2295994072047436,0.2091885465143705,0.3086780516486002,132.218,133.8115,16.866379811971044,22.62,0.0461,-0.2099999999999973,0.0001829365079365,0,1
2022-12-19,129.65,131.33,129.09,130.06,9017156,0.0059379391745438,0.1834491953688974,0.2069501624982397,0.3055341030973794,131.388,133.6225,16.014639542986707,22.42,0.0464,-0.1999999999999993,0.0001841269841269,0,0
2022-12-20,130.97,132.05,130.2,130.69,8549927,0.0048322241679387,0.198074153877084,0.2073767811549632,0.3011853496208998,130.70999999999998,133.50449999999998,15.961433302864798,21.48,0.0464,-0.9400000000000012,0.0001841269841269,0,0
2022-12-21,132.18,132.98,131.77,132.16,8051704,0.0111852031637234,0.2295226377143847,0.2040720950680811,0.30051407691173,130.45999999999998,133.3605,15.90139430401296,20.07,0.046,-1.41,0.0001825396825396,0,0
2022-12-22,131.1,131.3,128.41,130.66,8651131,-0.0114147803600636,0.1483505224870244,0.2023118349874489,0.3001285315623828,130.572,133.0695,15.973200621805924,21.97,0.0464,1.8999999999999984,0.0001841269841269,0,0
2022-12-23,130.58,131.44,129.64,131.28,5091905,0.0047339173692311,0.1351114081184174,0.2033164122519499,0.2971517401914998,130.97,132.7965,15.443162581768975,20.87,0.0466,-1.099999999999998,0.0001849206349206,0,0
2022-12-27,131.57,132.22,130.55,131.74,5410991,0.0034978364307115,0.132923965648182,0.1955043626392959,0.2944176915806891,131.30599999999998,132.666,15.503942813344985,21.65,0.0475,0.7799999999999976,0.000188492063492,0,0
2022-12-28,131.85,133.41,131.01,132.46,8827738,0.0054504298442864,0.1336581420729663,0.1863444831247271,0.2891893254157879,131.66000000000005,132.46099999999998,15.993409367622023,22.14,0.0471,0.490000000000002,0.0001869047619047,0,0
2022-12-29,132.93,133.27,132.31,133.22,6585228,0.0057211839281998,0.1162794616646901,0.181779675157817,0.2755072560973515,131.872,132.21300000000002,15.700339516705904,21.44,0.0471,-0.6999999999999993,0.0001869047619047,0,0
2022-12-30,132.81,134.33,132.44,134.1,9292519,0.0065838933025994,0.0183830465442205,0.1780090166080288,0.2709763808797616,132.56,132.10600000000002,16.044720225811126,21.67,0.0473,0.2300000000000004,0.0001876984126984,0,0
2023-01-03,135.24,136.74,133.89,135.12,11054778,0.0075774822119119,0.0240704028730272,0.1782549018642589,0.2665057983733206,133.328,132.10399999999998,16.218373290660924,22.9,0.0472,1.2299999999999969,0.0001873015873015,0,0
2023-01-04,135.99,137.68,135.57,136.38,11687643,0.0092818345929621,0.0247462469479094,0.1458072453887581,0.2620279534864774,134.256,132.3545,16.274042687798346,22.01,0.0471,-0.889999999999997,0.0001869047619047,0,0
2023-01-05,135.66,135.71,133.7004,135.35,8381265,-0.0075810910321966,0.1076531112088591,0.1496244860262326,0.2616541450342143,134.834,132.5425,15.941509415719697,22.46,0.0478,0.4499999999999993,0.0001896825396825,0,0
2023-01-06,136.125,138.38,134.49,137.94,10029076,0.0189547919428349,0.1508562679050694,0.1617309886290732,0.2538197224988339,135.77800000000002,132.8645,16.120999032065363,21.13,0.0471,-1.3300000000000018,0.0001869047619047,0,0
2023-01-09,138.6,138.88,136.88,137.37,8482297,-0.0041407926660313,0.1704915625155163,0.1603822038872206,0.2534499961726232,136.43200000000002,133.089,15.953491843730225,21.97,0.0469,0.8399999999999999,0.0001861111111111,0,0
2023-01-10,137.79,138.72,137.31,138.6,9048665,0.008914071418689,0.1721106072563748,0.1600498835075239,0.2318259362436566,137.128,133.411,16.01812779098272,20.58,0.0474,-1.3900000000000006,0.0001880952380952,0,0
2023-01-11,138.9,139.75,138.1,139.63,8703698,0.0074039801983004,0.1697261247998236,0.1538259618344656,0.2304669297305626,137.778,133.682,15.97925855078474,21.09,0.0473,0.5100000000000016,0.0001876984126984,0,0
2023-01-12,140.0,140.86,139.22,139.49,11001666,-0.0010031528499594,0.1442236628002792,0.1538346663394413,0.2170938685132152,138.606,133.9525,16.213557273840017,18.83,0.0466,-2.2600000000000016,0.0001849206349206,0,0
2023-01-13,135.6,143.49,134.8,143.01,20200047,0.0249216437807,0.1797643051596843,0.1714801175682009,0.2168880319729632,139.61999999999998,134.4325,16.8211954891014,18.35,0.0469,-0.4799999999999969,0.0001861111111111,0,0
2023-01-17,141.17,141.54,139.225,140.8,14292881,-0.0155741141609018,0.2350928586570478,0.152676606871868,0.2151489892812149,140.306,134.96750000000003,16.475272139102728,19.36,0.0467,1.009999999999998,0.0001853174603174,0,0
2023-01-18,138.92,140.73,136.41,136.57,13392601,-0.0305031400336089,0.3373442571862461,0.193095999853042,0.2256082491545481,139.9,135.3315,16.410212948243256,20.34,0.0463,0.9800000000000004,0.0001837301587301,0,0
2023-01-19,135.32,135.9,133.59,134.75,13303371,-0.0134160939012265,0.3293689463365981,0.20090652516848,0.2041271920097987,138.924,135.56599999999997,16.40352801972338,20.52,0.0465,0.1799999999999997,0.0001845238095238,0,0
2023-01-20,135.16,135.49,133.55,135.08,13092492,0.0024459857282604,0.3342747873333108,0.2006026547313576,0.2041323152483734,138.042,135.7855,16.38754949409874,19.85,0.0467999999999999,-0.6699999999999982,0.0001857142857142,0,0
2023-01-23,135.115,137.96,134.82,137.27,10487128,0.0160825937462012,0.2841931940281531,0.2044066797317542,0.2062603426048489,136.894,136.041,16.165659158329927,19.81,0.047,-0.0400000000000027,0.0001865079365079,0,0
2023-01-24,140.29,140.29,135.0,138.45,6944991,0.0085594603534025,0.2961002487012662,0.1993892068287384,0.2057762184857166,136.424,136.4305,15.753531238273414,19.2,0.047,-0.6099999999999994,0.0001865079365079,0,0
2023-01-25,138.05,139.12,137.25,139.12,8967007,0.0048276204290567,0.1725778293075695,0.1994009425911053,0.2058232541036575,136.93400000000003,136.8225,16.009062510574005,19.08,0.0467,-0.120000000000001,0.0001853174603174,0,0
2023-01-26,139.42,140.06,138.36,139.98,7487631,0.0061626852153659,0.0829393886702921,0.199730965012876,0.2049785934502481,137.98000000000002,137.2345,15.828763017079169,18.73,0.0467999999999999,-0.3499999999999978,0.0001857142857142,0,0
2023-01-27,140.61,141.255,139.7499,140.32,7489946,0.0024259733624794,0.0830180584863645,0.1995339750979902,0.2048650511631957,139.028,137.6275,15.829072145854596,18.51,0.0467999999999999,-0.2199999999999988,0.0001857142857142,0,0
2023-01-30,139.23,140.09,138.91,139.13,6729255,-0.0085167807700874,0.1055210544894615,0.2032138294873024,0.2031591141828579,139.4,137.92299999999997,15.721974997127866,19.94,0.0471,1.4299999999999995,0.0001869047619047,0,0
2023-01-31,139.88,140.07,138.25,139.96,9188738,0.005947919645702,0.0977120650116768,0.2030430987574435,0.2021506861686781,139.702,138.21599999999998,16.033489161724813,19.4,0.0467999999999999,-0.5400000000000027,0.0001857142857142,0,0
2023-02-01,138.21,140.875,138.12,139.59,8841846,-0.0026471129748204,0.0992980431467586,0.2026538430167612,0.2023394015595956,139.796,138.4395,15.99500623634264,17.87,0.0466,-1.5299999999999976,0.0001849206349206,0,1
2023-02-02,140.0,140.46,138.0,138.94,11822064,-0.004667369259932,0.0910080562236235,0.2017125640534836,0.1956278976621596,139.588,138.5675,16.285478173987393,18.73,0.0464,0.8599999999999994,0.0001841269841269,1,1
2023-02-03,138.18,142.33,138.13,141.09,11501232,0.0153557993603314,0.1519555839059952,0.2052766570448828,0.1976453417266255,139.74200000000002,138.8545,16.257964718030205,18.33,0.0479,-0.4000000000000021,0.0001900793650793,0,1
2023-02-06,140.23,142.24,140.0313,141.92,8406231,0.0058655339362029,0.1268799198945516,0.1960535842755117,0.1978728295922617,140.3,139.0535,15.944483774540783,19.43,0.0484999999999999,1.1000000000000014,0.0001924603174603,0,0
2023-02-07,141.38,144.34,141.18,143.65,10447888,0.0121162668640292,0.1398308966714625,0.1984139289946312,0.19679443734191,141.03799999999998,139.3675,16.161910410685916,18.66,0.0487999999999999,-0.7699999999999996,0.0001936507936507,0,0
2023-02-08,142.65,144.04,142.2763,142.64,6957965,-0.0070558118704137,0.1577779906760995,0.1993795134222666,0.1803308985969266,141.64799999999997,139.5695,15.755397604500288,19.63,0.0487,0.9699999999999988,0.0001932539682539,0,0
2023-02-09,143.12,143.34,139.87,140.42,6443109,-0.0156860419657821,0.2085537313899459,0.2069175825120644,0.1834986394492852,141.94400000000002,139.60899999999998,15.678521745562657,20.71,0.0487999999999999,1.0800000000000018,0.0001936507936507,0,0
2023-02-10,139.78,141.28,138.59,141.04,6582853,0.004405606500512,0.176847476537648,0.207362231146634,0.1822246433195002,141.934,139.6865,15.69997879595612,20.53,0.0489,-0.1799999999999997,0.0001940476190476,0,0
2023-02-13,141.3,142.73,140.74,142.57,7134607,0.0107895690762548,0.1902108310487662,0.1907359842660034,0.182539594098952,142.064,139.6645,15.780467726787435,20.34,0.0491,-0.1900000000000012,0.0001948412698412,0,0
2023-02-14,142.5,143.81,141.595,143.2,9249399,0.0044091473606755,0.1682121766922152,0.1823126211035138,0.1826604068368195,141.974,139.78449999999998,16.0400691344048,18.91,0.0499,-1.4299999999999995,0.0001980158730158,0,0
2023-02-15,141.61,143.89,141.3,143.8,6731172,0.0041811907604013,0.1598679455124278,0.1398351371961984,0.1823842941857761,142.206,140.14600000000002,15.722259832075965,18.23,0.0496,-0.6799999999999997,0.0001968253968253,0,0
2023-02-16,142.91,143.39,141.676,141.82,8165306,-0.0138647974110957,0.147491092053522,0.1405232610283482,0.1841540487888669,142.486,140.4995,15.915404760720586,20.17,0.0499,1.9400000000000013,0.0001980158730158,0,0
2023-02-17,140.98,142.83,140.07,142.24,7948829,0.0029571238897438,0.1463469446115383,0.1405296243905384,0.1836343259222724,142.726,140.85750000000002,15.888535180183968,20.02,0.05,-0.1500000000000021,0.0001984126984126,0,0
2023-02-21,140.69,141.34,138.75,139.63,9996283,-0.0185197048114911,0.1764219884367893,0.1498111442364821,0.1856963561993847,142.138,140.9755,16.11772388186075,22.87,0.0507,2.8500000000000014,0.0002011904761904,0,0
2023-02-22,138.92,139.43,137.435,138.56,11107501,-0.0076926221399782,0.1594622582780322,0.1498292620158796,0.1852527651475277,141.20999999999998,140.981,16.223131203821456,22.29,0.0507,-0.5800000000000018,0.0002011904761904,0,0
2023-02-23,138.73,140.17,137.94,139.67,8068010,0.0079790525035549,0.1769419175511059,0.1515724070448446,0.185901398641404,140.384,141.0085,15.903417417520023,21.14,0.0503,-1.1499999999999986,0.0001996031746031,0,0
2023-02-24,139.11,141.36,138.93,140.93,9126888,0.0089808158857399,0.1856867195441331,0.1533629796981389,0.182879915385521,140.206,141.05599999999998,16.026735340140714,21.67,0.0504999999999999,0.5300000000000011,0.0002003968253968,0,0
2023-02-27,142.11,143.31,141.7201,142.16,10014654,0.008689870642976,0.1979428894217117,0.1560816606760405,0.180771585897794,140.19,141.14799999999997,16.11955997830752,20.95,0.0503,-0.7200000000000024,0.0001996031746031,0,0
2023-02-28,142.94,143.76,141.9001,143.35,11019757,0.008336008482983,0.1150857942984498,0.1544070427568065,0.1800001997745115,140.934,141.359,16.21520031062922,20.7,0.0501999999999999,-0.25,0.0001992063492063,0,0
2023-03-01,142.1,143.4583,141.8,142.55,7139155,-0.0055963769706977,0.1002269288742847,0.1554247089788608,0.1778485200565084,141.73200000000003,141.4885,15.781104979973232,20.58,0.0506,-0.120000000000001,0.0002007936507936,0,0
2023-03-02,142.24,142.43,139.54,141.07,11107549,-0.0104365942722701,0.1476424913419702,0.1601803903945712,0.1784385418931147,142.012,141.5625,16.223135525216186,19.59,0.0504,-0.9899999999999984,0.0002,0,0
2023-03-03,141.51,143.74,141.08,143.66,9513063,0.0181931755602445,0.1848912221118791,0.1705651644024036,0.1713476930148103,142.558,141.7985,16.068176464683223,18.49,0.0503,-1.1000000000000014,0.0001996031746031,0,0
2023-03-06,143.44,144.04,142.66,142.82,9261255,-0.0058643005256916,0.1896358816343979,0.1645076024612071,0.1720083957818675,142.69,141.885,16.041350126596782,18.61,0.0504999999999999,0.120000000000001,0.0002003968253968,0,0
2023-03-07,142.01,142.31,137.81,138.62,11747620,-0.0298487196311251,0.2716595591474607,0.19533207108371,0.1834932706385131,141.744,141.72,16.279161224846284,19.59,0.0521999999999999,0.9800000000000004,0.0002071428571428,0,0
2023-03-08,138.0,138.59,136.885,137.8,10002548,-0.0059330179102804,0.2715830767857711,0.1894601488670784,0.1829165455851081,140.794,141.4275,16.118350418502313,19.11,0.0525,-0.4800000000000004,0.0002083333333333,0,0
2023-03-09,136.76,137.35,129.215,130.34,25888097,-0.0556569376753239,0.4445961260994602,0.2684652731001691,0.2159713402744002,138.648,140.8125,17.0692938457431,22.61,0.0518,3.5,0.0002055555555555,0,0
2023-03-10,128.96,135.26,127.82,133.65,37599655,0.0250780216806936,0.4791268536183496,0.2844732653917313,0.2198414994048177,136.64600000000002,140.474,17.442505432786113,24.8,0.049,2.1900000000000013,0.0001944444444444,0,0
2023-03-13,131.21,133.88,129.41,131.25,42901132,-0.0181205411131949,0.4731620833540264,0.2884610886197563,0.2229295480436962,134.332,139.9845,17.574408770496504,26.52,0.043,1.7199999999999989,0.0001706349206349,0,0
2023-03-14,135.28,135.53,131.29,134.62,29648116,0.0253520931108338,0.5360683493780298,0.3023891987765505,0.2288278878032093,133.53199999999998,139.587,17.204909140073827,23.73,0.0445,-2.789999999999999,0.0001765873015873,0,0
2023-03-15,130.98,130.99,126.73,128.26,34280607,-0.0483965408618503,0.6153533479600753,0.3411436470586106,0.2442573786031595,131.624,138.84,17.35009035865494,26.14,0.0419,2.41,0.0001662698412698,0,0
2023-03-16,128.01,131.95,126.02,130.75,24570587,0.0192276492243154,0.5210820622535954,0.3508550272385984,0.2471428779387264,131.706,138.1875,17.01706063513587,22.99,0.0449,-3.150000000000002,0.0001781746031746,0,0
2023-03-17,128.38,128.48,125.45,125.81,38395982,-0.0385142705819927,0.5286163388627305,0.3697435702408144,0.2592201126178196,130.138,137.387,17.46346337666662,25.51,0.0426,2.520000000000003,0.0001690476190476,0,0
2023-03-20,126.99,129.47,126.01,127.14,22875505,0.0105160091452231,0.5468158615580277,0.373127418948978,0.259985101876715,129.316,136.632,16.94557724538491,24.15,0.0434,-1.360000000000003,0.0001722222222222,0,0
2023-03-21,130.59,131.73,130.19,130.55,17807808,0.0264674536368752,0.5509331913522,0.3864199841310688,0.2647513207531173,128.502,136.178,16.69514757076818,21.38,0.0467999999999999,-2.77,0.0001857142857142,0,0
2023-03-22,130.56,130.655,127.08,127.18,17250168,-0.0261528893058761,0.4582921725982268,0.394632598340994,0.2691039492270847,128.286,135.60899999999998,16.663332440524652,22.26,0.0455999999999999,0.8800000000000026,0.0001809523809523,0,1
2023-03-23,127.9,129.53,126.02,126.84,16677640,-0.0026769561691151,0.4200935482378238,0.3920446525115938,0.2689227280278513,127.50400000000002,134.9675,16.62957945807412,22.61,0.0438,0.3499999999999978,0.0001738095238095,1,1
2023-03-24,125.63,125.68,123.11,124.91,22326916,-0.0153329716923287,0.3298541351917569,0.3901898745654893,0.2704696790499677,127.324,134.16649999999998,16.921303504112558,21.74,0.0432,-0.870000000000001,0.0001714285714285,0,1
2023-03-27,126.79,129.38,126.29,128.49,18853935,0.0282576023175713,0.3890830015395789,0.4058508782099186,0.2767188257811446,127.594,133.483,16.752232203388,20.6,0.0451,-1.139999999999997,0.0001789682539682,0,0
2023-03-28,128.71,129.3417,127.744,128.88,10820466,0.0030306585733295,0.3273350731240654,0.4039616742196871,0.2765150322500441,127.26,132.7595,16.19694989884706,19.97,0.0455,-0.6300000000000026,0.0001805555555555,0,0
2023-03-29,130.1,130.22,127.77,129.14,14595260,0.0020153483296018,0.2519031546861445,0.4047954165852333,0.2761697608115703,127.652,132.089,16.496207376431652,19.12,0.0458999999999999,-0.8499999999999979,0.0001821428571428,0,0
2023-03-30,129.95,130.12,127.65,128.75,12134675,-0.0030245476544753,0.2524133357620921,0.4043152267710928,0.2756785712818341,128.034,131.473,16.31157761474876,19.02,0.0463,-0.1000000000000014,0.0001837301587301,0,0
2023-03-31,129.66,130.34,128.8514,130.31,13105215,0.0120436876129691,0.1956648027157961,0.4002926635006578,0.2761678554206057,129.11399999999998,130.8055,16.388520800556993,18.7,0.0464,-0.3200000000000003,0.0001841269841269,0,0
2023-04-03,129.91,131.44,129.41,130.16,11775388,-0.0011517642460323,0.0923660019981197,0.4004879221956882,0.2758035632940442,129.448,130.1725,16.281522148491607,18.55,0.046,-0.1499999999999985,0.0001825396825396,0,0
2023-04-04,130.5,130.59,127.41,128.42,11579916,-0.0134583205448801,0.1459582882724945,0.3909165954983568,0.2739551729902619,129.356,129.6625,16.264782776196803,19.0,0.045,0.4499999999999993,0.0001785714285714,0,0
2023-04-05,126.8,128.15,126.46,127.61,9614692,-0.0063274046200172,0.1481266591089073,0.3909473548192059,0.2740923211305953,129.05,129.153,16.078802903210608,19.08,0.0443,0.0799999999999983,0.0001757936507936,0,0
2023-04-06,127.0,128.08,126.8553,127.47,8760220,-0.0010976949510551,0.1482330455794918,0.3396407153960261,0.2732767260768809,128.794,129.0095,15.985731576752473,18.4,0.0451,-0.6799999999999997,0.0001789682539682,0,0
2023-04-10,126.54,128.23,126.22,127.89,9477292,0.0032894766503987,0.1017190234053328,0.3258830659014727,0.2728406159061527,128.31,128.72150000000002,16.06440917941589,18.97,0.0465,0.5700000000000003,0.0001845238095238,0,0
2023-04-11,128.3,128.94,127.54,128.52,10516267,0.0049140148024291,0.1191062789312022,0.3211838482217546,0.27315259079878,127.982,128.585,16.168433854391676,19.1,0.0467,0.1300000000000025,0.0001853174603174,0,0
2023-04-12,129.18,130.43,128.0603,128.5,11820995,-0.0001556299123832,0.069266280759611,0.3057649134081209,0.2676237112806951,127.998,128.27900000000002,16.285387745756363,19.09,0.0464,-0.0100000000000015,0.0001841269841269,0,0
2023-04-13,128.46,129.04,126.83,128.99,12450242,0.0038059776417704,0.0416565137321117,0.2530478745878913,0.2663020648377658,128.274,128.3155,16.337250618437086,17.8,0.0466,-1.2899999999999991,0.0001849206349206,0,0
2023-04-14,135.15,139.12,134.9001,138.73,43931328,0.0727947161155892,0.4966636676431919,0.3565194366559853,0.3001746604844377,130.526,128.7145,17.598138245406272,17.07,0.0476999999999999,-0.7300000000000004,0.0001892857142857,0,0
2023-04-17,139.95,140.06,137.66,139.83,15961327,0.0078978009601253,0.4897192455520441,0.3212230061625261,0.2992031220875614,132.914,129.4155,16.585679291892962,16.95,0.048,-0.120000000000001,0.0001904761904761,0,0
2023-04-18,140.27,141.78,139.03,141.4,13760139,0.011165354409713,0.481252717313827,0.3213715518794,0.2999634491129366,135.49,130.1285,16.437286492162634,16.83,0.0481,-0.120000000000001,0.000190873015873,0,0
2023-04-19,141.23,141.5,140.4,141.22,9158112,-0.0012737953742716,0.4841284208331229,0.3121072970802301,0.2982814214675365,138.03400000000002,130.66199999999998,16.03015060186888,16.46,0.0484,-0.3699999999999974,0.0001920634920634,0,0
2023-04-20,139.91,141.43,139.84,140.81,10586245,-0.0029074941589805,0.4994009267583038,0.2926960100001314,0.2978790725581753,140.398,131.3435,16.175066074907054,17.17,0.0476999999999999,0.7100000000000009,0.0001892857142857,0,0
2023-04-21,139.74,141.11,138.78,140.54,11842537,-0.0019193181651687,0.1026317103991757,0.2924415900119481,0.2977601845783597,140.76,132.0285,16.287208438115464,16.77,0.0478,-0.4000000000000021,0.0001896825396825,0,0
2023-04-24,140.455,141.1,140.04,140.73,7567666,0.0013510152444246,0.0911982671405693,0.2827966263832824,0.2975096942498812,140.94,132.8195,15.839395255547563,16.89,0.0475999999999999,0.120000000000001,0.0001888888888888,0,0
2023-04-25,139.6,139.96,137.625,137.67,10629325,-0.0219836439336244,0.1497456127341805,0.2864709294683344,0.3008774132299523,140.194,133.27849999999998,16.179127248772318,18.76,0.046,1.870000000000001,0.0001825396825396,0,0
2023-04-26,137.62,137.8093,134.0,135.23,14238908,-0.0178824845895834,0.1667431547681524,0.2963261496200772,0.3025749354370775,138.996,133.59599999999998,16.47148877561437,18.84,0.0464,0.0799999999999983,0.0001841269841269,0,0
2023-04-27,136.0,137.91,135.66,137.05,9041092,0.0133687902635265,0.2301513018496337,0.2988579202395233,0.3036280146440601,138.244,133.9915,16.01729052153323,17.03,0.0478,-1.8099999999999987,0.0001896825396825,0,0
2023-04-28,136.56,138.32,135.67,138.24,9887262,0.0086454823069507,0.2514872867355288,0.29862284163955,0.3041446889197224,137.78400000000002,134.46599999999998,16.10675781997188,15.78,0.048,-1.2500000000000018,0.0001904761904761,0,0
2023-05-01,142.26,143.37,140.83,141.2,20415762,0.0211860200033961,0.3077318375856895,0.3037879560170991,0.3071095052897457,137.878,135.0105,16.83181780753519,16.08,0.0486,0.2999999999999989,0.0001928571428571,0,0
2023-05-02,141.4,142.41,138.43,138.92,14113447,-0.0162790971832683,0.2829460101244334,0.311838031340714,0.3073148772210378,138.128,135.44850000000002,16.462638588820237,17.78,0.0474,1.7000000000000028,0.0001880952380952,0,0
2023-05-03,138.44,138.6687,135.76,135.98,12930906,-0.0213904117775597,0.2989677267286276,0.3186733694506311,0.3100592452197712,138.278,135.8265,16.37513081789885,18.34,0.047,0.5599999999999987,0.0001865079365079,0,1
2023-05-04,134.96,135.72,131.81,134.12,17089164,-0.0137728945002857,0.2908152804793105,0.3225922245984587,0.3100235712002023,137.69199999999998,136.152,16.653955136399663,20.09,0.0458999999999999,1.75,0.0001821428571428,1,1
2023-05-05,136.44,137.88,135.912,136.74,11261394,0.0193463908876201,0.3283737056255613,0.3277004823080671,0.312584418115143,137.392,136.6155,16.23689097407882,17.19,0.0473,-2.8999999999999986,0.0001876984126984,0,1
2023-05-08,137.49,137.97,136.475,137.07,7484872,0.0024104317576419,0.2651681547838764,0.3277231832121599,0.3110762364781214,136.56599999999997,137.0745,15.82839447482124,16.98,0.0479,-0.2100000000000008,0.0001900793650793,0,0
2023-05-09,135.93,136.95,135.21,136.41,7343573,-0.0048266877382609,0.2489999633507646,0.3289739497391193,0.3110421568008762,136.06400000000002,137.469,15.809336066890586,17.71,0.0481,0.7300000000000004,0.000190873015873,0,0
2023-05-10,137.95,138.06,134.87,136.48,8133416,0.0005130272383399,0.1929016581979645,0.3288979988833011,0.3101528079149289,136.164,137.868,15.911491565478094,16.94,0.047,-0.7699999999999996,0.0001865079365079,0,0
2023-05-11,135.0,136.81,134.9,136.05,7057277,-0.0031556185141134,0.1532495014172695,0.3296027947300664,0.3100051147390198,136.55,138.221,15.769569841019353,16.93,0.047,-0.0100000000000015,0.0001865079365079,0,0
2023-05-12,136.82,136.99,133.13,134.1,9988598,-0.0144366749416225,0.1040145942186325,0.2055209687813699,0.3110598799169093,136.022,137.9895,16.116954800435767,17.03,0.0475,0.1000000000000014,0.000188492063492,0,0
2023-05-15,134.27,135.67,133.96,135.23,7639451,0.0083912421976356,0.1318203404592455,0.2058337364500749,0.3105220846789236,135.654,137.7595,15.848836299922004,17.12,0.0473,0.0899999999999998,0.0001876984126984,0,0
2023-05-16,135.46,135.9382,133.96,134.32,6483267,-0.006752019715983,0.1344568085274686,0.2007758081238062,0.3106587423818867,135.236,137.40550000000002,15.68473510794581,17.99,0.0487999999999999,0.8699999999999974,0.0001936507936507,0,0
2023-05-17,135.9,138.5899,135.46,138.45,12711522,0.0302842368476855,0.2761476348752522,0.2322565606087118,0.3149439674330629,135.63000000000002,137.267,16.35801938422613,16.87,0.0492,-1.1199999999999974,0.000195238095238,0,0
2023-05-18,138.27,139.73,137.76,139.5,10999607,0.0075553516444496,0.2718688400603031,0.2340734890865247,0.3149327479513067,136.32,137.20149999999998,16.213370102851684,16.05,0.0501999999999999,-0.8200000000000003,0.0001992063492063,0,0
2023-05-19,139.79,140.49,138.125,139.18,13492239,-0.0022965418447163,0.2271484729438146,0.2341083514551138,0.3145403170646779,137.33599999999998,137.13349999999997,16.41762518920779,16.81,0.0501999999999999,0.759999999999998,0.0001992063492063,0,0
2023-05-22,141.0,141.64,137.66,138.03,11402476,-0.0082970065812171,0.2522400804867833,0.2356043072485128,0.3144125509215755,137.89600000000002,136.99849999999998,16.2493410827642,17.21,0.0507,0.4000000000000021,0.0002011904761904,0,0
2023-05-23,137.54,139.03,136.455,136.59,9514897,-0.0104873148206864,0.2635055413116786,0.2253131808786845,0.3145147539487815,138.35,136.9445,16.06836923364066,18.53,0.0506,1.3200000000000005,0.0002007936507936,0,0
2023-05-24,135.4,136.35,135.08,135.34,8577997,-0.0091936072107209,0.1183881468650093,0.2183722135384543,0.3144234607739131,137.728,136.95,15.96471099432703,20.03,0.0512,1.5,0.0002031746031746,0,0
2023-05-25,134.82,136.27,134.58,135.67,8472505,0.0024353356931376,0.0867843474035346,0.2129017387037134,0.3143482643323891,136.96200000000002,136.881,15.952336772607756,19.14,0.0524,-0.8900000000000006,0.0002079365079365,0,0
2023-05-26,136.11,137.6,135.63,136.94,8579941,0.0093174071956997,0.1382632523528854,0.2132978024900379,0.3143751697207992,136.51399999999998,136.816,15.964937594983626,17.95,0.0525,-1.1900000000000013,0.0002083333333333,0,0
2023-05-30,136.8,137.72,136.02,137.46,7399867,0.0037900920005424,0.1370621884743577,0.198279242509144,0.3120956217046132,136.4,136.629,15.81697258503991,17.46,0.0521999999999999,-0.4899999999999984,0.0002071428571428,0,0
2023-05-31,136.73,136.84,134.4044,135.71,13750897,-0.0128127096001798,0.1479488708425371,0.1951732672327116,0.3129071631019131,136.224,136.4685,16.436614616312692,17.94,0.0518,0.4800000000000004,0.0002055555555555,0,0
2023-06-01,136.52,138.23,135.445,137.58,12248094,0.0136853100045887,0.1596689985466643,0.1864933435964015,0.3083618435105797,136.672,136.5485,16.32088089101261,15.65,0.0511,-2.290000000000001,0.0002027777777777,0,0
2023-06-02,139.56,141.48,139.34,140.47,12922471,0.0207883767449502,0.2012715026232626,0.1914869720675009,0.311063208984888,137.632,136.866,16.374478291902008,14.6,0.0521999999999999,-1.0500000000000007,0.0002071428571428,0,0
2023-06-05,140.11,140.11,138.13,139.09,8511900,-0.0098727372237796,0.2309875493170802,0.1849929646818193,0.289260249467961,138.06199999999998,136.9835,15.956975742374253,14.73,0.0516999999999999,0.1300000000000007,0.0002051587301587,0,0
2023-06-06,138.68,140.1,138.2066,139.34,9329541,0.001795783982934,0.2310546050284488,0.1849371457270497,0.2849138015184924,138.43800000000002,137.097,16.048696375471877,13.96,0.052,-0.7699999999999996,0.0002063492063492,0,0
2023-06-07,139.55,141.27,138.83,140.69,9281389,0.0096418987871488,0.186711091050285,0.1862035398053936,0.2827557731005039,139.43400000000003,137.311,16.043521770286077,13.94,0.0516,-0.0200000000000013,0.0002047619047619,0,0
2023-06-08,140.67,140.89,139.4807,140.73,7370043,0.0002842726193544,0.1815892564164596,0.1862221193480843,0.2782249245708726,140.064,137.5235,15.812934098612542,13.65,0.0512,-0.2899999999999991,0.0002031746031746,0,0
2023-06-09,140.35,141.8,140.21,141.01,7253946,0.0019876488406624,0.1107664309792492,0.1853976162630239,0.2586943888101866,140.17199999999997,137.7715,15.797056154628542,13.83,0.0516999999999999,0.1799999999999997,0.0002051587301587,0,0
2023-06-12,141.07,141.32,139.76,141.0,7600196,-7.09194709704047e-05,0.0630124469456748,0.1754677549738818,0.2560812777145086,140.554,138.1165,15.8436845943977,15.01,0.0518,1.1799999999999995,0.0002055555555555,0,0
2023-06-13,140.48,142.87,140.14,142.02,7701567,0.0072080023757793,0.0693639326444911,0.1749912529027501,0.2425360913257579,141.09,138.456,15.85693437261278,14.61,0.0526,-0.4000000000000003,0.0002087301587301,0,0
2023-06-14,143.0,143.61,140.7,141.49,9068729,-0.0037388495460866,0.0632697980194362,0.173207595516889,0.2421624000895163,141.25,138.8145,16.02034267996757,13.88,0.0527,-0.7299999999999986,0.0002091269841269,0,0
2023-06-15,140.59,143.4,140.03,143.09,9343096,0.0112447597107827,0.0942560325945606,0.1434804808290851,0.2374992511285917,141.722,139.04649999999998,16.05014823279455,14.5,0.0521,0.6199999999999992,0.000206746031746,0,0
2023-06-16,143.05,143.965,142.5,143.26,13813512,0.0011873582676615,0.09513909217024,0.1417736484715339,0.2303916549066214,142.172,139.2345,16.44115780152668,13.54,0.0524,-0.9600000000000009,0.0002079365079365,0,0
2023-06-20,142.61,143.0,141.04,142.53,8431008,-0.0051086573193654,0.1112889654557429,0.1430731190876921,0.2306555349784933,142.478,139.402,15.9474268957835,13.88,0.0524,0.3400000000000016,0.0002079365079365,0,0
2023-06-21,142.9,144.02,141.691,142.32,9926459,-0.00147446050936,0.1032500076411275,0.1390669693532329,0.2279546478164104,142.538,139.6165,16.11071437625261,13.2,0.0525,-0.6800000000000015,0.0002083333333333,0,0
2023-06-22,142.31,142.6,138.95,139.58,10076325,-0.0194401297685739,0.1769672555293841,0.1523271670691038,0.225590607864285,142.156,139.766,16.125699170797503,12.91,0.0529,-0.2899999999999991,0.0002099206349206,0,0
2023-06-23,138.54,139.18,137.62,138.85,9919539,-0.005243699836197,0.1265341003956022,0.149410280048955,0.2259689955394614,141.308,139.9415,16.110017006407016,13.44,0.0525,0.5299999999999994,0.0002083333333333,0,0
2023-06-26,138.87,140.01,137.69,139.19,8429727,0.0024456924865006,0.1312736165599344,0.1494113465648014,0.2259770080830285,140.494,140.1175,15.947274945112015,14.25,0.0527,0.8100000000000005,0.0002091269841269,0,0
2023-06-27,139.0,139.84,138.54,139.2,8154024,7.184166101012129e-05,0.1378887595549961,0.1463892111857473,0.2258159370990277,139.82800000000003,140.2305,15.914022105697695,13.74,0.0533,-0.5099999999999998,0.0002115079365079,0,0
2023-06-28,139.16,139.21,137.96,138.59,7558644,-0.004391813819608,0.1350786773787056,0.1470657546112591,0.2249868061891193,139.082,140.28699999999998,15.838202366988511,13.43,0.0532,-0.3100000000000005,0.0002111111111111,0,0
2023-06-29,140.07,143.56,139.85,143.43,15423230,0.0343271772254106,0.2612138087044221,0.1819180446819881,0.2350438042504786,139.852,140.673,16.551385372387138,13.54,0.0541,0.1099999999999994,0.0002146825396825,0,0
2023-06-30,144.6,146.0,143.66,145.44,14212816,0.0139165191230469,0.2468568460298411,0.1821038603387222,0.2342380088079652,141.17000000000002,141.066,16.469654650742747,13.59,0.054,0.0500000000000007,0.0002142857142857,0,0
2023-07-03,146.19,147.48,146.0,146.61,8021622,0.0080123695210046,0.2402307021762386,0.1706303354387873,0.2338844061923315,142.654,141.373,15.897651203783084,13.57,0.0542999999999999,-0.0199999999999995,0.0002154761904761,0,0
2023-07-05,144.94,145.43,144.36,144.64,8935519,-0.0135281033063069,0.2910482047071844,0.1744929156203356,0.2360361720076272,143.742,141.65050000000002,16.00554479106668,14.18,0.054,0.6099999999999994,0.0002142857142857,0,0
2023-07-06,143.02,143.39,141.4401,143.21,9714100,-0.0099358121532549,0.3077042698841252,0.179532400094631,0.2373057066800076,144.666,141.844,16.089088996255263,15.44,0.0544,1.2599999999999998,0.000215873015873,0,0
2023-07-07,143.91,145.8436,143.0,144.34,8981456,0.0078595431535159,0.1933450590085385,0.1785519779876412,0.2375429145181659,144.848,142.0265,16.010672565220055,14.83,0.0541,-0.6099999999999994,0.0002146825396825,0,0
2023-07-10,144.5,145.99,144.5,145.15,9100060,0.0055960628265117,0.1661560536718612,0.1791533682143336,0.2376191741864829,144.79000000000002,142.2475,16.023791564871935,15.07,0.0538,0.2400000000000002,0.000213492063492,0,0
2023-07-11,146.335,147.82,145.705,147.42,11265592,0.0155179652905038,0.1959640750557981,0.1859059849414586,0.2391999316918534,144.952,142.568,16.237263682620352,14.84,0.0544,-0.2300000000000004,0.000215873015873,0,0
2023-07-12,147.45,149.87,147.0,148.15,11323228,0.0049396182584315,0.1467926074914196,0.1859368475255225,0.1888119098431112,145.654,142.9255,16.24236674909981,13.54,0.0535,-1.3000000000000007,0.0002123015873015,0,0
2023-07-13,148.7,149.37,147.75,148.87,11234925,0.0048481678693915,0.0715725470623278,0.1853275341260108,0.1884456846227061,146.786,143.268,16.234537788011863,13.61,0.0527,0.0700000000000002,0.0002091269841269,0,0
2023-07-14,151.55,152.89,148.41,149.77,27028429,0.0060273421153384,0.0725744848908096,0.184307658147881,0.1875591172822658,147.872,143.682,17.11239979595683,13.34,0.0533999999999999,-0.2699999999999996,0.0002119047619047,0,0
2023-07-17,150.35,153.75,150.35,153.38,17262394,0.0238177183324088,0.1337614416318818,0.1968832721800779,0.1932465005970437,149.518,144.1965,16.664040936202916,13.48,0.0533,0.1400000000000005,0.0002115079365079,0,0
2023-07-18,153.38,154.4,152.82,153.66,13491725,0.0018238671027756,0.1400001525638589,0.1967982451106994,0.1930416468589051,150.76600000000002,144.7165,16.417587092507095,13.3,0.0532,-0.1799999999999997,0.0002111111111111,0,0
2023-07-19,152.75,155.205,152.22,154.25,12510000,0.0038322933460083,0.14187841293882,0.1941497319544193,0.1929720292606289,151.98600000000002,145.3025,16.342038882443095,13.76,0.0532,0.4599999999999991,0.0002111111111111,0,0
2023-07-20,154.53,156.59,154.41,156.15,9935907,0.0122424209435903,0.1410089130549886,0.1951684039213245,0.1942106544599688,153.44199999999998,145.994,16.111665723208212,13.99,0.0535,0.2300000000000004,0.0002123015873015,0,0
2023-07-21,155.8,156.14,154.69,154.95,10636378,-0.0077145994953304,0.1884099894501194,0.1798172334702654,0.1888970011193588,154.478,146.7625,16.179790570390097,13.6,0.0535,-0.3900000000000005,0.0002123015873015,0,0
2023-07-24,154.97,158.785,154.73,158.0,14381425,0.0194925487932095,0.1648246878259294,0.1821426768808072,0.1876445243830521,155.402,147.71999999999997,16.481448001314114,13.91,0.0538,0.3100000000000005,0.000213492063492,0,0
2023-07-25,157.3,157.7198,155.96,156.82,9944679,-0.0074963822241909,0.1907185128961987,0.1883615947439604,0.1873990848081279,156.034,148.60150000000002,16.112548192222885,13.86,0.0538,-0.0500000000000007,0.000213492063492,0,0
2023-07-26,156.71,158.25,156.275,157.76,8728593,0.0059762400515493,0.1911561203360795,0.1870739847668902,0.1870893364474931,156.736,149.52949999999998,15.982114746441884,13.19,0.0537,-0.6699999999999999,0.0002130952380952,0,1
2023-07-27,157.77,158.78,155.5538,156.02,10778406,-0.011090686694158,0.2030215954368386,0.1935318092045584,0.1847795583949018,156.70999999999998,150.401,16.193055246092513,14.41,0.054,1.2200000000000006,0.0002142857142857,1,1
2023-07-28,157.28,157.6,156.4401,156.91,9105974,0.0056881884108096,0.193712735332775,0.1618976784924357,0.1811167475000604,157.102,151.075,16.02444123961252,13.33,0.0537,-1.08,0.0002130952380952,0,1
2023-07-31,157.18,159.38,157.151,157.96,8894353,0.0066694438474717,0.1355711481194672,0.1583057719280381,0.1746323352795759,157.094,151.701,16.0009271389436,13.63,0.0537,0.3000000000000007,0.0002130952380952,0,0
2023-08-01,157.43,158.0,156.15,157.18,6855682,-0.0049501909804197,0.1277401267134611,0.1607561707725028,0.1720382313889455,157.166,152.2295,15.740588355453584,13.93,0.0538,0.2999999999999989,0.000213492063492,0,0
2023-08-02,155.56,155.69,153.94,155.4,8303708,-0.0113892075044817,0.1394390446260371,0.1579086960715686,0.1708202985692481,156.69400000000002,152.76749999999998,15.932212719993052,16.09,0.0536,2.16,0.0002126984126984,0,0
2023-08-03,155.0,156.92,154.35,156.35,6087542,0.006094645970303,0.1297704036003814,0.1497412692501976,0.1710127042722602,156.76000000000002,153.4245,15.621754945733166,15.92,0.0537,-0.1699999999999999,0.0002130952380952,0,0
2023-08-04,156.4,157.8,155.695,156.02,6209397,-0.002112879743683,0.1213745480763338,0.1508559098135993,0.1706268861319704,156.582,154.0085,15.641574347745737,17.1,0.0533,1.1800000000000015,0.0002115079365079,0,0
2023-08-07,156.6,157.7,156.6,156.76,7251832,0.0047317691712636,0.1140830237391938,0.1507574810494448,0.1706636949234957,156.342,154.589,15.796764684565376,15.77,0.053,-1.3300000000000018,0.0002103174603174,0,0
2023-08-08,154.32,155.98,152.59,155.88,8623379,-0.0056294928609222,0.1154614556308594,0.1477022886723115,0.1710768327550413,156.082,155.012,15.969987561189397,15.99,0.0535,0.2200000000000006,0.0002123015873015,0,0
2023-08-09,155.32,155.52,153.47,153.79,6277813,-0.0134984450186763,0.1270471144601052,0.1582660561474624,0.1706959251843683,155.76,155.294,15.65253222938418,15.96,0.0535,-0.0299999999999993,0.0002123015873015,0,0
2023-08-10,154.38,155.44,153.09,153.56,5995076,-0.0014966653192351,0.1059413709458218,0.1582840090191196,0.1703872859968402,155.202,155.5285,15.606449023594422,15.85,0.0533,-0.1100000000000012,0.0002115079365079,0,0
2023-08-11,153.03,154.52,152.63,154.45,5180690,0.0057790492319935,0.1258670638251388,0.1581933029529492,0.1695340391708494,154.888,155.7625,15.46044880999792,14.84,0.0536,-1.0099999999999998,0.0002126984126984,0,0
2023-08-14,153.61,154.9178,152.92,154.77,5044282,0.0020697245600777,0.1180427436925534,0.1346545498036732,0.15920777935885,154.49,155.832,15.433765882513669,14.82,0.0537,-0.0199999999999995,0.0002130952380952,0,0
2023-08-15,152.85,153.2664,150.2301,150.83,10300303,-0.0257867691445072,0.2054765980822281,0.1634991852311452,0.1685030770231951,153.48000000000002,155.6905,16.147683870242908,16.46,0.0536,1.6400000000000006,0.0002126984126984,0,0
2023-08-16,150.6,150.96,149.68,150.19,6978235,-0.0042522155626715,0.1961556025614707,0.1628936588738749,0.1687289525281441,152.76000000000002,155.4875,15.758306577433215,16.78,0.0537,0.3200000000000003,0.0002130952380952,0,0
2023-08-17,150.88,151.2622,148.4,148.63,9953912,-0.0104411630566858,0.1971215923519794,0.1576347427678091,0.1693043979408422,151.774,155.1115,16.11347619769449,17.89,0.0536,1.1099999999999994,0.0002126984126984,0,0
2023-08-18,147.65,149.5,147.4437,148.97,8517460,0.002284947230698,0.1845392638166211,0.1572160704631313,0.1675421195316236,150.67800000000005,154.8125,15.957628732292552,17.3,0.0535,-0.5899999999999999,0.0002123015873015,0,0
2023-08-21,149.65,150.105,148.02,149.48,8327018,0.0034176612257815,0.1890104380660658,0.1371928229549943,0.166108814567617,149.61999999999998,154.3865,15.935015966858469,17.13,0.0537,-0.1700000000000017,0.0002130952380952,0,0
2023-08-22,149.26,149.6394,145.85,146.38,9681972,-0.0209566244442021,0.1594995936693201,0.1509691817518703,0.1724373007778725,148.73000000000002,153.8645,16.085776157513124,16.97,0.0538999999999999,-0.1600000000000001,0.0002138888888888,0,0
2023-08-23,146.35,147.585,145.46,147.37,7858021,0.0067404510520905,0.1842189827517225,0.1516246339362659,0.1720037295321439,148.166,153.345,15.877045351532706,15.98,0.0535,-0.9899999999999984,0.0002123015873015,0,0
2023-08-24,147.5,149.41,146.9875,147.23,6534026,-0.0009504413478544,0.1747106673621456,0.1490593179655497,0.1719759535605484,147.886,152.90550000000002,15.692533850321032,17.2,0.0538999999999999,1.2199999999999989,0.0002138888888888,0,0
2023-08-25,147.28,148.6199,145.85,147.05,6695537,-0.001223324877313,0.1711648259676117,0.145760575428263,0.1695820824230619,147.502,152.4125,15.716951743002108,15.68,0.0544,-1.5199999999999996,0.000215873015873,0,0
2023-08-28,147.57,148.61,147.13,147.56,5094201,0.0034622077284707,0.1712636646470452,0.1432908646639702,0.1676863355142222,147.118,151.89249999999998,15.443613391929189,15.08,0.0544,-0.5999999999999996,0.000215873015873,0,0
2023-08-29,147.71,148.85,147.18,148.76,6336962,0.0080993963283943,0.0679997592449371,0.1488058762310794,0.1633037884373154,147.594,151.4715,15.66191003175935,14.45,0.0537,-0.6300000000000008,0.0002130952380952,0,0
2023-08-30,148.62,149.15,147.19,148.16,6277318,-0.0040414981589999,0.0755516526825522,0.1453965595927908,0.1620850084420095,147.752,151.1095,15.652453377160295,13.88,0.0538999999999999,-0.5699999999999985,0.0002138888888888,0,0
2023-08-31,148.26,148.35,145.96,146.33,10933938,-0.012428425793534,0.1235674406077281,0.145933445467627,0.164411242053276,147.572,150.6085,16.207382088035054,13.57,0.0537,-0.3100000000000005,0.0002130952380952,0,0
2023-09-01,146.09,148.08,145.7,146.82,7903496,0.0033430015783,0.1277558147229315,0.147800945990262,0.1634710525356953,147.526,150.1485,15.882815751194569,13.09,0.0536,-0.4800000000000004,0.0002126984126984,0,0
2023-09-05,147.16,148.2099,145.01,145.2,7854739,-0.0110952442919395,0.1416952242469493,0.1474414939541795,0.1652516867312033,147.054,149.57049999999998,15.876627601876027,14.01,0.0542,0.92,0.0002150793650793,0,0
2023-09-06,144.7,145.54,144.11,144.96,8629164,-0.0016542600960263,0.1046689575253537,0.1474732935617262,0.1652821922142781,146.294,149.02450000000002,15.970658186988365,14.45,0.0544,0.4399999999999995,0.000215873015873,0,0
2023-09-07,144.13,145.2683,143.39,143.72,8373738,-0.0085908800493512,0.1065307528476961,0.1441088101355118,0.1663182292856875,145.406,148.521,15.94061093775388,14.4,0.054,-0.0499999999999989,0.0002142857142857,0,0
2023-09-08,143.37,144.12,142.65,143.83,7110254,0.0007650843704799,0.0978618134356729,0.1447244282560948,0.1657012812432381,144.906,148.03449999999998,15.777048525473251,13.84,0.0542,-0.5600000000000005,0.0002150793650793,0,0
2023-09-11,144.75,145.05,143.69,144.46,6854220,0.0043706060069029,0.1025145960349259,0.1436383106405279,0.165709063392704,144.434,147.535,15.740375078946498,13.8,0.054,-0.0399999999999991,0.0002142857142857,0,0
2023-09-12,144.5,147.32,144.05,146.34,8363165,0.0129300288331831,0.1257950086715308,0.153875004395715,0.1662176876091065,144.662,147.1135,15.93934750193108,14.23,0.0542,0.4299999999999997,0.0002150793650793,0,0
2023-09-13,147.34,147.7,145.82,146.41,8325914,0.0004782237495067,0.12324294140105,0.1278854674455265,0.1662092252797385,144.952,146.89249999999998,15.934883377594112,13.48,0.0542,-0.75,0.0002150793650793,0,0
2023-09-14,147.84,149.895,147.52,149.25,10034931,0.0192118470673206,0.1306870791174466,0.1468698123621391,0.170214844497378,146.058,146.8455,16.121582664254706,12.82,0.0542,-0.6600000000000001,0.0002150793650793,0,0
2023-09-15,148.92,149.7256,148.31,148.81,19863383,-0.0029524278307526,0.1447559211533668,0.142357304711687,0.1703249174567107,147.05400000000003,146.8545,16.80438854447146,13.79,0.0542999999999999,0.9699999999999988,0.0002154761904761,0,0
2023-09-18,148.16,149.14,147.75,149.12,6512360,0.002081026495322,0.1480592430637409,0.1423168775001071,0.1650615365543388,147.98600000000002,146.86200000000002,15.689212467691773,14.0,0.0544,0.2100000000000008,0.000215873015873,0,0
2023-09-19,149.5,149.72,147.21,148.93,7945606,-0.0012749540395047,0.1425262931095794,0.1418181740775892,0.1646096394186997,148.504,146.8345,15.888129629430615,14.11,0.0545,0.1099999999999994,0.0002162698412698,0,0
2023-09-20,149.65,150.25,148.135,148.3,7334257,-0.0042391477538898,0.152435665583719,0.1200925513209334,0.1649577502909587,148.882,146.9305,15.808066669268326,15.14,0.0547,1.0300000000000011,0.0002170634920634,0,0
2023-09-21,147.58,148.855,146.63,147.14,8053410,-0.0078527346397682,0.0581987155966693,0.121443406314219,0.1659562569549961,148.46,146.919,15.901606162185017,17.54,0.0546,2.3999999999999986,0.0002166666666666,0,0
2023-09-22,147.29,147.51,145.19,145.73,7071975,-0.009628919958513,0.0756428663133354,0.1260884744745924,0.1670165065558592,147.844,146.844,15.771650348225494,17.2,0.0546,-0.3399999999999998,0.0002166666666666,0,0
2023-09-25,145.35,146.52,143.7,146.45,7044672,0.0049284787281372,0.0915306904389764,0.1275110675924919,0.1520329761490774,147.31,146.814,15.767782144388626,16.9,0.0545,-0.3000000000000007,0.0002162698412698,0,0
2023-09-26,144.6,145.84,144.23,144.93,7468405,-0.0104332060393173,0.0995319339491256,0.1316829949302606,0.1509363535011695,146.51,146.6825,15.826192013560537,18.94,0.0545,2.0400000000000027,0.0002162698412698,0,0
2023-09-27,145.19,146.09,144.5115,145.78,6717822,0.0058477687196417,0.128714073641316,0.1298723539823415,0.1505065579600057,146.006,146.5335,15.720274552822405,18.22,0.0549,-0.7200000000000024,0.0002178571428571,0,0
2023-09-28,146.28,148.87,146.01,147.59,8868063,0.0123395232396175,0.1608059192383604,0.1375913816117454,0.1499805946617134,146.096,146.505,15.997966953887962,17.34,0.0546,-0.879999999999999,0.0002166666666666,0,0
2023-09-29,148.6,148.76,144.86,145.02,11917826,-0.0175664952502378,0.1981792793707035,0.1446778411922967,0.1529977962602216,145.954,146.4395,16.29354582041742,17.52,0.0546,0.1799999999999997,0.0002166666666666,0,0
2023-10-02,144.83,145.6223,142.63,143.77,9170644,-0.0086568635089454,0.1961340664603743,0.1467610121958734,0.153214512967013,145.418,146.28699999999998,16.03151807077434,17.61,0.0549,0.0899999999999998,0.0002178571428571,0,0
2023-10-03,143.2,143.59,142.355,142.71,9431118,-0.0074002013222012,0.1906743466458418,0.143965957302118,0.1534779748902255,144.97400000000002,146.1625,16.059525205376495,19.78,0.0549,2.1700000000000017,0.0002178571428571,0,0
2023-10-04,143.19,143.47,141.93,143.35,8128748,0.0044745932170789,0.1868309468014645,0.1451590635074123,0.1502569039641489,144.488,146.082,15.91091747212518,18.58,0.0542,-1.2000000000000028,0.0002150793650793,0,0
2023-10-05,142.04,143.1,140.83,142.9,8576237,-0.003144107393557,0.1278920166230322,0.1424233530735684,0.1499275504734102,143.55,146.041,15.964505797172068,18.49,0.0538999999999999,-0.0899999999999998,0.0002138888888888,0,0
2023-10-06,142.91,145.88,142.14,145.1,10270621,0.0152780749543203,0.1573440039339916,0.1527841253500414,0.1530381936560586,143.56599999999997,146.10449999999997,16.144798047457382,17.45,0.0542999999999999,-1.0399999999999991,0.0002154761904761,0,0
2023-10-09,143.66,145.395,143.5005,144.77,6964907,-0.0022768837241898,0.1405734680322763,0.1523371141530666,0.1524874710488042,143.76600000000002,146.12,15.756394812630228,17.7,0.0542999999999999,0.25,0.0002154761904761,0,0
2023-10-10,145.42,146.77,145.28,145.65,11288769,0.0060602072394914,0.118281461005952,0.1465077653922012,0.1444923107943982,144.35399999999998,146.0855,16.239318895637304,17.03,0.0537,-0.6699999999999982,0.0002130952380952,0,0
2023-10-11,146.51,147.23,145.02,146.15,8698175,0.0034270081518113,0.1182941919628056,0.1470713349689636,0.1446568431382136,144.91400000000002,146.07250000000002,15.978623791505042,16.09,0.0538,-0.9400000000000012,0.000213492063492,0,0
2023-10-12,146.3,146.96,145.13,145.81,10484436,-0.002329087229061,0.1153551690427832,0.1282500112580927,0.1443585282480162,145.496,145.90050000000002,16.165402429741178,16.69,0.0542999999999999,0.6000000000000014,0.0002154761904761,0,0
2023-10-13,148.5,153.11,147.84,148.0,29487199,0.0149078694359211,0.1130890483975378,0.1400748045506478,0.1454968340937973,146.07600000000002,145.86,17.199466794930835,19.32,0.0541,2.629999999999999,0.0002146825396825,0,0
2023-10-16,149.45,149.52,146.72,147.85,12663461,-0.0010140274656288,0.1089836927383298,0.1398155654021097,0.1448014590024895,146.692,145.79649999999998,16.3542313180453,17.21,0.0542,-2.1099999999999994,0.0002150793650793,0,0
2023-10-17,147.57,149.31,146.79,147.53,11482739,-0.0021667013690105,0.1156335616532541,0.1399230312556701,0.1385157139260515,147.068,145.72650000000002,16.256355509248074,17.88,0.0548,0.6699999999999982,0.0002174603174603,0,0
2023-10-18,146.59,147.48,145.37,145.91,9620257,-0.0110415516535445,0.1495003871744219,0.1443648200579101,0.1393980083346787,147.02,145.607,16.07938153746176,19.22,0.0547,1.34,0.0002170634920634,0,0
2023-10-19,145.48,147.02,144.88,145.29,11143631,-0.0042582481926836,0.1517372080377834,0.1425928072919443,0.1387233885815559,146.916,145.5145,16.22637868190505,21.4,0.0544,2.18,0.000215873015873,0,0
2023-10-20,144.57,145.14,142.12,142.95,13332867,-0.0162368263149266,0.1029847513162537,0.1498658712553547,0.1406507197915137,145.906,145.37550000000002,16.40574274779846,21.71,0.0541,0.3100000000000023,0.0002146825396825,0,0
2023-10-23,142.94,143.68,140.73,141.0,10133410,-0.0137350283901524,0.0962174424670529,0.1546995736297378,0.1420612502312895,144.536,145.103,16.131348443469193,20.37,0.0542,-1.34,0.0002150793650793,0,0
2023-10-24,141.19,141.73,140.36,141.17,8881354,0.0012049475179399,0.113758056672922,0.1516676185878894,0.141110978524845,143.26399999999998,144.915,15.99946458082232,18.97,0.0541,-1.400000000000002,0.0002146825396825,0,0
2023-10-25,140.57,141.18,139.51,140.4,8242565,-0.0054693463043974,0.1137601300654038,0.1498892078603015,0.1411633353906058,142.16199999999998,144.64600000000002,15.92482213985386,20.19,0.0542999999999999,1.2200000000000024,0.0002154761904761,0,0
2023-10-26,139.76,141.665,139.43,140.76,9109431,0.0025608208616736,0.1350598749701556,0.1413617340868068,0.1400408317653168,141.256,144.30450000000002,16.024820808449064,20.68,0.0538999999999999,0.4899999999999984,0.0002138888888888,0,0
2023-10-27,138.95,139.1,135.19,135.69,17434717,-0.0366834402955228,0.2546000491971106,0.1797068188054265,0.1564209591280677,139.804,143.83800000000002,16.673974006242343,21.27,0.0538999999999999,0.5899999999999999,0.0002138888888888,0,0
2023-10-30,136.44,138.04,136.04,137.42,9855540,0.0126690574450683,0.298235972285763,0.1871061121888775,0.1594261780170049,139.088,143.5205,16.103544291588342,19.75,0.0541,-1.5199999999999996,0.0002146825396825,0,0
2023-10-31,137.71,139.24,137.4728,139.06,9672460,0.0118635650679419,0.3212420313776281,0.1925023269039955,0.1613923595931,138.666,143.33800000000002,16.08479323011274,18.14,0.0544,-1.6099999999999994,0.000215873015873,0,0
2023-11-01,139.25,140.53,138.47,138.94,9432048,-0.0008633094061369,0.3206859591869704,0.1913090454248568,0.1612296542332117,138.374,143.1175,16.05962381024492,16.87,0.0537,-1.2699999999999996,0.0002130952380952,0,0
2023-11-02,140.09,141.48,139.23,141.42,10186175,0.0176920009113597,0.351065350123351,0.2029657914403196,0.1643024305210234,138.506,143.0435,16.136541966722852,15.66,0.0538,-1.2100000000000009,0.000213492063492,0,0
2023-11-03,142.19,143.77,141.85,143.0,9538719,0.0111104440838126,0.1087682658116058,0.1991667553059556,0.1662893883668194,139.968,142.9385,16.07086975767898,14.91,0.0529,-0.75,0.0002099206349206,0,0
2023-11-06,143.17,144.19,142.79,144.08,7625063,0.0075240706077933,0.1084199038141896,0.2011847241220229,0.1666397222055121,141.3,142.904,15.846951142718698,14.89,0.0533,-0.0199999999999995,0.0002115079365079,0,0
2023-11-07,143.51,144.2612,142.82,144.01,6297915,-0.0004859592584094,0.1253383631820061,0.1998034611222437,0.1665105254704041,142.29000000000002,142.822,15.655729184203985,14.81,0.0533,-0.08,0.0002115079365079,0,0
2023-11-08,144.11,144.84,143.62,144.72,7618169,0.0049180994777483,0.1080256342655789,0.2002682721161265,0.1588609330543086,143.446,142.7505,15.84604661007496,14.45,0.0533999999999999,-0.3600000000000012,0.0002119047619047,0,0
2023-11-09,145.44,145.6499,143.7,144.29,7992477,-0.0029756777778753,0.0914000383401718,0.2003600859047346,0.1587601548656029,144.02,142.6745,15.894011282214151,15.29,0.0538999999999999,0.8399999999999999,0.0002138888888888,0,0
2023-11-10,144.94,146.48,144.0765,146.43,7983935,0.0147223352580015,0.1106306622326155,0.200171549938125,0.1605098733716999,144.706,142.596,15.892941955657731,14.17,0.0538,-1.1199999999999992,0.000213492063492,0,0
2023-11-13,145.7,146.25,145.16,145.78,6676364,-0.004448862613099,0.123551146769837,0.2006517174664537,0.1606490955853109,145.046,142.4925,15.714084085944368,14.76,0.0537,0.5899999999999999,0.0002130952380952,0,0
2023-11-14,146.68,149.25,146.52,148.44,9927723,0.0180822002383299,0.1612948729657294,0.2112870237884412,0.1648777141560622,145.932,142.53799999999998,16.11084170459096,14.16,0.0524,-0.5999999999999996,0.0002079365079365,0,0
2023-11-15,148.46,150.16,148.46,149.74,8365296,0.0087196206101424,0.1618567778073927,0.2088384607356691,0.1600012268790514,146.93599999999998,142.7295,15.939602277311977,14.18,0.0527,0.0199999999999995,0.0002091269841269,0,0
2023-11-16,150.09,151.525,150.09,151.45,8126188,0.011355080670707,0.1373339704517749,0.2106772604904089,0.1610609461663773,148.368,143.0375,15.910602490876265,14.32,0.0523,0.1400000000000005,0.0002075396825396,0,0
2023-11-17,152.2,152.86,151.54,152.82,7814064,0.0090052207461744,0.1299232886884399,0.2003774787218593,0.1619795469088031,149.64600000000002,143.531,15.87143574499105,13.8,0.0524,-0.5199999999999996,0.0002079365079365,0,0
2023-11-20,152.08,153.75,151.92,153.29,7020349,0.0030707939585953,0.0861439672495482,0.189996305302286,0.1620097619278139,151.148,144.1455,15.764323489865957,13.41,0.0525,-0.3900000000000005,0.0002083333333333,0,0
2023-11-21,153.2,153.63,152.57,152.97,7083506,-0.0020897284428419,0.0866316951601837,0.1910373009337589,0.1620039278609095,152.054,144.7355,15.773279540840075,13.35,0.0524,-0.0600000000000005,0.0002079365079365,0,0
2023-11-22,153.41,153.88,152.9,153.33,5175135,0.0023506377131239,0.085888231910173,0.1878792625429574,0.161294141947343,152.772,145.382,15.45937598373197,12.85,0.0526,-0.5,0.0002087301587301,0,0
2023-11-24,153.59,154.438,153.275,153.54,3496941,0.0013686579514544,0.0638546372591217,0.1880820034767441,0.1610237452547733,153.19,146.021,15.067399144298951,12.46,0.0527,-0.3899999999999988,0.0002091269841269,0,0
2023-11-27,153.43,153.53,152.71,153.19,6259116,-0.0022821383751476,0.0398716146428827,0.1133401989729114,0.1588467376831518,153.264,146.896,15.64954951904713,12.69,0.0524,0.2299999999999986,0.0002079365079365,0,0
2023-11-28,153.22,153.87,152.72,153.54,6582937,0.0022821383751477,0.0369324617339555,0.1112918714159022,0.1587880266044785,153.314,147.702,15.699991556299404,12.69,0.0521,0.0,0.000206746031746,0,0
2023-11-29,154.17,155.625,154.0,154.32,9126053,0.0050672491977211,0.0420385126037217,0.1087608746494421,0.1570857344409564,153.584,148.46499999999995,16.026643848035352,12.98,0.0512,0.2900000000000009,0.0002031746031746,0,0
2023-11-30,154.91,156.13,154.381,156.08,9869790,0.0113403277173822,0.0806991492750263,0.1083542423664497,0.1583944657975773,154.134,149.322,16.10498913458757,12.92,0.0516,-0.0600000000000005,0.0002047619047619,0,0
2023-12-01,155.82,157.86,155.82,156.84,8916001,0.0048574811092751,0.0785150264307627,0.0988588483407265,0.1572258509515373,154.794,150.09300000000002,16.003358085645807,12.63,0.0504999999999999,-0.2899999999999991,0.0002003968253968,0,0
2023-12-04,156.02,158.05,155.88,157.99,9607465,0.0073055624606267,0.0538775409198243,0.0967283923711778,0.1576738203900912,155.754,150.8425,16.07805095842725,13.08,0.051,0.4499999999999993,0.0002023809523809,0,0
2023-12-05,157.26,158.5,156.97,157.97,9135597,-0.0001265983037518,0.0661464095804359,0.0978696799383721,0.1576013813446803,156.64,151.537,16.027689098696595,12.85,0.0506,-0.2300000000000004,0.0002007936507936,0,0
2023-12-06,158.84,159.22,156.0,156.31,9282393,-0.010563926673626,0.1338429470133903,0.1105365191084499,0.1576721728208699,157.038,152.152,16.043629937899873,12.97,0.0507,0.120000000000001,0.0002011904761904,0,0
2023-12-07,156.69,157.31,156.15,156.79,8130874,0.0030661154649792,0.1105133037868276,0.1105497439498876,0.1577178826573094,157.18,152.7555,15.911178978820985,13.06,0.0504999999999999,0.0899999999999998,0.0002003968253968,0,0
2023-12-08,157.26,158.78,156.98,158.52,7369370,0.0109734379498752,0.1309279231781777,0.1099537426530659,0.1545583612117587,157.51600000000002,153.467,15.812842778829255,12.35,0.0513,-0.7100000000000009,0.0002035714285714,0,0
2023-12-11,158.52,159.3,158.15,159.1,8093908,0.0036521670215068,0.1242287895378783,0.1034006192811685,0.1544288171084957,157.738,154.10049999999998,15.906622237909067,12.63,0.0513999999999999,0.2800000000000011,0.0002039682539682,0,0
2023-12-12,159.23,160.645,158.88,160.52,10222978,0.0088856100549748,0.1333885033120963,0.0994524341033093,0.1552382626130498,158.248,154.8375,16.140148489726663,12.07,0.0513999999999999,-0.5600000000000005,0.0002039682539682,0,0
2023-12-13,160.52,162.03,159.77,161.06,12379098,0.0033584209686827,0.0584124421337546,0.0862611532738145,0.1552096193916037,159.198,155.4685,16.331519963115618,12.19,0.0494,0.1199999999999992,0.0001960317460317,0,0
2023-12-14,161.83,164.8399,161.705,163.99,13642990,0.0180284839879554,0.0958555185280149,0.0983796085245065,0.1584865430705323,160.638,156.18099999999998,16.428736394568123,12.48,0.049,0.2900000000000009,0.0001944444444444,0,0
2023-12-15,163.08,165.28,162.39,165.23,20309348,0.007532992307545,0.094448598376208,0.0957715599882198,0.1576699888808436,161.98,156.87,16.82659183062867,12.28,0.0495,-0.200000000000001,0.0001964285714285,0,0
2023-12-18,165.92,167.13,165.63,166.23,8469608,0.0060339288844684,0.0883977532778887,0.0944290524820493,0.1560233549194877,163.406,157.5405,15.951994784565503,12.56,0.0495,0.2800000000000011,0.0001964285714285,0,0
2023-12-19,166.0,168.47,165.55,168.45,9267002,0.0132665983051938,0.0940557092139706,0.0995979948206504,0.1575756524915556,164.992,158.2985,16.04197047638838,12.53,0.0493,-0.0300000000000011,0.0001956349206349,0,0
2023-12-20,167.99,169.41,166.45,166.55,10734709,-0.0113434052128731,0.1771549367285544,0.11255720982612,0.1579013081904969,166.09,158.97750000000002,16.18899288133561,13.67,0.0487999999999999,1.1400000000000006,0.0001936507936507,0,0
2023-12-21,166.84,168.09,165.675,167.5,7601678,0.0056877866254324,0.1464589964614142,0.1124325240275805,0.1578863703551613,166.792,159.686,15.843879570359835,13.65,0.0484,-0.0199999999999995,0.0001920634920634,0,0
2023-12-22,167.5,168.23,167.23,167.4,6576322,-0.0005971932097461,0.1463003531354933,0.1133528119935693,0.1565987593223036,167.226,160.37900000000002,15.6989861804561,13.03,0.0482,-0.620000000000001,0.0001912698412698,0,0
2023-12-26,167.46,168.765,167.18,168.39,4683605,0.0058965595668426,0.1461009010716561,0.1107207186423156,0.1513068043170867,167.658,161.139,15.35957867051101,12.99,0.0483,-0.0399999999999991,0.0001916666666666,0,0
2023-12-27,167.84,169.47,167.58,169.4,5678572,0.0059800645957364,0.1192136256629984,0.1104139637208302,0.1496656091658732,167.848,161.93200000000002,15.552210350638228,12.43,0.0479,-0.5600000000000005,0.0001900793650793,0,0
2023-12-28,169.35,170.66,168.995,170.3,6320129,0.0052988054506885,0.0450122269727735,0.1104212553356085,0.1482489040744439,168.598,162.731,15.659250177307136,12.47,0.0482,0.0400000000000009,0.0001912698412698,0,0
2023-12-29,170.0,170.69,169.63,170.1,6435102,-0.0011750882668266,0.0577262701205349,0.1097141880021973,0.1484520595724978,169.118,163.43200000000002,15.677278249702592,12.45,0.0479,-0.0200000000000013,0.0001900793650793,0,0
2024-01-02,169.09,172.17,168.91,172.08,9977424,0.0115729855576585,0.0718157377416489,0.1127146291356975,0.1489762645683617,170.054,164.19400000000002,16.115835498737454,13.2,0.048,0.75,0.0001904761904761,0,0
2024-01-03,171.86,172.04,170.37,171.33,9852335,-0.0043679636145933,0.0998686687182721,0.116598309799523,0.1475489691716007,170.642,164.86100000000002,16.10321904089254,14.04,0.0481,0.8399999999999999,0.000190873015873,0,0
2024-01-04,170.64,173.35,170.54,171.41,11972545,0.0004668261740842,0.0987740553087471,0.1163349068859104,0.1472550176096466,171.044,165.533,16.298126669805328,14.13,0.0484999999999999,0.0900000000000016,0.0001924603174603,0,0
2024-01-05,171.47,173.38,171.47,172.27,10038385,0.0050046659393121,0.0982431924962936,0.1026601317544282,0.147171532760432,171.43800000000002,166.331,16.121926802715347,13.35,0.0484,-0.7800000000000011,0.0001920634920634,0,0
2024-01-08,172.02,172.36,169.485,172.02,11229916,-0.0014522643349442,0.0988785695391579,0.1049355973059416,0.1474219013440837,171.82200000000003,167.0925,16.23409184672227,13.08,0.0482,-0.2699999999999996,0.0001912698412698,0,0
2024-01-09,171.62,171.79,170.095,170.66,9923630,-0.0079374760148947,0.0776570353361779,0.1110766254643276,0.1486843720869866,171.538,167.6995,16.110429339745302,12.76,0.0482,-0.3200000000000003,0.0001912698412698,0,0
2024-01-10,170.0,171.08,168.95,171.02,9670218,0.0021072356193704,0.0770206900739081,0.1112188188064703,0.1464646547045051,171.476,168.2955,16.084561411125726,12.69,0.0482,-0.0700000000000002,0.0001912698412698,0,0
2024-01-11,170.33,170.36,168.6401,170.3,11919498,-0.0042189210591666,0.080927860236053,0.1126958462613391,0.1469311443509247,171.25400000000002,168.7845,16.293686104620694,12.44,0.0475,-0.25,0.000188492063492,0,0
2024-01-12,173.8,176.31,168.9,169.05,19436504,-0.0073670585147475,0.0666076763486782,0.1184721159234259,0.1479975032930085,170.61,169.18400000000003,16.782663505433298,12.7,0.0465,0.2599999999999998,0.0001845238095238,0,0
2024-01-16,164.87,168.09,164.3,167.99,17206420,-0.0062900753317721,0.0648159158665687,0.1068597368081593,0.1464848334476319,169.804,169.384,16.660793127955014,13.84,0.047,1.1400000000000006,0.0001865079365079,0,0
2024-01-17,167.34,169.07,166.49,167.09,11107466,-0.0053718644160708,0.0591576062385937,0.1065417468243092,0.1467169561782607,169.09,169.477,16.223128052792692,14.79,0.048,0.9499999999999992,0.0001904761904761,0,0
2024-01-18,167.12,167.53,165.24,167.42,9382255,0.0019730358258581,0.0582529325052944,0.1047341515530444,0.1415288256002442,168.37,169.5365,16.054330697207,14.13,0.048,-0.6599999999999984,0.0001904761904761,0,0
2024-01-19,167.55,170.57,167.08,170.31,13115664,0.0171146806188343,0.1625684470520562,0.1116853053829743,0.1404064485736005,168.372,169.6295,16.389317799052208,13.3,0.0484,-0.8300000000000001,0.0001920634920634,0,0
2024-01-22,170.46,171.9803,169.71,170.11,12837505,-0.0011750192292529,0.1503462174781509,0.1028039087636044,0.1406316370233476,168.584,169.8075,16.36788152270281,13.19,0.0483,-0.1100000000000012,0.0001916666666666,0,0
2024-01-23,169.67,169.75,168.44,168.99,8360829,-0.0066057450467592,0.151356913338128,0.1047040711758183,0.1409466077671599,168.78400000000002,169.882,15.939068142824016,12.55,0.0481,-0.6399999999999988,0.000190873015873,0,0
2024-01-24,169.36,171.01,168.8627,170.5,9620140,0.0088957551488392,0.1462106558648623,0.1087957666196696,0.1414422561560788,169.466,170.03699999999998,16.07936937555055,13.14,0.0483,0.5899999999999999,0.0001916666666666,0,0
2024-01-25,172.31,172.99,170.905,172.94,8873481,0.0142094168087127,0.160425220442934,0.1174953763011792,0.1163934249449177,170.57,170.2645,15.9985777237475,13.45,0.0475999999999999,0.3099999999999987,0.0001888888888888,0,0
2024-01-26,172.61,173.06,171.78,172.28,7442955,-0.0038236533463743,0.1406989653054714,0.1175062224900948,0.1160799370481852,170.964,170.4085,15.822778505374558,13.26,0.0478,-0.1899999999999995,0.0001896825396825,0,0
2024-01-29,172.24,172.84,171.3,172.73,6971192,0.0026086215192832,0.1373352608961746,0.1165372226060922,0.1148663076354125,171.488,170.53000000000003,15.757296786766046,13.6,0.0475999999999999,0.3399999999999998,0.0001888888888888,0,0
2024-01-30,172.83,176.7603,172.83,176.27,10822075,0.020287228726669,0.1502329024677708,0.1353239536659614,0.1194329308370669,172.94400000000002,170.8385,16.197098587487915,13.31,0.048,-0.2899999999999991,0.0001904761904761,0,0
2024-01-31,176.2,178.3,174.34,174.36,11521820,-0.0108947830616702,0.2028844499670676,0.1372496748605925,0.1197692254088386,173.71599999999998,170.9525,16.25975318686464,14.35,0.0473,1.0399999999999991,0.0001876984126984,0,0
2024-02-01,173.64,174.84,171.43,173.73,9354798,-0.0036197574643838,0.187937241403321,0.1369115524599903,0.1195703393090597,173.874,171.0725,16.05139992472604,13.88,0.0467999999999999,-0.4699999999999988,0.0001857142857142,0,0
2024-02-02,173.3,175.8162,173.26,174.73,8607839,0.0057395554451388,0.184997319850409,0.1380691299411555,0.1193532574146918,174.36399999999998,171.2385,15.968183857677191,13.85,0.0481,-0.0300000000000011,0.000190873015873,0,0
2024-02-05,173.86,175.09,172.92,174.5,7820160,-0.001317183708465,0.1873696702657814,0.1374345081114603,0.1194754282240643,174.71800000000002,171.35,15.87221557267024,13.67,0.0487,-0.1799999999999997,0.0001932539682539,0,0
2024-02-06,174.61,175.87,173.76,175.1,6765684,0.0034324976493241,0.1033027448595628,0.1375404916003117,0.1194229987638413,174.48399999999998,171.50400000000002,15.72737392312334,13.06,0.0482,-0.6099999999999994,0.0001912698412698,0,0
2024-02-07,175.69,175.87,173.96,175.43,7225478,0.0018828636492873,0.0591958484516862,0.1335428068431339,0.1187673436584601,174.69799999999998,171.7425,15.7931239489439,12.83,0.0483,-0.2300000000000004,0.0001916666666666,0,0
2024-02-08,175.0,175.3058,173.57,174.8,6060285,-0.0035976397196582,0.0590819388713242,0.1346605094173514,0.1171366688325858,174.912,171.9315,15.617267386642606,12.79,0.0483,-0.0400000000000009,0.0001916666666666,0,0
2024-02-09,175.0,175.1,173.6731,175.01,6296729,0.0012006519266309,0.0441456930456143,0.1331911196957956,0.1161804769773372,174.96800000000002,172.167,15.655540850178266,12.93,0.0486,0.1400000000000005,0.0001928571428571,0,0
2024-02-12,174.78,176.808,173.7,175.79,8539316,0.0044469856637336,0.0493374051528144,0.129469251953365,0.1119256914883156,175.226,172.504,15.960191468880268,13.93,0.0487,1.0,0.0001932539682539,0,0
2024-02-13,175.32,176.2299,172.615,174.26,8397631,-0.0087416640086589,0.0830561499219865,0.131811202054768,0.1137000783875581,175.058,172.81750000000002,15.943460200227824,15.85,0.0499,1.92,0.0001980158730158,0,0
2024-02-14,175.07,176.1,174.42,176.03,7056664,0.0101059982547401,0.1151248313312585,0.132041376451449,0.1133140279112604,175.178,173.2645,15.769482976549622,14.38,0.0494,-1.4699999999999989,0.0001960317460317,0,0
2024-02-15,176.15,180.21,176.15,179.87,8723390,0.0215799326819984,0.1778297824666313,0.1481536240721251,0.1191731932233442,176.19199999999998,173.887,15.981518481804892,14.01,0.0493,-0.370000000000001,0.0001956349206349,0,0
2024-02-16,179.61,179.98,178.16,179.03,8152647,-0.0046809781766977,0.1916115094385921,0.1418226580409943,0.120129717175142,176.996,174.323,15.9138532177618,14.24,0.0498,0.2300000000000004,0.000197619047619,0,0
2024-02-20,179.19,180.46,178.405,179.73,9667959,0.0039023352007615,0.1916675393216311,0.1412231373914776,0.1197604382265279,177.784,174.804,16.084327780002145,15.42,0.0496999999999999,1.1799999999999995,0.0001972222222222,0,0
2024-02-21,179.95,180.99,178.52,180.9,7027857,0.0064886676373062,0.1521337378197216,0.1373118699208143,0.120010808047452,179.112,175.39950000000002,15.76539238089942,15.34,0.0498,-0.08,0.000197619047619,0,0
2024-02-22,181.82,183.42,181.24,183.07,9296459,0.0119242009616737,0.1546385273142175,0.1393240197146053,0.1214309361190588,180.52,176.028,16.045144132930602,14.54,0.0501999999999999,-0.8000000000000007,0.0001992063492063,0,0
2024-02-23,183.81,185.2,183.19,183.99,7105833,0.0050128149430787,0.0952403589554518,0.1337090087133841,0.1210126793007439,181.344,176.5805,15.776426554020414,13.75,0.05,-0.7899999999999991,0.0001984126984126,0,0
2024-02-26,183.75,184.46,182.48,183.36,7145391,-0.0034299747796272,0.0877371196305879,0.1334458025981594,0.1217322454324186,182.21,177.1345,15.78197809143175,13.74,0.0503,-0.0099999999999997,0.0001996031746031,0,0
2024-02-27,183.31,183.54,182.24,183.45,5717065,0.000490717274916,0.0930673029088096,0.1337640965448979,0.1217548926502141,182.954,177.6705,15.558966119780916,13.43,0.0503,-0.3100000000000005,0.0001996031746031,0,0
2024-02-28,183.43,185.2,182.96,184.38,6131608,0.0050566945691573,0.0912874396246873,0.1176253565059169,0.1205655941548241,183.65,178.076,15.628967589989788,13.84,0.05,0.4100000000000001,0.0001984126984126,0,0
2024-02-29,185.66,186.43,183.85,186.06,9643012,0.0090703569699642,0.076331227568293,0.1090740596212961,0.1211836277178282,184.248,178.661,16.081744065917757,13.4,0.0501,-0.4399999999999995,0.0001988095238095,0,0
2024-03-01,185.7,186.44,185.1,185.29,6311996,-0.0041470370460894,0.0894942647158494,0.1095294589944368,0.121656064222977,184.508,179.239,15.657962507794084,13.11,0.0494,-0.2900000000000009,0.0001960317460317,0,0
2024-03-04,184.71,187.59,184.27,186.68,7063605,0.0074737557872917,0.0857577419648524,0.1102291031898392,0.1219102919647174,185.172,179.8365,15.770466102375208,13.49,0.0498,0.3800000000000008,0.000197619047619,0,0
2024-03-05,186.36,189.3,186.36,188.55,6617832,0.0099673026227513,0.0904500675473861,0.111222934359726,0.1195477447157595,186.192,180.539,15.705278381828698,14.46,0.0494,0.9700000000000006,0.0001960317460317,0,0
2024-03-06,189.25,190.07,187.63,189.53,7572891,0.0051840996338426,0.0904166456998838,0.1113049055324473,0.1196220374939437,187.222,181.2605,15.840085454753236,14.5,0.0495,0.0399999999999991,0.0001964285714285,0,0
2024-03-07,189.91,190.5,186.63,187.87,7618277,-0.0087970890590012,0.1274717180565101,0.1200594326041539,0.1209612514858799,187.584,181.8825,15.846060786609304,14.44,0.0493,-0.0600000000000005,0.0001956349206349,0,0
2024-03-08,188.44,190.455,187.92,188.22,6172199,0.0018612571514341,0.1160308978578711,0.1173573990438811,0.1209650154250094,188.17,182.5535,15.635565734330378,14.74,0.0492,0.3000000000000007,0.000195238095238,0,0
2024-03-11,187.28,188.44,186.22,188.29,5728082,0.0003718360776951,0.1101148076609801,0.117627929074532,0.1203929865501994,188.492,183.2175,15.56089130316261,15.22,0.0495,0.4800000000000004,0.0001964285714285,0,0
2024-03-12,188.95,190.16,187.91,189.84,5503976,0.0081982846191711,0.102196572738261,0.118710778444591,0.1209204404358913,188.75,183.92,15.520981298120692,13.84,0.05,-1.3800000000000008,0.0001984126984126,0,0
2024-03-13,190.36,191.73,189.84,191.38,7719367,0.0080793682236086,0.1107263569715651,0.1097333241909176,0.1172098215263235,189.12,184.776,15.859242923820547,13.75,0.0501,-0.0899999999999998,0.0001988095238095,0,0
2024-03-14,191.03,191.63,187.103,187.97,10243134,-0.0179786047226126,0.1700989249467678,0.1339459397028607,0.1240605587372501,189.14,185.373,16.142118185437955,14.4,0.0504,0.6500000000000004,0.0002,0,0
2024-03-15,186.48,190.94,186.48,190.3,17214229,0.0123193986735998,0.1917248364458682,0.1205282672504139,0.1255609074348808,189.556,185.8945,16.661246867228435,14.41,0.0504999999999999,0.0099999999999997,0.0002003968253968,0,0
2024-03-18,190.63,192.7,189.89,192.66,9013843,0.0123252030273736,0.2030004931641016,0.1216062112519161,0.1252226083580594,190.43,186.576,16.01427206473026,14.33,0.0506,-0.08,0.0002007936507936,0,0
2024-03-19,192.71,193.93,192.38,193.79,8478717,0.0058481212086804,0.2010440486108366,0.121851693870551,0.1221780234418963,191.22,187.279,15.953069699151705,13.82,0.0506,-0.5099999999999998,0.0002007936507936,0,0
2024-03-20,194.19,196.56,193.61,196.33,9367043,0.0130218183724997,0.2100389821799201,0.1259264630907819,0.1239013686870607,192.21,188.0505,16.052708022764698,13.04,0.0501,-0.7800000000000011,0.0001988095238095,0,0
2024-03-21,196.52,199.43,196.33,199.06,11203796,0.0138093699072597,0.050785418296878,0.1276474954268044,0.1257935521981841,194.428,188.85,16.231763207413437,12.92,0.0501,-0.1199999999999992,0.0001988095238095,0,0
2024-03-22,199.01,200.48,196.54,196.62,8108840,-0.0123333548791392,0.174801387884743,0.140374701658705,0.1294261732702235,195.692,189.4815,15.908465382569126,13.06,0.0498,0.1400000000000005,0.000197619047619,0,0
2024-03-25,196.6,196.94,194.36,194.82,8620015,-0.0091968765959687,0.1954403957012706,0.1454531102903756,0.1314464261231693,196.124,190.0545,15.969597382777572,13.19,0.05,0.129999999999999,0.0001984126984126,0,0
2024-03-26,194.59,196.66,194.0554,195.73,5961484,0.0046601031716228,0.1942329967247211,0.1452400289967816,0.1313913223826576,196.512,190.6685,15.60083000133644,13.24,0.05,0.0500000000000007,0.0001984126984126,0,0
2024-03-27,196.5,199.6,196.38,199.52,8725757,0.0191783234172939,0.2195281940822063,0.155846076715228,0.1356317532919428,197.15,191.4255,15.981789784466796,12.78,0.0499,-0.4600000000000008,0.0001980158730158,0,0
2024-03-28,199.49,200.72,198.54,200.3,8628313,0.0039017607400463,0.1998123647586593,0.1546673918360132,0.1343837120907994,197.398,192.1375,15.970559563070085,13.01,0.0503,0.2300000000000004,0.0001996031746031,0,0
2024-04-01,199.99,200.94,198.565,198.94,6215356,-0.0068129709475047,0.178936641039064,0.1567341077206399,0.1350117835229776,197.862,192.82,15.642533562058793,13.65,0.0506,0.6400000000000006,0.0002007936507936,0,0
2024-04-02,198.39,199.78,198.08,198.86,6680105,-0.0004022121723402,0.1520707377245313,0.1566150186293426,0.1350791413712361,198.67,193.42900000000003,15.714644263952168,14.61,0.0504999999999999,0.9599999999999992,0.0002003968253968,0,0
2024-04-03,199.04,199.56,197.7,198.3,9282109,-0.0028200240261772,0.1594437944782842,0.1558191507531323,0.1354048883930519,199.18400000000003,193.9165,16.04359934187311,14.33,0.0503,-0.2799999999999993,0.0001996031746031,0,0
2024-04-04,199.15,199.68,195.55,195.65,9198521,-0.0134536868693288,0.1047071373382807,0.1653474048226747,0.1390278961676452,198.41,194.22250000000005,16.03455326822629,16.35,0.05,2.0200000000000014,0.0001984126984126,0,0
2024-04-05,196.16,198.1224,195.11,197.45,6498212,0.0091580390762367,0.1324184166986709,0.1626502793475256,0.1381440778627245,197.84,194.7015,15.687037620102192,16.03,0.0504999999999999,-0.3200000000000003,0.0002003968253968,0,0
2024-04-08,197.62,198.98,197.62,198.48,7976207,0.0052029516508871,0.1372444171457632,0.1629121556108789,0.1382588008222638,197.748,195.2145,15.891973543145616,15.19,0.0507,-0.8400000000000016,0.0002011904761904,0,0
2024-04-09,198.07,198.88,194.91,197.15,6425927,-0.0067234790599092,0.1442273506253083,0.166145119642148,0.1388711733751005,197.406,195.6575,15.67585145849382,14.98,0.0503,-0.209999999999999,0.0001996031746031,0,0
2024-04-10,195.55,197.07,194.18,195.47,7681377,-0.0085579453587056,0.1524826030834816,0.1688781581495093,0.1392513089303938,196.84,195.939,15.854309385927092,15.8,0.0519,0.8200000000000003,0.0002059523809523,0,0
2024-04-11,196.0,196.57,193.24,195.43,10137699,-0.000204655922945,0.1201577310724675,0.1671233536155869,0.1381798401246466,196.796,196.1415,16.131771607299452,14.91,0.0516999999999999,-0.8900000000000006,0.0002051587301587,0,0
2024-04-12,188.32,188.93,182.54,182.79,31532308,-0.0668643061134728,0.4645868226365457,0.2875995889005241,0.1977918055698812,193.864,195.8825,17.26652322896911,17.31,0.0513,2.3999999999999986,0.0002035714285714,0,0
2024-04-15,184.5,187.46,182.195,182.89,14766592,0.0005469262879715,0.4525807176223431,0.283154270756046,0.1977987311653292,190.746,195.512,16.507877889901064,19.23,0.0516,1.9200000000000017,0.0002047619047619,0,0
2024-04-16,182.9,183.16,179.65,180.8,16451801,-0.0114934312584081,0.4474191876120625,0.2797903688743609,0.1968227223827059,187.476,194.919,16.615945512465473,18.4,0.0518,-0.8300000000000018,0.0002055555555555,0,0
2024-04-17,181.37,182.4199,179.2,180.08,9017093,-0.0039902513595993,0.4541753256618218,0.2777534335848012,0.1970398083440847,184.398,194.2335,16.01463255628047,18.21,0.0516,-0.1899999999999977,0.0002047619047619,0,0
2024-04-18,181.1,183.36,179.97,181.25,9557720,0.0064760971363072,0.4713369273858438,0.2734754046048008,0.1967210694783908,181.562,193.4795,16.072859762859583,18.0,0.0518,-0.2100000000000008,0.0002055555555555,0,0
2024-04-19,182.4,185.88,181.41,185.8,13402313,0.024793532644954,0.2176062605937238,0.2854766959108053,0.2020154592818194,182.164,192.8165,16.41093786196571,18.71,0.0516999999999999,0.7100000000000009,0.0002051587301587,0,0
2024-04-22,185.99,190.125,185.98,189.41,11529668,0.019243151288912,0.2419979414800693,0.294307021447801,0.2036322314407536,183.468,192.456,16.26043409738141,16.94,0.0516,-1.7699999999999996,0.0002047619047619,0,0
2024-04-23,191.13,192.225,190.52,192.14,9144372,0.0143102953129421,0.1788152694275123,0.298344102695976,0.204987903881175,185.736,192.322,16.028649166043976,15.69,0.0513999999999999,-1.2500000000000018,0.0002039682539682,0,0
2024-04-24,190.53,193.23,190.17,193.08,6964905,0.0048803378106997,0.1337249513703674,0.2983975289040892,0.2050781578550652,188.336,192.1895,15.756394525476315,15.97,0.0516999999999999,0.2800000000000011,0.0002051587301587,0,0
2024-04-25,192.25,193.935,191.18,193.37,9802265,0.0015008412702082,0.154302749921574,0.2892504579207287,0.2014486044544131,190.76,191.882,16.0981240393851,15.37,0.0521,-0.6000000000000014,0.000206746031746,0,0
2024-04-26,193.57,194.87,193.06,193.49,6413655,0.0006203794853369,0.131048083165462,0.2886617659646688,0.1997873290008195,192.298,191.5415,15.673939869201114,15.03,0.0521,-0.3399999999999998,0.000206746031746,0,0
2024-04-29,193.48,194.26,192.43,193.28,5411129,-0.0010859168013872,0.0974057116865843,0.2880392657060437,0.1995646190295392,193.072,191.2585,15.50396831666596,14.67,0.052,-0.3599999999999994,0.0002063492063492,0,0
2024-04-30,192.81,194.99,191.64,191.74,8153681,-0.0079996270975995,0.0756165575191339,0.288936176855224,0.2003841781922206,192.992,190.9025,15.913980039692694,15.65,0.0525,0.9800000000000004,0.0002083333333333,0,0
2024-05-01,192.27,194.46,190.79,191.86,7446703,0.000625651740951,0.0615668660695283,0.2890373410718387,0.2003050557144388,192.748,190.5805,15.82328194206587,15.39,0.0521,-0.2599999999999998,0.000206746031746,0,0
2024-05-02,193.07,193.5,189.52,191.66,6501657,-0.0010429704741854,0.0568263291820192,0.2856530421739247,0.2003383232501748,192.406,190.381,15.687567625455422,14.68,0.0516,-0.7100000000000009,0.0002047619047619,0,0
2024-05-03,192.0,192.529,188.46,190.51,8922775,-0.0060182822882725,0.0586986681951796,0.2835457553340051,0.2009283753511206,191.81,190.034,16.004117554829747,13.49,0.0512,-1.1899999999999995,0.0002031746031746,0,0
2024-05-06,191.73,192.2,189.815,192.0,7911134,0.0077906854004379,0.0983572043981197,0.2845391375900264,0.2010801559860433,191.554,189.71,15.883781692300229,13.49,0.0512,0.0,0.0002031746031746,0,0
2024-05-07,191.7,192.93,191.65,191.75,7688771,-0.001302931780416,0.0794085724238831,0.2839095356556425,0.2011649318458198,191.556,189.44,15.855271510764194,13.23,0.0513,-0.2599999999999998,0.0002035714285714,0,0
2024-05-08,191.0,196.65,191.0,195.65,9227561,0.020134908409056,0.1643193132216449,0.2924401910034905,0.2046775845078635,192.314,189.449,16.037705324539054,13.0,0.0513,-0.2300000000000004,0.0002035714285714,0,0
2024-05-09,195.17,197.59,195.1,197.5,7977291,0.009411235684755,0.1611889179947228,0.2943168150300126,0.2040704163954594,193.482,189.5525,15.892109438107546,12.69,0.0512,-0.3100000000000005,0.0002031746031746,0,0
2024-05-10,198.54,199.3399,198.27,198.77,7529790,0.0064097930613311,0.1222363838899083,0.1525955071622356,0.2035900402630541,195.134,190.3515,15.834377710940972,12.55,0.0516999999999999,-0.1399999999999988,0.0002051587301587,0,0
2024-05-13,198.8,199.85,198.04,198.73,7049241,-0.0002012578623146,0.1373454346319174,0.1528553397383588,0.1995068930195695,196.48,191.1435,15.768430509418277,13.6,0.0516,1.049999999999999,0.0002047619047619,0,0
2024-05-14,199.0,201.58,198.16,201.51,8596175,0.0138918884066897,0.1217120558902163,0.1447353559360511,0.2006127152460707,198.432,192.179,15.9668278948435,13.42,0.0516,-0.1799999999999997,0.0002047619047619,0,0
2024-05-15,202.01,202.69,199.77,202.11,8369975,0.0029730956937953,0.0871181179615171,0.1407858286507102,0.200583550630217,199.724,193.2805,15.940161455603372,12.45,0.051,-0.9700000000000006,0.0002023809523809,0,0
2024-05-16,202.22,204.48,201.9901,202.47,8497927,0.0017796237827466,0.0878783886113294,0.1414590692492155,0.2003610760864366,200.718,194.3415,15.955332809363467,12.42,0.0513,-0.0299999999999993,0.0002035714285714,0,0
2024-05-17,203.81,205.05,202.8149,204.79,9260490,0.011393336424796,0.0993882293341572,0.1242088994868318,0.2002503034489471,201.922,195.291,16.041267520989113,11.99,0.0513999999999999,-0.4299999999999997,0.0002039682539682,0,0
2024-05-20,204.39,205.88,195.4,195.58,17373253,-0.0460155609640918,0.3889395384868233,0.2102357356305985,0.222858639142025,201.292,195.5995,16.670442397597377,12.15,0.0515,0.1600000000000001,0.000204365079365,0,0
2024-05-21,197.0,199.9,196.6,199.52,14420799,0.0199449790475972,0.4076186993217923,0.2156350391211534,0.2259925150484337,200.894,195.9685,16.484182097439998,11.86,0.0513999999999999,-0.2900000000000009,0.0002039682539682,0,0
2024-05-22,199.0,200.935,197.69,198.31,9425338,-0.0060830190339878,0.405745045167291,0.217121372993882,0.2265074173695502,200.134,196.23,16.058912152724286,12.29,0.0516,0.4299999999999997,0.0002047619047619,0,0
2024-05-23,197.81,198.3,196.07,196.92,8069445,-0.0070339080077387,0.4029294351573401,0.2191398123817806,0.2270052559747761,199.024,196.4075,15.903595264646944,12.77,0.052,0.4800000000000004,0.0002063492063492,0,0
2024-05-24,197.75,200.76,197.56,200.71,7356233,0.0190635252814019,0.4262635015036661,0.2284001864592609,0.2294155431379098,198.208,196.7685,15.811058539027986,11.93,0.0521,-0.8399999999999999,0.000206746031746,0,0
2024-05-28,199.86,200.41,198.66,199.5,6910206,-0.0060468438414836,0.2252699499381801,0.2299145353361269,0.2296398316622364,198.992,197.0795,15.748510007166349,12.92,0.0521,0.9900000000000002,0.000206746031746,0,0
2024-05-29,198.0,198.99,196.89,198.11,6120045,-0.0069918043436828,0.1819150711976957,0.2293845941806683,0.2298737912575811,198.71,197.398,15.627080007402652,14.28,0.0521999999999999,1.3599999999999994,0.0002071428571428,0,0
2024-05-30,198.56,199.85,198.4,199.33,6829719,0.006139310748439,0.1828621157754185,0.2298974636736863,0.2293686119516699,198.914,197.7715,15.73679408868012,14.47,0.0519,0.1900000000000012,0.0002059523809523,0,0
2024-05-31,199.3,203.3,198.35,202.63,14417885,0.0164199131425634,0.1932459993289391,0.235217872275701,0.2314061706635099,200.056,198.32,16.483980007773916,12.92,0.0518,-1.5500000000000007,0.0002055555555555,0,0
2024-06-03,202.31,202.42,199.19,201.82,6444309,-0.004005444840855,0.1592828270478903,0.2343257812067674,0.2307370153725166,200.278,198.8855,15.67870797371223,13.11,0.0513999999999999,0.1899999999999995,0.0002039682539682,0,0
2024-06-04,200.16,201.98,198.28,199.16,6848338,-0.0132676892624007,0.185752650158415,0.2403226788670021,0.2326254989455499,200.21,199.2435,15.73951655306231,13.16,0.0511,0.0500000000000007,0.0002027777777777,0,0
2024-06-05,199.76,199.82,196.92,197.26,8351597,-0.0095858662481345,0.1923979657431139,0.2435322095552556,0.233622653482515,200.04,199.519,15.937963336024689,12.63,0.0508,-0.5299999999999994,0.0002015873015873,0,0
2024-06-06,197.26,198.02,195.33,196.91,7640289,-0.0017758839687686,0.1821924338810528,0.2334043961319671,0.2331629181778232,199.556,199.582,15.848945987652405,12.58,0.0508,-0.0500000000000007,0.0002015873015873,0,0
2024-06-07,197.43,200.92,197.01,199.95,6964498,0.0153205637357485,0.1750489707665057,0.2373658139940563,0.2346214858364059,199.02,199.7045,15.75633608793953,12.22,0.0516999999999999,-0.3599999999999994,0.0002051587301587,0,0
2024-06-10,199.24,200.84,198.44,199.61,6071201,-0.0017018724700359,0.1746994642622909,0.2364847292298022,0.2314274423946149,198.578,199.7465,15.61906700178391,12.74,0.0516,0.5199999999999996,0.0002047619047619,0,0
2024-06-11,197.91,197.94,193.6,194.36,9235302,-0.026653353285089,0.2412746201393923,0.2550109504567967,0.2370019980217109,197.618,199.528,16.03854387275919,12.85,0.0516999999999999,0.1099999999999994,0.0002051587301587,0,0
2024-06-12,196.0,196.72,191.31,191.53,12751329,-0.0146676552231325,0.2500572978113687,0.2528661600578136,0.237632642104945,196.472,199.029,16.361146059430705,12.04,0.0513,-0.8100000000000005,0.0002035714285714,0,0
2024-06-13,192.32,194.58,190.88,193.66,8587786,0.0110595898688153,0.2783788396825516,0.2568029478183551,0.2384283020699387,195.822,198.6065,15.96585151917942,11.94,0.0507,-0.0999999999999996,0.0002011904761904,0,0
2024-06-14,191.45,194.86,191.42,193.78,6874029,0.000619450773473,0.2320406608411924,0.2566013020718007,0.2368824686319157,194.588,198.172,15.743260955178478,12.66,0.0507,0.7200000000000006,0.0002011904761904,0,0
2024-06-17,193.48,195.58,192.64,194.98,8725445,0.0061734942442673,0.2479928629264903,0.2535868153839467,0.2354638285296599,193.662,197.6815,15.981754027617493,12.75,0.0511,0.0899999999999998,0.0002027777777777,0,0
2024-06-18,194.6,197.96,194.13,197.0,9022971,0.0103067395368631,0.1675822011899625,0.19797635168834,0.2351116871104088,194.19,197.7525,16.01528421696283,12.3,0.0509,-0.4499999999999993,0.0002019841269841,0,0
2024-06-20,196.39,199.45,196.11,198.67,8731062,0.0084414280419836,0.0665852734471161,0.1867785936792365,0.2349331758784359,195.618,197.71,15.982397569901622,13.28,0.051,0.9799999999999986,0.0002023809523809,0,0
2024-06-21,196.71,197.17,194.22,196.3,20972495,-0.0120010554975566,0.1427252101618935,0.1903915937044553,0.2360988343069627,196.146,197.6095,16.85872237529512,13.2,0.051,-0.08,0.0002023809523809,0,0
2024-06-24,197.81,199.23,197.1,198.88,9785929,0.0130575264799855,0.1577798059502152,0.1945710214665867,0.2343070267625729,197.166,197.7075,16.096456095542266,13.33,0.051,0.1300000000000007,0.0002023809523809,0,0
2024-06-25,198.09,200.07,197.74,198.07,6915909,-0.0040811241932283,0.1700908723409968,0.1822292707795154,0.2343026043808511,197.784,197.5755,15.749334967804016,12.84,0.051,-0.4900000000000002,0.0002023809523809,0,0
2024-06-26,197.45,197.94,196.275,197.43,7758582,-0.0032364124330352,0.1611010691610186,0.1813989759487919,0.2339850099355327,197.87,197.472,15.86431014350312,12.55,0.0513,-0.2899999999999991,0.0002035714285714,0,0
2024-06-27,197.44,199.86,196.9,199.17,7913453,0.00877464026304,0.1621581116901251,0.1825696080791756,0.2346936529855129,197.97,197.525,15.884074780520043,12.24,0.051,-0.3100000000000005,0.0002023809523809,0,0
2024-06-28,200.01,202.6,199.3018,202.26,15307616,0.0153952670748467,0.1447797561827641,0.1893488606469722,0.2367104074366716,199.162,197.6715,16.54386104029018,12.44,0.0509,0.1999999999999993,0.0002019841269841,0,0
2024-07-01,202.84,207.09,202.66,205.45,10205836,0.0156486968553943,0.1536543168773063,0.1885192309769573,0.2369861643829009,200.476,197.8125,16.138470271497916,12.22,0.051,-0.2199999999999988,0.0002023809523809,0,0
2024-07-02,205.29,208.86,204.77,208.83,7802936,0.0163178285192662,0.1318525139900281,0.1954785364211509,0.2385121456888754,202.628,198.163,15.87001063109166,12.03,0.0507,-0.1900000000000012,0.0002011904761904,0,0
2024-07-03,209.55,210.38,207.65,208.69,5560925,-0.0006706265819457,0.1151094517906197,0.1876363033389691,0.2383668252962054,204.88,198.6395,15.5312750192958,12.09,0.0504,0.0600000000000005,0.0002,0,0
2024-07-05,206.99,207.37,204.52,204.79,8093096,-0.0188648334185182,0.2445960086651272,0.1980578346927387,0.2412921823949291,206.004,199.016,15.906521910510536,12.48,0.0498,0.3900000000000005,0.000197619047619,0,0
2024-07-08,205.04,206.9,203.97,205.17,8706967,0.0018538399298934,0.2286852119820255,0.1975894018915784,0.2405404430154301,206.586,199.429,15.979634067749592,12.37,0.0499,-0.1100000000000012,0.0001980158730158,0,0
2024-07-09,205.63,209.76,205.45,207.63,9060258,0.0119187457437674,0.216763341377506,0.1949109902242795,0.2416034294930651,207.022,199.813,16.019408154434895,12.51,0.0501999999999999,0.1400000000000005,0.0001992063492063,0,0
2024-07-10,206.14,207.97,205.58,207.8,8328493,0.0008184291432453,0.1770568522586933,0.1945008040459083,0.1958818054273203,206.816,200.2225,15.935193085411465,12.85,0.0501,0.3399999999999998,0.0001988095238095,0,0
2024-07-11,206.21,208.1,205.38,207.45,10666937,-0.0016857318862502,0.1770885547912525,0.1634047594952974,0.1960126262856035,206.568,200.877,16.182659515524744,12.92,0.0491,0.0700000000000002,0.0001948412698412,0,0
2024-07-12,204.0,207.45,202.1,204.94,15443441,-0.0121730934073049,0.1368069756622543,0.1599790446924345,0.1962187881412293,206.598,201.5475,16.552694940425003,12.46,0.0487,-0.4599999999999991,0.0001932539682539,0,0
2024-07-15,207.19,211.61,206.72,210.05,10719670,0.0246283442438192,0.2230629098017478,0.1751453453719761,0.201135706897804,207.574,202.367,16.187590929551018,13.12,0.0484999999999999,0.6599999999999984,0.0001924603174603,0,0
2024-07-16,210.0,213.74,208.08,213.62,11557018,0.0168531380461582,0.2355239172264551,0.1803162197203305,0.2031119714724467,208.772,203.359,16.262803429453985,13.19,0.0484999999999999,0.0700000000000002,0.0001924603174603,0,0
2024-07-17,213.8,217.56,213.27,216.87,11572470,0.015099360018766,0.2387208818472602,0.1839171898696753,0.1995564770498026,210.586,204.4535,16.264139559531642,14.48,0.0484999999999999,1.290000000000001,0.0001924603174603,0,0
2024-07-18,215.63,216.635,209.235,209.98,12415125,-0.0322858075935203,0.3789773662840682,0.2259412231860371,0.2088988331863576,211.092,205.1025,16.334426045339285,15.93,0.0486,1.4499999999999993,0.0001928571428571,0,0
2024-07-19,211.2,212.35,208.92,209.78,8095898,-0.0009529255533373,0.3596272359541188,0.2255058727659742,0.207305049938144,212.06,205.658,15.906868071615788,16.52,0.0487,0.5899999999999999,0.0001932539682539,0,0
2024-07-22,210.46,212.17,209.71,210.28,7663223,0.0023806134177895,0.3135695683181686,0.2187298353057208,0.2071923626955857,212.106,206.357,15.85194321040345,14.91,0.0487999999999999,-1.6099999999999994,0.0001936507936507,0,0
2024-07-23,211.02,211.475,209.3527,210.33,5557262,0.0002377499357386,0.2782362006138402,0.2159696479748925,0.2072064861919193,211.448,206.9295,15.530616098892226,14.72,0.0484999999999999,-0.1899999999999995,0.0001924603174603,0,0
2024-07-24,209.55,212.03,208.07,208.59,7118957,-0.0083071231079498,0.2265865159094169,0.2182639557756042,0.208155750621069,209.792,207.4555,15.778271783893588,18.04,0.0482,3.3199999999999985,0.0001912698412698,0,0
2024-07-25,208.65,210.19,208.05,208.67,6403774,0.000383453966257,0.0654302037342632,0.2173592304980573,0.2081070253934951,209.53000000000003,208.0175,15.672398062032547,18.46,0.0483,0.4200000000000017,0.0001916666666666,0,0
2024-07-26,209.24,213.16,208.62,212.24,8027787,0.0169636530841908,0.1453755869504601,0.222249117977595,0.2096369456602617,210.022,208.671,15.898419456408863,16.39,0.0479,-2.0700000000000003,0.0001900793650793,0,0
2024-07-29,212.65,213.61,210.545,210.85,6533636,-0.0065707296369153,0.1584841841878962,0.2198988033624684,0.2103111264222626,210.136,209.1005,15.692474160990209,16.6,0.0479,0.2100000000000008,0.0001900793650793,0,0
2024-07-30,213.23,215.79,212.96,215.19,8850705,0.0203743786138839,0.2116203987680537,0.2243609029351734,0.2137257912102407,211.108,209.5875,15.996007674828292,17.69,0.0478,1.09,0.0001896825396825,0,0
2024-07-31,214.78,216.39,212.67,212.8,9071637,-0.0111686013389633,0.2232447327365648,0.2228187357444303,0.2148017996829543,211.95,209.786,16.020663290921608,16.36,0.0473,-1.3300000000000018,0.0001876984126984,0,0
2024-08-01,213.2,213.83,206.38,207.96,10918644,-0.0230070039519742,0.2967505511309783,0.2385157361091162,0.2203611875064998,211.808,209.7495,16.205982344746403,18.59,0.0462,2.2300000000000004,0.0001833333333333,0,0
2024-08-02,203.88,204.67,196.89,199.14,18041676,-0.0433376585555768,0.3704852457311174,0.276710959737409,0.2385913547726555,209.188,209.467,16.7081949729397,23.39,0.0433,4.800000000000001,0.0001718253968253,0,0
2024-08-05,194.05,196.1699,190.9,194.9,13926997,-0.021521488446423,0.3699996215030015,0.2853713444375902,0.2393183783217047,205.998,208.9535,16.449339744626286,38.57,0.0434,15.18,0.0001722222222222,0,0
2024-08-06,195.4,202.6,194.0,200.34,10605780,0.027529316670103,0.4147657449425117,0.3008420979040955,0.2451907340215729,203.028,208.589,16.1769096934884,27.71,0.0446,-10.86,0.0001769841269841,0,0
2024-08-07,203.51,205.75,200.2,200.4,9204434,0.0002994460270916,0.4280016303205972,0.3007881184875922,0.2448533400446126,200.548,208.219,16.035195882437268,27.85,0.0445,0.1400000000000005,0.0001765873015873,0,0
2024-08-08,202.47,204.91,201.79,204.06,7761199,0.0180986990364493,0.4597555405767666,0.3089858263403617,0.2476024019165608,199.768,208.0495,15.864647390533191,23.79,0.0448,-4.060000000000002,0.0001777777777777,0,0
2024-08-09,203.47,206.47,202.9,205.8,5540240,0.0084907551527901,0.2974452728009631,0.3076222151208129,0.246594554787391,201.1,208.0925,15.527548379084765,20.37,0.045,-3.419999999999998,0.0001785714285714,0,0
2024-08-12,206.41,207.14,203.66,206.19,6935954,0.0018932504016742,0.1822108800248206,0.2939687466485995,0.246555440933808,203.358,207.8995,15.752229165355931,20.71,0.0447,0.3399999999999998,0.0001773809523809,0,0
2024-08-13,207.73,208.09,205.4,207.94,6387942,0.0084515027482005,0.1115427931969943,0.2886942708304709,0.247101167262566,204.878,207.61550000000005,15.669922708751711,18.12,0.044,-2.59,0.0001746031746031,0,0
2024-08-14,207.74,210.755,207.12,210.24,6999809,0.0110001587464216,0.0926080366135274,0.2859505773023083,0.2470280589785288,206.846,207.284,15.76139342093304,16.19,0.0441999999999999,-1.93,0.0001753968253968,0,0
2024-08-15,213.0,213.89,211.1,211.55,7001005,0.0062116418698307,0.0543058480028526,0.2627866226238102,0.2274955960078963,208.344,207.3625,15.761564268142768,15.23,0.0452,-0.9600000000000009,0.000179365079365,0,0
2024-08-16,211.69,214.09,211.585,213.97,7931234,0.011374441112783,0.0619175615721559,0.2655902036565243,0.2251628385583341,209.978,207.57200000000003,15.886319193106315,14.8,0.0449,-0.4299999999999997,0.0001781746031746,0,0
2024-08-19,214.0,215.53,213.82,215.45,6090818,0.0068930457829873,0.0371655167511247,0.2663856469434658,0.2249489640600069,211.83,207.8305,15.622292949221158,14.65,0.0448,-0.1500000000000003,0.0001777777777777,0,0
2024-08-20,215.0,216.0,213.68,214.52,5640223,-0.0043258899471224,0.1007395024164921,0.2670991687672935,0.2245844182162413,213.146,208.04,15.545434161699689,15.88,0.0443,1.2300000000000004,0.0001757936507936,0,0
2024-08-21,214.43,215.0,212.84,214.6,5202472,0.0003728560818736,0.0972320788009999,0.2648612720506696,0.2215614139437964,214.01800000000003,208.3405,15.464644455207573,16.27,0.0436,0.3899999999999988,0.0001730158730158,0,0
2024-08-22,214.58,216.8,214.335,216.63,5247098,0.0094149989346018,0.1040262335956059,0.2663284976722363,0.2216925201040088,215.034,208.7385,15.47318571983386,17.55,0.0443,1.2800000000000011,0.0001757936507936,0,0
2024-08-23,217.6,219.19,216.5,218.31,7213981,0.0077252418959048,0.091895674654673,0.261357688194146,0.2213722070903991,215.902,209.042,15.79153150667448,15.86,0.0436,-1.6900000000000013,0.0001730158730158,0,0
2024-08-26,219.01,219.68,218.05,219.17,5105245,0.0039316133665227,0.0883928942601496,0.2597581467408531,0.2212258157913588,216.646,209.458,15.44577900059386,16.15,0.0438,0.2899999999999991,0.0001738095238095,0,0
2024-08-27,219.51,220.42,219.19,220.18,5185221,0.0045977092486295,0.0557958917705736,0.2507861001454694,0.2191559699329579,217.778,209.7075,15.461323021688251,15.43,0.0434,-0.7199999999999989,0.0001722222222222,0,0
2024-08-28,219.25,222.21,219.19,221.29,6506402,0.0050286648655174,0.0369992751507342,0.2467958552267685,0.2189889814899442,219.116,210.132,15.688297173224305,17.11,0.0436,1.6799999999999995,0.0001730158730158,0,0
2024-08-29,222.15,222.98,218.94,222.21,6416149,0.004148822185533,0.0243587364426814,0.2285124214183818,0.2168590932992846,220.23200000000003,210.8445,15.674328651450852,15.65,0.0438,-1.459999999999999,0.0001738095238095,0,0
2024-08-30,222.5,225.48,221.93,224.8,8574128,0.0115882373262285,0.0512822767356729,0.1491974732467221,0.2164414423827444,221.53000000000003,212.1275,15.964259854883302,15.0,0.0438,-0.6500000000000004,0.0001738095238095,0,0
2024-09-03,222.3,224.1,219.24,220.3,8956089,-0.0202208642112385,0.1946684168112367,0.1460466113830508,0.2211307808107776,221.756,213.3975,16.007844194123493,20.72,0.0435,5.719999999999999,0.000172619047619,0,0
2024-09-04,221.04,222.07,217.21,219.33,7345660,-0.0044128088349631,0.1947704863738062,0.1266866766765411,0.2196977249720049,221.586,214.34700000000004,15.809620220598822,21.32,0.0423,0.6000000000000014,0.0001678571428571,0,0
2024-09-05,220.15,220.8,216.03,217.63,8067874,-0.0077810718473585,0.1919391863671557,0.1333364902697736,0.2204331114968531,220.854,215.2085,15.903400560680945,19.9,0.0421,-1.4200000000000017,0.0001670634920634,0,0
2024-09-06,217.6,218.74,211.09,212.46,7776998,-0.0240426377741083,0.224301367674371,0.1566309018340382,0.2190726865125691,218.904,215.6285,15.866680960508472,22.38,0.0409999999999999,2.4800000000000004,0.0001626984126984,0,0
2024-09-09,215.19,218.15,214.175,216.81,8935074,0.020267658611132,0.2767574309782275,0.1682355331073008,0.2197696238108904,217.306,216.17900000000003,16.005494988578302,19.45,0.0412,-2.93,0.000163492063492,0,0
2024-09-10,218.6,218.64,200.61,205.56,28406903,-0.0532834318389705,0.4310149972375779,0.2602045794325986,0.2464623498867222,214.358,216.1475,17.162142736976598,19.08,0.0407,-0.370000000000001,0.0001615079365079,0,0
2024-09-11,205.25,207.7,201.831,207.23,13658743,0.0080913254253673,0.4566435722408006,0.2600497043406723,0.2468891882032043,211.938,216.112,16.429890387374968,17.69,0.0412,-1.389999999999997,0.000163492063492,0,0
2024-09-12,207.65,208.78,204.89,206.6,9055756,-0.003044730863858,0.4601995359166705,0.256806129365357,0.2468058050980434,209.73200000000003,215.93,16.01891113559922,17.07,0.0409,-0.620000000000001,0.0001623015873015,0,0
2024-09-13,206.86,207.8482,203.02,204.32,10226694,-0.011097164401309,0.4449503960362734,0.2578203423981955,0.2472431121833777,208.104,215.56850000000003,16.140511918542625,16.56,0.04,-0.5100000000000016,0.0001587301587301,0,0
2024-09-16,205.83,208.21,205.59,207.86,8634936,0.0171773838760465,0.4330452222071841,0.2625150242374249,0.2490667758274758,206.314,215.263,15.971326857838866,17.14,0.0395999999999999,0.5800000000000018,0.0001571428571428,0,0
2024-09-17,207.73,209.93,207.66,209.25,7573345,0.0066649332093089,0.1728174761723469,0.2624201187072352,0.2479190519781612,207.052,214.953,15.840145403640886,17.61,0.0399,0.4699999999999988,0.0001583333333333,0,0
2024-09-18,209.01,211.3361,206.7,207.53,8259876,-0.0082538018360157,0.1843781545747874,0.2633577943851315,0.2473622987847145,207.112,214.6035,15.92692013327794,18.23,0.0395,0.620000000000001,0.000156746031746,0,1
2024-09-19,209.78,211.91,207.34,210.48,11635168,0.0141147291984682,0.2040267211889169,0.2692143945140935,0.2486645040559957,207.888,214.3975,16.269542793806377,16.33,0.0393,-1.900000000000002,0.0001559523809523,1,1
2024-09-20,209.93,211.415,209.5,211.09,20884974,0.0028939460859418,0.1592788020047083,0.2668631303098484,0.2485344105241729,209.242,214.1205,16.85454051100002,16.15,0.0392,-0.1799999999999997,0.0001555555555555,0,1
2024-09-23,211.0,211.8,209.99,211.44,7223491,0.0016566874780546,0.1291043496719132,0.265005393723254,0.2480250177295707,209.958,213.777,15.792848912017384,15.89,0.0391,-0.259999999999998,0.0001551587301587,0,0
2024-09-24,211.15,212.95,210.37,211.59,7323239,0.0007091695921638,0.1265585506138229,0.2643595406511129,0.2462029067319945,210.426,213.398,15.80656327440808,15.39,0.0388,-0.5,0.0001539682539682,0,0
2024-09-25,211.68,212.24,208.61,210.19,8976520,-0.0066385563163089,0.1183895243613873,0.2637837105318076,0.2446750999692243,210.958,212.8985,16.01012283733042,15.41,0.0389,0.0199999999999995,0.000154365079365,0,0
2024-09-26,211.13,211.7,209.01,209.78,7807480,-0.0019525210384308,0.0600749717380457,0.262363788986502,0.2424468215718778,210.818,212.323,15.87059280649664,15.37,0.0395999999999999,-0.0400000000000009,0.0001571428571428,0,0
2024-09-27,210.65,212.44,209.33,210.5,7032450,0.0034262905889782,0.0621456920996378,0.2621271281371438,0.2425383258703825,210.7,211.7375,15.766045709473737,16.96,0.039,1.5900000000000016,0.0001547619047619,0,0
2024-09-30,206.31,210.96,205.26,210.86,8668314,0.0017087530263676,0.0622636676707576,0.2572822971656988,0.2392944757737503,210.584,211.0405,15.975184866178394,16.73,0.0398,-0.2300000000000004,0.0001579365079365,0,0
2024-10-01,208.9,209.09,206.19,207.04,8540064,-0.0182823948362679,0.1379978232303986,0.2556684365564574,0.2423420499259253,209.674,210.3775,15.96027905988187,19.26,0.0395999999999999,2.530000000000001,0.0001571428571428,0,0
2024-10-02,207.08,208.95,205.69,207.29,5810931,0.0012067676988842,0.14099973019487,0.2560647184939076,0.2411116098480485,209.094,209.7755,15.575251356954738,18.9,0.0397,-0.360000000000003,0.0001575396825396,0,0
2024-10-03,206.17,206.49,204.34,205.23,7251325,-0.0099874775704035,0.149326579015858,0.256750206861206,0.2419652111991917,208.18400000000003,209.1555,15.796694768753223,20.49,0.0401999999999999,1.59,0.0001595238095238,0,0
2024-10-04,209.3,211.67,206.91,211.22,10213415,0.028768942877312,0.2821570393725753,0.2673776303995107,0.2491144664485486,208.32800000000003,209.0935,16.139212610220138,19.21,0.042,-1.2799999999999976,0.0001666666666666,0,0
2024-10-07,211.03,213.33,209.69,210.93,6718898,-0.0013739194391486,0.2822996423971509,0.2561035120953035,0.2477845137505445,208.342,208.7995,15.720434710956576,22.64,0.0424,3.43,0.0001682539682539,0,0
2024-10-08,210.58,211.33,208.38,210.75,6021772,-0.0008537279972147,0.2338982139891039,0.1674274428736683,0.2426270007579945,209.084,209.05900000000003,15.610892126131375,21.42,0.0421,-1.2199999999999989,0.0001670634920634,0,0
2024-10-09,209.7,214.24,209.38,213.42,7023998,0.0125894583064539,0.240571690577682,0.170597703042876,0.2415210316436666,210.31,209.3685,15.764843129559008,20.86,0.0424,-0.5600000000000023,0.0001682539682539,0,0
2024-10-10,214.81,214.81,211.47,212.84,7927051,-0.0027213454602502,0.2146054632449394,0.1704879806430398,0.2395104705936836,211.832,209.6805,15.885791645506178,20.93,0.0421999999999999,0.0700000000000002,0.0001674603174603,0,0
2024-10-11,215.67,224.6299,215.16,222.29,18320650,0.0434421259746496,0.3108576400979061,0.2198596611198143,0.2465111684571884,214.046,210.579,16.72353939693019,20.46,0.0418,-0.4699999999999988,0.000165873015873,0,0
2024-10-14,223.2,223.7,218.88,221.48,9048925,-0.0036505437480519,0.3165730052150439,0.2159687318562499,0.2466620359895317,216.156,211.26,16.01815652409028,19.7,0.0418,-0.7600000000000016,0.000165873015873,0,0
2024-10-15,223.66,225.45,221.82,222.39,9235825,0.0041003053819717,0.307943965513885,0.2156103806011255,0.2467311585234022,218.484,211.917,16.03860050168065,20.64,0.0418,0.9400000000000012,0.000165873015873,0,0
2024-10-16,222.33,223.68,221.04,223.64,6382515,0.0056050188217064,0.3093074247742654,0.2115516997252393,0.2469116645485718,220.528,212.7225,15.669072778271277,19.58,0.0417,-1.0600000000000025,0.0001654761904761,0,0
2024-10-17,224.27,225.85,223.31,224.42,6470186,0.0034816800782755,0.2969370604044273,0.2079709326358157,0.2461900049416039,222.844,213.41950000000003,15.682715414131872,19.11,0.0421,-0.4699999999999988,0.0001670634920634,0,0
2024-10-18,225.0,225.92,223.1,225.37,7000543,0.004224199793854,0.0581373457488442,0.2079980260123286,0.2462601385932886,223.46,214.1335,15.761498275439653,18.03,0.0419,-1.0799999999999983,0.0001662698412698,0,0
2024-10-21,225.22,225.7,222.9,223.0,5869959,-0.0105717245704555,0.1066668785323347,0.2137091043715223,0.2452349015074565,223.764,214.7115,15.585358207112083,18.37,0.0424,0.3399999999999998,0.0001682539682539,0,0
2024-10-22,223.02,225.28,221.1,224.12,9586793,0.005009851236965,0.1083174006557503,0.2137332497034775,0.2448915407997512,224.11,215.338,16.075896980087215,18.2,0.0424,-0.1700000000000017,0.0001682539682539,0,0
2024-10-23,223.66,224.7999,222.53,223.41,6180528,-0.0031729743064199,0.1055033756624902,0.2120342308940815,0.2416753624448949,224.064,215.999,15.636914262677552,19.24,0.0426999999999999,1.0399999999999991,0.0001694444444444,0,0
2024-10-24,221.83,225.06,221.66,224.98,6002202,0.0070028609740159,0.1157232668140555,0.2116144935583036,0.2407554197138342,224.176,216.759,15.6076369598643,19.08,0.0425,-0.1600000000000001,0.0001686507936507,0,0
2024-10-25,225.0,225.62,220.875,222.31,6369720,-0.0119387051507795,0.1377343227537944,0.2185964499211453,0.2370963780819757,223.564,217.34950000000003,15.667066070538295,20.33,0.0429,1.25,0.000170238095238,0,0
2024-10-28,223.35,225.64,222.95,225.5,6842956,0.0142473547288329,0.1597083038989794,0.2223193203372858,0.2197194276188147,224.064,218.0815,15.738730359985569,19.8,0.0428,-0.5299999999999976,0.0001698412698412,0,0
2024-10-29,225.21,226.75,222.81,222.9,6580004,-0.0115969185509098,0.1832727844765073,0.2148292761398344,0.2160788851533941,223.82,218.8745,15.699545911204051,19.34,0.0429,-0.4600000000000008,0.000170238095238,0,0
2024-10-30,222.54,226.31,221.58,224.41,7110941,0.0067514955436619,0.1896060090519656,0.2148806017370963,0.2097955375016658,224.02,219.7305,15.777145141826594,20.35,0.0428,1.0100000000000016,0.0001698412698412,0,0
2024-10-31,224.7,225.69,221.82,221.92,7829932,-0.0111577793689637,0.196449663675867,0.2159262715663788,0.2114740165472298,223.408,220.565,15.87346438338266,23.16,0.0426999999999999,2.8099999999999987,0.0001694444444444,0,0
2024-11-01,223.56,226.15,222.7,222.94,6923452,0.0045857203949559,0.1822082286275589,0.1950531278129549,0.2087947216533594,223.534,221.151,15.750425047143215,21.88,0.0428,-1.2800000000000011,0.0001698412698412,0,0
2024-11-04,222.65,223.76,219.17,219.78,8229588,-0.0142756309426994,0.1582208528660436,0.2038070754734694,0.2107312912646725,222.39,221.5935,15.92324651064683,21.98,0.0425,0.1000000000000014,0.0001686507936507,0,0
2024-11-05,220.03,221.96,220.0,221.49,5600686,0.0077503957204058,0.1677966277646657,0.2044657186697386,0.2111674312441788,222.108,222.1305,15.538399648202866,20.49,0.0426999999999999,-1.490000000000002,0.0001694444444444,0,0
2024-11-06,235.0,248.0,234.77,247.06,23987753,0.1092537803694838,0.8131933271305736,0.4306381630764104,0.3058080090764613,226.638,223.8125,16.99305396640245,16.27,0.0431,-4.219999999999999,0.0001710317460317,0,0
2024-11-07,244.5,244.57,235.22,236.38,16451071,-0.0441905425245731,0.9180202918054768,0.4670775215038006,0.3201252590314829,229.53,224.9895,16.615901139439305,15.2,0.0428,-1.0700000000000005,0.0001698412698412,0,1
2024-11-08,239.34,239.34,235.78,236.98,9502100,0.0025350698044994,0.9192661940772076,0.4447447268553212,0.3200050151031255,232.338,225.724,16.067023384773815,14.94,0.0432,-0.2599999999999998,0.0001714285714285,1,1
2024-11-11,240.0,242.1,239.0,239.29,9017079,0.0097004561026307,0.8910646598107336,0.4445422341225709,0.3198114767288427,236.24,226.6145,16.014631003672456,14.97,0.0432,0.0300000000000011,0.0001714285714285,0,1
2024-11-12,240.55,241.46,238.76,239.56,6860956,0.0011277019050372,0.896623331955925,0.4446467755210901,0.3196424666418357,239.854,227.473,15.741357348593144,14.71,0.0438,-0.2599999999999998,0.0001738095238095,0,0
2024-11-13,240.58,244.09,240.31,241.16,11472557,0.006656706224943,0.3533700093961584,0.4447216188740006,0.3195405988066979,238.674,228.349,16.255468393641486,14.02,0.0431,-0.6900000000000013,0.0001710317460317,0,0
2024-11-14,242.415,244.29,241.05,241.87,10172202,0.0029397781145508,0.0557427505244183,0.4447304570321816,0.3195297551157292,239.772,229.2215,16.13516926376189,14.31,0.0436,0.2900000000000009,0.0001730158730158,0,0
2024-11-15,241.46,246.42,241.46,245.31,11518836,0.0141223251062399,0.0828924741065791,0.4462574425356655,0.3201417708759508,241.438,230.2185,16.2594941664603,16.14,0.0434,1.83,0.0001722222222222,0,0
2024-11-18,247.76,247.93,242.68,245.03,9052575,-0.0011420648139411,0.0947795751220381,0.4433524781806854,0.3199887340852839,242.586,231.32,16.018559805591757,15.58,0.0433,-0.5600000000000005,0.0001718253968253,0,0
2024-11-19,242.25,245.1509,241.55,243.09,6792660,-0.0079489068873108,0.1314062201961537,0.4456168868429161,0.320596162774201,243.292,232.26850000000005,15.731353175397192,16.35,0.0434,0.7700000000000014,0.0001722222222222,0,0
2024-11-20,244.4,244.61,238.64,240.78,9015290,-0.0095480916338632,0.1512750829659142,0.4475601422201081,0.3213648547697056,243.216,233.137,16.014432582710032,17.16,0.0437,0.8099999999999987,0.0001734126984126,0,0
2024-11-21,243.23,245.49,242.105,244.76,8783516,0.0163944850874593,0.1937175437903314,0.4497036360484441,0.3227405220833524,243.794,234.12600000000003,15.98838734103123,16.87,0.0438999999999999,-0.2899999999999991,0.0001742063492063,0,0
2024-11-22,243.61,249.15,243.0347,248.55,7997307,0.0153658939463419,0.1986077213735954,0.4471335518439703,0.3239235356795272,244.442,235.438,15.894615417973196,15.24,0.0441999999999999,-1.6300000000000008,0.0001753968253968,0,0
2024-11-25,249.59,254.31,249.06,250.29,10295350,0.0069762130414111,0.1972666295412546,0.4460073559009326,0.3234699386748262,245.494,236.67749999999995,16.147202894952102,14.6,0.0437,-0.6400000000000006,0.0001734126984126,0,0
2024-11-26,250.49,251.0,248.34,249.97,6212142,-0.0012793349204223,0.1758018132723786,0.4423377110155573,0.3202782818422798,246.87,238.031,15.642016321972068,14.1,0.0437,-0.5,0.0001734126984126,0,0
2024-11-27,249.35,251.19,248.771,249.79,5472265,-0.0007203457971165,0.1341825235330513,0.4429038302549724,0.3200466026548242,248.67200000000005,239.3,15.515203165474482,14.1,0.0434,0.0,0.0001722222222222,0,0
2024-11-29,249.86,251.77,249.45,249.72,5494825,-0.0002802746710104,0.1140631746242075,0.4391917299197097,0.3194192928077005,249.664,240.69,15.51931729817897,13.51,0.043,-0.5899999999999999,0.0001706349206349,0,0
2024-12-02,249.55,250.25,245.03,246.25,8899741,-0.013993010141345,0.1202225723717663,0.4448446842240503,0.3165312974417398,249.204,241.8555,16.001532733155326,13.34,0.043,-0.1699999999999999,0.0001706349206349,0,0
2024-12-03,248.23,249.04,244.63,244.82,6657694,-0.0058240334048318,0.0919839640684822,0.4409893782382317,0.314773314957777,248.11,243.1075,15.711283736313254,13.3,0.0426999999999999,-0.0399999999999991,0.0001694444444444,0,0
2024-12-04,244.7,245.345,242.23,243.4,7346265,-0.0058170660939395,0.0877695346256091,0.4426547487453636,0.2934601398784114,246.796,244.20300000000003,15.809702578765004,13.45,0.0423,0.1499999999999985,0.0001678571428571,0,0
2024-12-05,245.39,247.18,244.62,245.48,6572536,0.0085092969674692,0.1317348002128048,0.2108620510139336,0.2934934792017398,245.93400000000003,244.124,15.698410312938991,13.54,0.0423,0.0899999999999998,0.0001678571428571,0,0
2024-12-06,245.7,247.74,244.84,247.36,5519738,0.0076292878781609,0.1539383543520538,0.1341440573839306,0.29339718875393,245.462,244.67299999999997,15.523840953358722,12.77,0.0419,-0.7699999999999996,0.0001662698412698,0,0
2024-12-09,247.13,247.8699,243.76,243.81,7076466,-0.014455531965834,0.1562453340566149,0.1466718400628418,0.2941661688575364,244.974,245.0145,15.772285188509429,14.19,0.042,1.42,0.0001666666666666,0,0
2024-12-10,243.89,247.96,242.22,242.86,9108339,-0.0039040878075501,0.1538547194021805,0.144418445984662,0.2929800160197966,244.582,245.193,16.02470092549947,14.18,0.0421999999999999,-0.0099999999999997,0.0001674603174603,0,0
2024-12-11,244.0,244.27,242.18,243.53,7884442,0.0027549925934911,0.1510898424690019,0.1445917339985456,0.2928575030024085,244.608,245.3915,15.880402008595508,13.58,0.0421,-0.5999999999999996,0.0001670634920634,0,0
2024-12-12,243.0,244.1,241.04,241.53,6113771,-0.0082464492391649,0.1387033623907994,0.1462825896126161,0.2928563471565373,243.81800000000004,245.41,15.626054325710196,13.92,0.0421999999999999,0.3399999999999998,0.0001674603174603,0,0
2024-12-13,242.07,242.715,239.1437,239.94,10392749,-0.0066047968932171,0.0997411617431724,0.1477211887024531,0.2924332842275822,242.334,245.3135,16.15661890940814,13.81,0.0424,-0.1099999999999994,0.0001682539682539,0,0
2024-12-16,240.61,240.67,237.52,239.58,9032044,-0.001501501783597,0.0689448891930484,0.1373985138002764,0.2925263863336905,241.488,245.02700000000004,16.01628925636753,14.69,0.0424,0.879999999999999,0.0001682539682539,0,0
2024-12-17,238.65,239.02,236.63,238.36,8083635,-0.0051052544244068,0.0699086304603802,0.1381017176111151,0.2928991538285842,240.588,244.6935,15.905352205570926,15.87,0.0425,1.1799999999999995,0.0001686507936507,0,0
2024-12-18,239.0,239.07,229.53,230.37,11322358,-0.0340954238682163,0.2077691548024025,0.1795605916145725,0.3020937244106,237.956,244.0575,16.242289912933995,27.62,0.043,11.750000000000002,0.0001706349206349,0,1
2024-12-19,232.27,236.36,232.27,232.96,11790773,0.0111800529977592,0.2630576547393772,0.1840741648491589,0.3022712803459775,236.242,243.6665,16.282827834401647,24.09,0.0428,-3.530000000000001,0.0001698412698412,1,1
2024-12-20,231.92,239.21,231.5877,237.6,32348414,0.0197218224801686,0.3258676051982006,0.1887207245533187,0.3044044801612272,235.774,243.3085,17.29207555143424,18.36,0.0426999999999999,-5.73,0.0001694444444444,0,1
2024-12-23,236.07,238.62,234.88,238.39,8611528,0.0033194005142089,0.3280847326123671,0.1790516067084311,0.3044025330340021,235.536,242.8005,15.968612328718716,16.78,0.0426,-1.5799999999999983,0.0001690476190476,0,0
2024-12-24,239.43,242.4922,239.07,242.31,3729092,0.0163099101196159,0.3459264824102671,0.1881517011530008,0.3057953499220393,236.326,242.40150000000003,15.13167533035032,14.27,0.0424,-2.5100000000000016,0.0001682539682539,0,0
2024-12-26,241.43,243.26,240.79,243.14,4452168,0.0034195110053331,0.1178710180184479,0.1890019474671724,0.3027705995362145,238.88,242.06,15.30890172651465,14.73,0.0423,0.4600000000000008,0.0001678571428571,0,0
2024-12-27,242.72,243.39,240.04,241.17,5730607,-0.0081353301196687,0.1781798646266928,0.1904829192023719,0.303568872262295,240.522,241.629,15.56133201676272,15.95,0.042,1.2199999999999989,0.0001666666666666,0,0
2024-12-30,238.77,240.84,237.11,239.32,5723765,-0.0077005104861481,0.1594974701372445,0.1915386198301307,0.3032022753681731,240.866,241.109,15.560137363609542,17.4,0.0417,1.4499999999999993,0.0001654761904761,0,0
2024-12-31,240.05,241.4393,239.03,239.71,4870971,0.0016282908634877,0.1586936369138914,0.1866674779663236,0.2982436034157977,241.13,240.782,15.398803859168,17.35,0.0416,-0.0499999999999971,0.0001650793650793,0,0
