date,open,high,low,close,volume,log_return,vol_5,vol_20,vol_60,ma_5,ma_20,log_volume,vix,rf_rate,vix_change,rf_daily
2018-03-29,108.5,110.78,107.78,109.97,13274639,0.01807637419862344,0.3864133050936053,0.27127126764607296,0.2550769746278467,108.69200000000001,113.39550000000001,16.40136593074888,19.97,0.0209,-2.900000000000002,8.293650793650792e-05
2018-04-02,109.96,110.73,106.08,107.85,18822525,-0.019466228487677747,0.3551599995231835,0.27859408582683826,0.258268326989527,108.85999999999999,113.122,16.750564848903167,23.62,0.0208,3.650000000000002,8.253968253968253e-05
2018-04-03,108.36,109.5,107.26,109.33,14050737,0.013629458611228109,0.2819443013221027,0.27729317313021873,0.2591285130218975,108.66399999999999,112.8355,16.4581854078843,21.1,0.0209,-2.5199999999999996,8.293650793650792e-05
2018-04-04,107.1,111.21,107.02,110.99,15302608,0.015069275717494716,0.24955559408644032,0.28411567947509375,0.260574883675753,109.228,112.62700000000002,16.54353382935277,20.06,0.0207,-1.0400000000000027,8.214285714285714e-05
2018-04-05,111.63,112.83,111.39,111.88,16627035,0.00798676116987086,0.24246543521858382,0.28611994679696406,0.2610306511918165,110.00399999999999,112.4845,16.626540543030224,18.94,0.0207,-1.1199999999999974,8.214285714285714e-05
2018-04-06,110.55,111.55,107.82,109.09,18906018,-0.025253638724093547,0.30539389427180696,0.2984154082287019,0.26611786197573145,109.828,112.202,16.754990842045718,21.49,0.0206,2.549999999999997,8.174603174603175e-05
2018-04-09,110.01,112.98,109.89,110.4,15974349,0.011936904233329538,0.2688901864265029,0.2810689606699123,0.2662998827746792,110.338,111.82000000000001,16.58649480622381,21.77,0.0208,0.28000000000000114,8.253968253968253e-05
2018-04-10,112.13,112.87,111.42,112.51,14003640,0.01893197273998561,0.2823162580409555,0.2919870457045668,0.26890341828117603,110.974,111.5625,16.45482785378539,20.47,0.0209,-1.3000000000000007,8.293650793650792e-05
2018-04-11,111.66,111.81,110.52,110.62,14503294,-0.016941202016448605,0.30609597285877876,0.2946683197602264,0.26903804599452835,110.9,111.28100000000002,16.48988635400485,20.24,0.0209,-0.23000000000000043,8.293650793650792e-05
2018-04-12,111.56,114.39,111.5,113.37,16435523,0.02455590146297539,0.3544004693465289,0.30766353728442486,0.27371549538912243,111.19800000000001,111.202,16.61495558690453,18.49,0.021099999999999997,-1.75,8.373015873015872e-05
2018-04-13,115.02,115.15,109.05,110.3,39152760,-0.027452879770050564,0.36547854766769894,0.32159387180228743,0.2791596126991278,111.44000000000001,110.955,17.482981476000504,17.41,0.0212,-1.0799999999999983,8.412698412698413e-05
2018-04-16,110.94,111.47,109.79,110.21,16580538,-0.0008162895560062907,0.3551555072507157,0.3213083664536926,0.27910013612948814,111.402,110.6935,16.623740155878387,16.56,0.0212,-0.8500000000000014,8.412698412698413e-05
2018-04-17,111.37,111.92,109.99,110.21,15501350,0.0,0.31339613018081075,0.32070776976357107,0.27907753494842163,110.94200000000001,110.47749999999999,16.556437674870963,15.25,0.0216,-1.3099999999999987,8.571428571428571e-05
2018-04-18,110.53,111.07,108.89,109.32,16081436,-0.008108275643583277,0.29646611288364566,0.3212417300338937,0.27837197920024603,110.68199999999999,110.2115,16.593176121210362,15.6,0.0217,0.34999999999999964,8.611111111111112e-05
2018-04-19,109.53,111.87,109.5,111.72,17910955,0.02171638001710881,0.280476417133499,0.33236521021318854,0.28215047603811005,110.352,110.0605,16.700923094781707,15.96,0.022099999999999998,0.3600000000000012,8.769841269841269e-05
2018-04-20,112.3,112.74,110.88,111.47,15584384,-0.0022402446754438837,0.1811300118110573,0.29455380616527965,0.2808529353836514,110.58600000000001,110.1365,16.56177994521796,16.88,0.0222,0.9199999999999982,8.80952380952381e-05
2018-04-23,111.57,111.95,110.63,110.93,11285831,-0.004856124650963801,0.18740416256042758,0.27676398956802867,0.2809804394615823,110.72999999999999,110.33250000000001,16.23905860309466,16.34,0.0225,-0.5399999999999991,8.928571428571429e-05
2018-04-24,111.75,112.9,109.59,110.41,16453112,-0.004698662299522694,0.19236437527317354,0.2559570022334064,0.28081119997156573,110.77000000000001,110.3375,16.61602519661481,18.02,0.0225,1.6799999999999997,8.928571428571429e-05
2018-04-25,110.27,110.53,108.6,109.99,13546110,-0.0038112568820204123,0.18261519870822654,0.2458298516021873,0.28087584435584073,110.904,110.42850000000001,16.421609979202387,17.84,0.0226,-0.17999999999999972,8.968253968253968e-05
2018-04-26,109.97,110.82,109.34,110.1,10299488,0.0009995911596090788,0.03850329916098343,0.24566530324777336,0.28033890471367484,110.58,110.5335,16.14760474322648,16.24,0.0225,-1.6000000000000014,8.928571428571429e-05
2018-04-27,109.55,110.16,109.13,109.4,9383967,-0.006378153740753319,0.04461345857192515,0.23829650111358786,0.2803264594624824,110.16600000000001,110.505,16.054513152685224,15.41,0.022400000000000003,-0.8299999999999983,8.88888888888889e-05
2018-04-30,109.75,110.3,108.75,108.78,13744860,-0.005683395993066174,0.04626298726023035,0.22837861886030544,0.2795007999907263,109.73599999999999,110.55149999999999,16.436175494007603,15.93,0.022400000000000003,0.5199999999999996,8.88888888888889e-05
2018-05-01,108.45,108.97,107.54,108.78,10503353,0.0,0.052807612242929375,0.2229910812621473,0.27598674154942654,109.41000000000001,110.524,16.16720509748505,15.49,0.0226,-0.4399999999999995,8.968253968253968e-05
2018-05-02,108.11,109.49,107.73,107.92,12162086,-0.007937282095314203,0.0638873683631646,0.2168959791550518,0.2574730184508513,108.99600000000001,110.37049999999999,16.313833965842583,15.97,0.022400000000000003,0.4800000000000004,8.88888888888889e-05
2018-05-03,107.59,107.77,105.18,107.24,15379091,-0.0063208985317419345,0.048534473832846495,0.21461523980936692,0.24998223330233024,108.424,110.1385,16.548519417564318,15.9,0.022400000000000003,-0.07000000000000028,8.88888888888889e-05
2018-05-04,106.43,108.74,105.98,108.43,11967906,0.011035490116332215,0.12326367839026724,0.20095217798309964,0.25068319148929813,108.22999999999999,110.1055,16.297739124887475,14.77,0.022400000000000003,-1.1300000000000008,8.88888888888889e-05
2018-05-07,108.76,109.68,108.36,109.37,9356721,0.008631825863043882,0.1359549694346367,0.198610891278624,0.23351382170830096,108.348,110.054,16.05160546656439,14.75,0.0225,-0.019999999999999574,8.928571428571429e-05
2018-05-08,109.53,111.34,109.28,110.99,12543228,0.01470347781675356,0.16545576282340793,0.19363748498167718,0.2319086558734591,108.79,109.978,16.34469147631111,14.71,0.0226,-0.03999999999999915,8.968253968253968e-05
2018-05-09,111.44,113.64,111.03,113.41,11368094,0.021569463663350982,0.16368112698851697,0.19892387948591458,0.2339967530828428,109.888,110.11749999999999,16.24632121754966,13.42,0.0227,-1.290000000000001,9.007936507936508e-05
2018-05-10,113.19,114.44,112.75,114.29,9159709,0.007729507082267611,0.08934329671106105,0.18092448730940539,0.23418859631305483,111.298,110.1635,16.03032496758673,13.23,0.0227,-0.1899999999999995,9.007936507936508e-05
2018-05-11,114.49,114.73,113.67,113.86,10253045,-0.003769454386570792,0.14898848907207643,0.1493330425591539,0.22953051237466188,112.38399999999999,110.34150000000002,16.143085292601924,12.65,0.022799999999999997,-0.5800000000000001,9.047619047619046e-05
2018-05-14,114.11,114.7,113.74,113.9,8710654,0.0003512469302006317,0.1638414059042551,0.14914108237085624,0.22935591479772216,113.29,110.526,15.980057432117787,12.93,0.022799999999999997,0.27999999999999936,9.047619047619046e-05
2018-05-15,113.91,113.91,112.57,113.03,11536212,-0.007667600250496788,0.18303373574736134,0.15270482178483538,0.2294170814567561,113.69800000000001,110.667,16.261001515591822,14.63,0.0231,1.700000000000001,9.166666666666667e-05
2018-05-16,112.89,113.69,112.63,113.34,7571089,0.0027388805388333646,0.09401366831539097,0.14867670547269585,0.22949644841092912,113.68400000000001,110.86800000000001,15.83984747239873,13.42,0.0232,-1.2100000000000009,9.206349206349206e-05
2018-05-17,113.2,113.41,112.2,112.96,8617204,-0.0033583769965413396,0.06374637275124205,0.12955107777160305,0.2294022425018458,113.418,110.93000000000002,15.969271228074204,13.43,0.0232,0.009999999999999787,9.206349206349206e-05
2018-05-18,112.75,112.8,110.84,111.13,11806349,-0.016333086547376852,0.11949959348711146,0.14258238426807132,0.2317223026834432,112.872,110.91299999999998,16.284147995585894,13.42,0.0232,-0.009999999999999787,9.206349206349206e-05
2018-05-21,112.05,112.54,111.92,112.15,9441931,0.009136573768662289,0.15469920092407868,0.1450895709126537,0.22862906560549587,112.522,110.974,16.06067107228789,13.08,0.0235,-0.33999999999999986,9.325396825396825e-05
2018-05-22,112.35,114.29,112.29,113.01,11507550,0.007639049405842018,0.1640873771225134,0.14578137772327654,0.22767338358343434,112.518,111.10400000000001,16.25851389965649,13.22,0.023399999999999997,0.14000000000000057,9.285714285714285e-05
2018-05-23,112.51,112.77,111.12,112.49,11453916,-0.004611981567324924,0.16455541608342036,0.14617099528959024,0.22663822690306418,112.348,111.229,16.253842238226493,12.58,0.0229,-0.6400000000000006,9.087301587301587e-05
2018-05-24,112.14,112.15,110.12,111.23,14084769,-0.011264199200796543,0.17909281364384602,0.152647945737807,0.2254852102857532,112.002,111.2855,16.460604558732136,12.53,0.022799999999999997,-0.05000000000000071,9.047619047619046e-05
2018-05-25,110.46,111.08,110.2,110.66,8283548,-0.005137692133974252,0.1403767799344707,0.1519674683580699,0.22274855763022844,111.90799999999999,111.34849999999999,15.92978193699596,13.22,0.0227,0.6900000000000013,9.007936507936508e-05
2018-05-29,109.18,109.2,104.96,105.93,30643840,-0.04368393886155889,0.3063872093087763,0.2181631099332574,0.23975679278015405,110.66399999999999,111.20600000000002,17.23794222135473,17.02,0.0217,3.799999999999999,8.611111111111112e-05
2018-05-30,107.64,108.6,106.65,108.35,17490845,0.022588229373963185,0.3755268823902842,0.2341354337839866,0.24235833255542877,109.732,111.1845,16.677188159149633,14.94,0.0223,-2.08,8.849206349206349e-05
2018-05-31,107.95,108.19,106.42,107.01,19808203,-0.0124444399434581,0.3746363074211404,0.23664457414286708,0.24345283556294078,108.636,111.13899999999998,16.801606702798438,15.43,0.0223,0.4900000000000002,8.849206349206349e-05
2018-06-01,108.34,108.94,107.8,108.4,13594185,0.01290580096663589,0.4073207141883112,0.24010547664507872,0.24510233025851563,108.07000000000001,111.197,16.425152685741242,13.46,0.022799999999999997,-1.9699999999999989,9.047619047619046e-05
2018-06-04,108.99,109.26,108.27,108.45,9415437,0.0004611482673376269,0.4092698939105213,0.23688601641772836,0.2451102611072606,107.628,111.19800000000001,16.057861134290977,12.74,0.023,-0.7200000000000006,9.126984126984126e-05
2018-06-05,108.24,108.31,107.07,107.84,10415231,-0.0056405901088864615,0.22447311390682587,0.23540848899205594,0.23754107447815265,108.00999999999999,111.1215,16.158779811979976,12.4,0.0232,-0.33999999999999986,9.206349206349206e-05
2018-06-06,108.66,110.74,108.48,110.36,15453563,0.023099102185088448,0.22721196349809727,0.24441091970218506,0.24279559567731973,108.41199999999999,111.09,16.553350149607233,11.64,0.0232,-0.7599999999999998,9.206349206349206e-05
2018-06-07,111.18,111.5,110.03,110.8,13444427,0.003979024964098017,0.17849458607381724,0.2311668476042852,0.24191824465495296,109.17,110.9595,16.414075228703293,12.13,0.0231,0.4900000000000002,9.166666666666667e-05
2018-06-08,110.62,111.14,110.06,111.11,10383168,0.0027939272827339407,0.17157895612057023,0.2293047449996941,0.24103849690132428,109.71200000000002,110.80049999999999,16.155696591449402,12.18,0.023,0.049999999999998934,9.126984126984126e-05
2018-06-11,111.12,111.91,110.77,110.83,12642897,-0.002523205808355616,0.17768466457567994,0.22917736845921713,0.2409842920800367,110.18799999999999,110.649,16.352606113460247,12.35,0.0232,0.16999999999999993,9.206349206349206e-05
2018-06-12,111.14,111.53,109.52,110.19,15294082,-0.005791347287876028,0.17822065599804035,0.22960990372295076,0.24115970619072968,110.65799999999999,110.4635,16.54297651415164,12.34,0.0231,-0.009999999999999787,9.166666666666667e-05
2018-06-13,110.46,111.45,109.58,109.97,14979749,-0.001998547176842512,0.06400823301864762,0.22852043686605536,0.24071612996499223,110.58,110.3105,16.522209780238736,12.94,0.0235,0.5999999999999996,9.325396825396825e-05
2018-06-14,110.28,110.36,107.78,108.03,20487343,-0.01779863499394949,0.12304013974417083,0.23515194960807945,0.24322794969531542,110.026,110.04499999999999,16.835317838795586,12.12,0.0235,-0.8200000000000003,9.325396825396825e-05
2018-06-15,107.8,108.38,106.27,107.9,26028572,-0.0012040940648045638,0.10948179277761858,0.235159734018009,0.24319728830486873,109.38400000000001,109.79199999999999,17.074705415688715,11.98,0.0235,-0.1399999999999988,9.325396825396825e-05
2018-06-18,107.26,108.4,106.69,108.18,9786825,0.002591634179191991,0.12432743264824224,0.22970367952334197,0.22728167502282487,108.854,109.64450000000002,16.096547651385723,12.31,0.0235,0.33000000000000007,9.325396825396825e-05
2018-06-19,106.9,107.88,106.6,107.55,12707154,-0.005840650729541954,0.12435168589580874,0.22677271472138202,0.2206400093485184,108.326,109.4145,16.357675699917554,13.35,0.023399999999999997,1.0399999999999991,9.285714285714285e-05
2018-06-20,108.18,108.64,107.44,107.54,8876903,-9.29843322069454e-05,0.1277928137341556,0.22401531420885495,0.211418410669595,107.84,109.14099999999999,15.99896329287574,12.79,0.0236,-0.5600000000000005,9.365079365079364e-05
2018-06-21,107.1,108.21,106.53,107.51,11048735,-0.0002790048843953923,0.048741320753633674,0.2239965486053909,0.20761074069640142,107.73600000000002,108.89200000000001,16.217826499736734,14.64,0.023399999999999997,1.8500000000000014,9.285714285714285e-05
2018-06-22,108.16,108.37,105.51,105.75,19938788,-0.016506048570749412,0.12098682896013037,0.22753485633049575,0.21030085602218432,107.306,108.61800000000001,16.808177538303603,13.77,0.0233,-0.870000000000001,9.246031746031747e-05
2018-06-25,105.66,105.7,103.96,104.79,16907607,-0.009119470439537026,0.10856364530530109,0.22857759728843513,0.20748942402957438,106.628,108.32450000000001,16.643274196963624,17.33,0.023399999999999997,3.5599999999999987,9.285714285714285e-05
2018-06-26,104.71,105.21,103.11,104.86,17086772,0.0006677796575364688,0.11980463061836719,0.16983938101748586,0.20382521574211068,106.09,108.271,16.65381515486389,15.92,0.0233,-1.4099999999999984,9.246031746031747e-05
2018-06-27,104.68,105.92,103.23,103.24,16270587,-0.015569752293973683,0.12933616060714748,0.15431789014216374,0.2039831602975392,105.23000000000002,108.0155,16.604869557216805,17.91,0.0233,1.9900000000000002,9.246031746031747e-05
2018-06-28,103.68,105.46,103.51,104.93,14491252,0.016237086319406572,0.2165162575189386,0.16293861367565163,0.20438863990121928,104.71399999999998,107.91150000000002,16.489055714981056,16.85,0.0233,-1.0599999999999987,9.246031746031747e-05
2018-06-29,106.68,106.9,104.15,104.2,18972393,-0.006981331850553115,0.19357865802782906,0.15558373146024587,0.20389908601808154,104.404,107.70150000000001,16.75849548050257,16.09,0.0233,-0.7600000000000016,9.246031746031747e-05
2018-07-02,103.72,105.09,103.38,105.08,11130044,0.008409835498072497,0.19834289167850752,0.15973795617001768,0.19852745619451573,104.46200000000002,107.53300000000002,16.22515867652334,15.6,0.023399999999999997,-0.4900000000000002,9.285714285714285e-05
2018-07-03,105.41,105.78,103.52,103.61,8311680,-0.014088114553678746,0.22383007072993752,0.1653046572089606,0.19865873557993263,104.21200000000002,107.32149999999999,15.933172312463808,16.14,0.0233,0.5400000000000009,9.246031746031747e-05
2018-07-05,104.13,104.38,103.53,103.72,10723412,0.001061110406803156,0.19089135823725617,0.13701122569206503,0.19430642415063812,104.30799999999999,106.98949999999999,16.187939946547544,14.97,0.0232,-1.17,9.206349206349206e-05
2018-07-06,103.12,104.5,102.2,104.06,12173700,0.00327269519169386,0.14107606045824528,0.13654917704133673,0.19178088304326021,104.13399999999999,106.6525,16.314788445051246,13.37,0.023399999999999997,-1.6000000000000014,9.285714285714285e-05
2018-07-09,104.71,107.46,104.71,107.28,13900793,0.030474583111265715,0.255971744879226,0.1807086398950691,0.19549958352894006,104.75,106.46099999999998,16.44745644683332,12.69,0.023399999999999997,-0.6799999999999997,9.285714285714285e-05
2018-07-10,108.02,108.4,106.53,106.62,14575873,-0.0061711275788081,0.2673757924995749,0.18137730089879378,0.18787968703837987,105.05799999999999,106.25050000000002,16.49487818549112,12.64,0.0236,-0.049999999999998934,9.365079365079364e-05
2018-07-11,106.31,107.06,106.21,106.39,10186482,-0.0021595238663403406,0.23046332426612964,0.1808107627282097,0.18790750888251181,105.614,106.0605,16.136572105157914,13.63,0.0236,0.9900000000000002,9.365079365079364e-05
2018-07-12,107.42,107.56,105.97,106.85,12456754,0.004314394236881912,0.2278398914501022,0.1820819949395127,0.18817300309636006,106.24000000000001,105.90450000000001,16.33777352374035,12.58,0.0239,-1.0500000000000007,9.484126984126985e-05
2018-07-13,107.3,107.8,105.14,106.36,21303844,-0.004596415390337506,0.24017230434524628,0.17210693556221812,0.18770485827849703,106.7,105.821,16.874398083880564,12.18,0.023700000000000002,-0.40000000000000036,9.404761904761906e-05
2018-07-16,107.05,110.77,106.98,110.58,24662621,0.038909674534967735,0.2983466362860143,0.22235844289540016,0.19932732990352436,107.35999999999999,105.955,17.020799335535134,12.83,0.0239,0.6500000000000004,9.484126984126985e-05
2018-07-17,110.69,110.93,109.75,110.5,14821876,-0.0007237199519794171,0.2865511978497354,0.22239994293637275,0.19928431088398568,108.13600000000001,106.071,16.51161475551593,12.06,0.0239,-0.7699999999999996,9.484126984126985e-05
2018-07-18,110.42,112.12,110.2,111.53,14244944,0.009278092048638045,0.2743905196485524,0.22265207708225296,0.19996138762654736,109.16400000000002,106.27000000000001,16.471912594702488,12.1,0.024300000000000002,0.03999999999999915,9.642857142857143e-05
2018-07-19,111.06,111.09,109.73,109.89,16775305,-0.014813747547612898,0.32569248578000737,0.23032620307555116,0.20205950649585014,109.772,106.3875,16.635418422474913,12.87,0.024,0.7699999999999996,9.523809523809524e-05
2018-07-20,110.0,111.74,109.78,111.28,13582631,0.012569682156354763,0.3144038579251679,0.23380932661936607,0.20355034923532486,110.756,106.576,16.424302402124788,12.86,0.0241,-0.009999999999999787,9.563492063492063e-05
2018-07-23,111.06,114.24,110.93,113.35,18140010,0.018430829338350437,0.20717928046579753,0.2305476191125985,0.20695123224985587,111.30999999999999,106.95599999999999,16.713630553919028,12.62,0.0242,-0.2400000000000002,9.603174603174603e-05
2018-07-24,113.55,114.78,113.42,114.15,14000419,0.007032996022266735,0.2010278512300678,0.22593221199337385,0.20687670929044,112.04,107.424,16.45459781570311,12.41,0.0242,-0.20999999999999908,9.603174603174603e-05
2018-07-25,113.88,115.52,113.38,115.18,13331966,0.008982749102721711,0.2007814620954472,0.22609793682184537,0.20712457773044496,112.77000000000001,107.94000000000001,16.40567516815149,12.29,0.0242,-0.120000000000001,9.603174603174603e-05
2018-07-26,115.42,115.59,114.58,114.85,11897769,-0.0028691929434191783,0.12456300979073483,0.21523484785455826,0.20726437064820477,113.76199999999999,108.5205,16.29186146151378,12.14,0.0241,-0.14999999999999858,9.563492063492063e-05
2018-07-27,115.18,116.3,114.81,116.03,12805930,0.01022184922434685,0.12119113753425577,0.2122294847990397,0.20729653808337947,114.71200000000002,109.0755,16.36541890285822,13.03,0.024300000000000002,0.8899999999999988,9.642857142857143e-05
2018-07-30,116.28,117.61,116.06,116.73,13411618,0.006014797305117868,0.08186329851762043,0.20743547639357643,0.20692423184102013,115.388,109.702,16.411631904206182,14.26,0.024300000000000002,1.2300000000000004,9.642857142857143e-05
2018-07-31,117.08,117.08,114.82,114.95,15843763,-0.015366324455381303,0.16948500937404312,0.22006614443363612,0.2087465584565246,115.548,110.1955,16.578286479268215,12.83,0.024399999999999998,-1.4299999999999997,9.682539682539682e-05
2018-08-01,115.75,116.69,115.28,115.66,13531590,0.006157601520881494,0.1625640354254309,0.2088470814733351,0.20842016828690577,115.644,110.798,16.420537509872144,13.15,0.0245,0.3200000000000003,9.722222222222223e-05
2018-08-02,114.57,116.25,114.33,116.15,11058108,0.004227606486345933,0.16017512895316532,0.2082558642204261,0.20656111730673032,115.904,111.4195,16.218674472517076,12.19,0.0245,-0.9600000000000009,9.722222222222223e-05
2018-08-03,116.0,117.13,115.94,117.09,11016102,0.008060410644215062,0.15401548377184204,0.2082215539745851,0.20256423665872364,116.11600000000001,112.071,16.21486857860702,11.64,0.024300000000000002,-0.5499999999999989,9.642857142857143e-05
2018-08-06,116.79,117.53,116.18,117.12,9857351,0.00025618035236810117,0.14949105275865143,0.18751631978482272,0.20200833707867674,116.194,112.56300000000002,16.103728029225312,11.27,0.024399999999999998,-0.370000000000001,9.682539682539682e-05
2018-08-07,117.74,118.29,117.33,117.55,10562067,0.0036647247730769786,0.04641935994505575,0.18337506767802392,0.2019262723704867,116.71400000000001,113.1095,16.172779555724446,10.93,0.0245,-0.33999999999999986,9.722222222222223e-05
2018-08-08,117.33,118.27,117.28,117.79,8997220,0.002039602984614771,0.04621156085043288,0.18183650317538136,0.2019494764971062,117.14000000000001,113.6795,16.012426198695607,10.85,0.024399999999999998,-0.08000000000000007,9.682539682539682e-05
2018-08-09,117.51,117.72,116.7,116.88,9694541,-0.007755610528249229,0.09219683802295199,0.1874789094508511,0.20196487075032565,117.28600000000002,114.181,16.087073501546378,11.27,0.024399999999999998,0.41999999999999993,9.682539682539682e-05
2018-08-10,115.5,115.95,114.68,115.73,12630949,-0.009887875582457562,0.09665118195544249,0.19177065189021386,0.20303750100844353,117.01399999999998,114.64949999999999,16.3516606300629,13.16,0.0242,1.8900000000000006,9.603174603174603e-05
2018-08-13,115.56,115.88,113.82,113.89,10340337,-0.016026821573726684,0.13185151825424649,0.15573456000651426,0.20566808065575728,116.36800000000001,114.81500000000001,16.151563018389663,14.78,0.0242,1.6199999999999992,9.603174603174603e-05
2018-08-14,114.27,115.04,113.65,114.65,10597611,0.006650939017653801,0.14600574174402184,0.1565517577876729,0.20318571845745048,115.78800000000001,115.0225,16.176139156322513,13.31,0.024399999999999998,-1.4699999999999989,9.682539682539682e-05
2018-08-15,113.82,114.33,112.97,113.7,10152082,-0.008320608547423081,0.13245070142411117,0.15792446431405083,0.20317333760889716,114.97,115.131,16.1331893655699,14.64,0.0245,1.33,9.722222222222223e-05
2018-08-16,114.35,115.31,114.3,114.77,10118820,0.009366724936086665,0.17560098532639903,0.14895462200632437,0.20347310825057646,114.548,115.375,16.12990761423468,13.45,0.0245,-1.1900000000000013,9.722222222222223e-05
2018-08-17,114.64,115.07,114.3,114.77,8505111,0.0,0.16728316969479348,0.14391504381294415,0.20322104857698864,114.356,115.54950000000001,15.956177834873317,12.64,0.024399999999999998,-0.8099999999999987,9.682539682539682e-05
2018-08-20,114.59,115.05,114.11,114.62,8618739,-0.0013078165689854554,0.11076635142684178,0.12953323188617497,0.2018134340571646,114.502,115.61299999999999,15.96944934423577,12.49,0.024300000000000002,-0.15000000000000036,9.642857142857143e-05
2018-08-21,115.37,116.39,114.88,115.32,10976680,0.006088563646609898,0.1091072451781528,0.12894906170877435,0.2017852806574982,114.636,115.67150000000001,16.211283580381544,12.86,0.0245,0.3699999999999992,9.722222222222223e-05
2018-08-22,115.31,115.41,114.78,114.97,8314901,-0.0030396480045525682,0.0836540011469113,0.12548687686968382,0.17958237213034817,114.89000000000001,115.66099999999999,15.93355976434466,12.25,0.024300000000000002,-0.6099999999999994,9.642857142857143e-05
2018-08-23,114.96,115.15,114.43,114.73,9265593,-0.0020896829545971655,0.05743573993385673,0.1252883529238299,0.1741653670813479,114.88199999999999,115.655,16.04181841997073,12.41,0.024300000000000002,0.16000000000000014,9.642857142857143e-05
2018-08-24,114.98,115.22,114.45,114.68,8845718,-0.00043590079588251205,0.057485751376847465,0.1192634514905968,0.17194431720631312,114.864,115.5875,15.995444058086985,11.99,0.024399999999999998,-0.41999999999999993,9.682539682539682e-05
2018-08-27,115.22,117.28,115.17,116.71,13768021,0.017546584409093093,0.13596705985182306,0.1338590450093147,0.17355458587649025,115.28200000000001,115.58650000000003,16.43785914214835,12.16,0.024700000000000003,0.16999999999999993,9.801587301587303e-05
2018-08-28,117.0,117.03,115.97,116.14,8302618,-0.004895865480358452,0.14540727333309048,0.12261355338194954,0.17400274995516626,115.446,115.646,15.93208144471861,12.5,0.024700000000000003,0.33999999999999986,9.801587301587303e-05
2018-08-29,116.35,116.37,115.36,115.76,7221744,-0.0032772776206753617,0.1458751589895131,0.1214228041147168,0.17367639568302445,115.604,115.651,15.79260703294674,12.25,0.0248,-0.25,9.841269841269841e-05
2018-08-30,115.59,116.04,114.98,115.19,8991802,-0.004936143384813458,0.1514219115401837,0.1215912363629782,0.16797474535365803,115.696,115.603,16.011823831300223,13.53,0.024700000000000003,1.2799999999999994,9.801587301587303e-05
2018-08-31,114.83,114.84,113.82,114.58,13065719,-0.005309669957983248,0.15774951671666132,0.11845218811122488,0.16828194361000579,115.676,115.47749999999999,16.385502487952277,12.86,0.0246,-0.6699999999999999,9.761904761904762e-05
2018-09-04,114.34,115.24,113.63,115.15,10174177,0.004962357286262592,0.06904823888732638,0.12032134826138716,0.16846352148827579,115.364,115.37899999999999,16.13536340150072,13.16,0.024900000000000002,0.3000000000000007,9.880952380952381e-05
2018-09-05,115.0,115.7,114.25,114.59,11462446,-0.004875085828337386,0.06900658689381312,0.11989086378765747,0.16871823088894425,115.054,115.231,16.254586684521584,13.91,0.024900000000000002,0.75,9.880952380952381e-05
2018-09-06,114.5,114.7,113.5,114.1,9877635,-0.0042852835703269376,0.0699147257059257,0.11967344840775988,0.16850432173808663,114.72200000000001,115.0465,16.105783668600253,14.65,0.025,0.7400000000000002,9.92063492063492e-05
2018-09-07,114.5,114.77,113.63,114.32,10955590,0.0019262767535819054,0.07410297077777953,0.11798188139255908,0.1684396446751497,114.548,114.91850000000002,16.20936038624793,14.88,0.0253,0.23000000000000043,0.0001003968253968254
2018-09-10,114.85,114.97,113.66,113.71,8276789,-0.005350185984980488,0.07423407799682748,0.1145524581896828,0.16450322980926907,114.374,114.81750000000002,15.92896564921446,14.16,0.0254,-0.7200000000000006,0.00010079365079365079
2018-09-11,113.54,114.58,113.18,114.43,9333781,0.006311934692992118,0.08188738717981832,0.10215036156257738,0.1648224244654044,114.22999999999999,114.8445,16.049150742606834,13.22,0.0255,-0.9399999999999995,0.00010119047619047618
2018-09-12,114.25,114.88,112.85,113.08,10800758,-0.011867749504233829,0.11117557194378208,0.10772551758459613,0.16686938278343605,113.928,114.766,16.19512687481677,13.14,0.0256,-0.08000000000000007,0.00010158730158730159
2018-09-13,113.37,114.13,112.67,113.52,12470769,0.003883500026397612,0.11850357407606744,0.10493326818170545,0.16642127846537486,113.81199999999998,114.75699999999999,16.338897983758034,12.37,0.0255,-0.7700000000000014,0.00010119047619047618
2018-09-14,113.81,114.49,113.23,113.5,10337948,-0.00017619593032976302,0.1161274390031686,0.09882968686525981,0.16642348728390494,113.648,114.6935,16.151331954739014,12.07,0.0256,-0.29999999999999893,0.00010158730158730159
2018-09-17,113.79,114.43,113.3,113.84,9561297,0.0029911168601395783,0.11350059028489848,0.09962017983883231,0.1664595553445073,113.674,114.647,16.073233945281384,13.68,0.025699999999999997,1.6099999999999994,0.00010198412698412697
2018-09-18,114.33,114.66,113.56,114.3,7944210,0.004032617019168086,0.10675723185582951,0.10077646810634348,0.16253380729908504,113.648,114.631,15.887953919403063,12.79,0.0258,-0.8900000000000006,0.00010238095238095239
2018-09-19,114.44,118.06,114.44,117.62,16052776,0.02863251823104504,0.18618648968406934,0.14242259983588054,0.17042385612524433,114.556,114.74600000000001,16.591392352086086,11.75,0.0258,-1.0399999999999991,0.00010238095238095239
2018-09-20,118.5,119.24,118.08,118.63,15589976,0.008550316641201901,0.18280412444262886,0.14400918544293626,0.17094033664078168,115.578,114.929,16.56213870158441,11.8,0.0258,0.05000000000000071,0.00010238095238095239
2018-09-21,119.13,119.23,117.74,117.85,24788247,-0.006596776290871788,0.20678884192155986,0.14639593624261357,0.16795149942188178,116.44800000000001,115.08500000000001,17.02588018751344,11.68,0.0258,-0.120000000000001,0.00010238095238095239
2018-09-24,117.76,118.46,116.43,116.72,12492474,-0.009634725167609923,0.2408399910137423,0.15143209726076476,0.1670868081891926,117.024,115.18699999999998,16.340636940949583,12.2,0.026000000000000002,0.5199999999999996,0.00010317460317460319
2018-09-25,117.04,117.97,116.32,116.39,9308310,-0.0028312832606452645,0.24741113422009453,0.13840404030679218,0.1663728458534055,117.44200000000001,115.17099999999998,16.046418107533874,12.42,0.0259,0.22000000000000064,0.00010277777777777778
2018-09-26,116.75,116.87,114.66,115.02,14023640,-0.01184059466827684,0.1274262442179567,0.14366622613010824,0.168126265780483,116.922,115.11499999999998,16.4562550349742,12.89,0.0258,0.47000000000000064,0.00010238095238095239
2018-09-27,115.42,115.76,114.16,114.52,13282987,-0.004356546055693865,0.05880442406880444,0.1439951918038771,0.16543220013438484,116.1,115.053,16.401994601419588,12.41,0.0258,-0.4800000000000004,0.00010238095238095239
2018-09-28,113.65,114.24,112.52,112.84,15815120,-0.01477859409611872,0.07976569068687775,0.15199797670151774,0.16883060982441442,115.098,114.9355,16.576477002426266,12.12,0.0259,-0.2900000000000009,0.00010277777777777778
2018-10-01,113.37,114.61,113.04,113.5,10147110,0.005831950787661765,0.1287433735238328,0.1529798451773192,0.16903290942457672,114.454,114.8815,16.132699493845013,12.0,0.026000000000000002,-0.11999999999999922,0.00010317460317460319
2018-10-02,113.36,114.12,112.81,113.97,13753074,0.004132418946186601,0.14643729361352456,0.15261664353739274,0.15797050935044965,113.97,114.82249999999999,16.436772920726593,12.05,0.026099999999999998,0.05000000000000071,0.00010357142857142856
2018-10-03,114.94,115.66,114.48,115.04,17141962,0.009344638105092794,0.1538663010050361,0.15554730142557746,0.15815885932694143,113.974,114.845,16.657039933661004,11.61,0.0262,-0.4400000000000013,0.00010396825396825397
2018-10-04,114.55,116.81,114.21,115.27,16357406,0.0019973086401844802,0.14897628339349572,0.1547432666747373,0.15800357949355945,114.124,114.90350000000001,16.6101913191101,14.22,0.0263,2.610000000000001,0.00010436507936507936
2018-10-05,115.83,116.1,114.02,114.62,13777633,-0.005654893489329752,0.08887755872634001,0.15615651876317027,0.15852103674372808,114.47999999999999,114.9185,16.438557038113366,14.82,0.0264,0.5999999999999996,0.00010476190476190476
2018-10-08,114.25,115.78,113.35,115.32,14370869,0.006088563646609898,0.0893862006188841,0.1561100535832288,0.15837330438753375,114.84400000000001,114.99899999999998,16.48071372943485,15.69,0.0264,0.8699999999999992,0.00010476190476190476
2018-10-09,114.67,115.03,113.67,114.52,14069477,-0.006961392540287141,0.11341821121317887,0.15689283004873777,0.13856804900538178,114.954,115.0035,16.459518257113277,15.95,0.0265,0.2599999999999998,0.00010515873015873016
2018-10-10,114.7,114.95,111.47,111.47,23086389,-0.026993983828382133,0.20258140653210369,0.1796549607102229,0.14964287904376064,114.23999999999998,114.923,16.95475378105402,22.96,0.026699999999999998,7.010000000000002,0.00010595238095238095
2018-10-11,110.97,111.47,107.38,108.13,33705616,-0.030421289444086397,0.24514399775420265,0.207165286259375,0.1609823330703717,112.81199999999998,114.65350000000001,17.333175028322813,24.98,0.026600000000000002,2.0199999999999996,0.00010555555555555557
2018-10-12,110.37,110.83,105.6,106.95,32075740,-0.010972771429031072,0.23820353627908045,0.20914127170193803,0.15971271124319555,111.27799999999999,114.326,17.28361053912736,21.31,0.026600000000000002,-3.6700000000000017,0.00010555555555555557
2018-10-15,107.2,108.85,106.32,106.34,18903216,-0.005719927452222213,0.18466049933290793,0.2081304000233255,0.1577296144323772,109.482,113.951,16.754842624284674,21.3,0.026699999999999998,-0.00999999999999801,0.00010595238095238095
2018-10-16,107.16,108.78,106.73,108.62,19302764,0.0212140445305069,0.3270429366358491,0.22456349871865602,0.15927133013678763,108.30199999999999,113.667,16.775758856056424,17.62,0.026600000000000002,-3.6799999999999997,0.00010555555555555557
2018-10-17,108.38,110.8,108.23,109.83,18794482,0.011078163193555248,0.31822335623419257,0.19947928253232272,0.16032360662151168,107.974,113.27749999999999,16.7490738740792,17.4,0.026600000000000002,-0.22000000000000242,0.00010555555555555557
2018-10-18,109.02,109.84,107.81,108.09,17582467,-0.01596950237214296,0.24858667016115116,0.19894109484681524,0.16207066420681757,107.96600000000001,112.75050000000002,16.682412770296345,20.06,0.026699999999999998,2.66,0.00010595238095238095
2018-10-19,107.65,109.22,107.27,107.91,15234549,-0.0016666670524693402,0.2310423949469816,0.1990716334358023,0.1620320253174345,108.15799999999999,112.25349999999999,16.539076367075687,19.89,0.026699999999999998,-0.16999999999999815,0.00010595238095238095
2018-10-22,108.15,108.34,106.11,106.36,16199139,-0.014467980000823168,0.25595392390779803,0.20148015762201502,0.16260276784002947,108.16199999999999,111.7355,16.60046865064205,19.64,0.0268,-0.25,0.00010634920634920635
2018-10-23,104.2,106.16,103.7,105.25,21407548,-0.010491093812328265,0.17770387979413307,0.20239692678709634,0.16288446550379126,107.48799999999999,111.17850000000001,16.879254128084806,20.71,0.026699999999999998,1.0700000000000003,0.00010595238095238095
2018-10-24,104.76,105.03,102.91,103.29,23168916,-0.018797906543948677,0.10551647045290136,0.20695710042583365,0.16425795202056037,106.17999999999999,110.59200000000001,16.958322110678818,25.23,0.0264,4.52,0.00010476190476190476
2018-10-25,104.18,105.9,103.72,104.86,17464708,0.01508556112584466,0.21283370465199655,0.21936480524296043,0.16709583569919353,105.53400000000002,110.10900000000001,16.675692716930712,24.22,0.026600000000000002,-1.0100000000000016,0.00010555555555555557
2018-10-26,104.0,104.56,102.73,103.42,19174916,-0.013827760176311247,0.21449565493245262,0.21879372627927463,0.1684819360465545,104.636,109.638,16.769113524503958,24.16,0.0263,-0.05999999999999872,0.00010436507936507936
2018-10-29,104.46,106.63,103.7,104.85,18445175,0.013732390379853517,0.25472190054103705,0.22537254228174394,0.17031021375644878,104.33399999999999,109.2055,16.73031337663394,24.7,0.0264,0.5399999999999991,0.00010476190476190476
2018-10-30,105.71,106.98,104.86,106.7,18019681,0.017490400959778836,0.27827879736056105,0.23645253518586587,0.17481898581198593,104.624,108.84200000000001,16.706975107435056,23.35,0.026600000000000002,-1.3499999999999979,0.00010555555555555557
2018-10-31,108.08,110.48,107.79,109.02,20859992,0.021510193328427178,0.22350963312890892,0.24870412612475962,0.18081651296151957,105.77000000000001,108.54099999999998,16.85334362402772,21.23,0.0269,-2.120000000000001,0.00010674603174603174
2018-11-01,109.62,110.22,108.32,108.98,13065023,-0.0003669724811824649,0.23161055698013094,0.2482546430956382,0.18069641664938374,106.59400000000001,108.22649999999999,16.385449217363927,19.34,0.026699999999999998,-1.8900000000000006,0.00010595238095238095
2018-11-02,109.9,110.81,107.49,108.38,19009518,-0.005520809016984243,0.1859589472708824,0.24823468779102129,0.18041299088833607,107.58599999999998,107.9145,16.76045035906689,19.51,0.027000000000000003,0.1700000000000017,0.00010714285714285715
2018-11-05,108.61,109.29,108.42,109.09,10276448,0.006529659471697301,0.18230610559189467,0.2484489912574813,0.1801961664269936,108.43400000000001,107.603,16.145365232991846,19.96,0.0271,0.4499999999999993,0.00010753968253968253
2018-11-06,108.67,109.67,107.76,109.6,10824959,0.004664144904249626,0.16147410745157265,0.24927775685822515,0.17779219744712058,109.01399999999998,107.357,16.197365044316786,19.91,0.027200000000000002,-0.05000000000000071,0.00010793650793650795
2018-11-07,110.37,111.73,109.35,111.48,12679585,0.017007828099832437,0.13392321580949018,0.23997956991206826,0.18084695103060985,109.506,107.3575,16.355503777731133,16.36,0.0274,-3.5500000000000007,0.00010873015873015873
2018-11-08,111.01,112.93,111.0,112.38,11662499,0.00804078307030462,0.12799102419195815,0.21257387586922094,0.18092076339730415,110.18599999999999,107.57000000000001,16.271889038392825,16.72,0.0274,0.35999999999999943,0.00010873015873015873
2018-11-09,112.23,112.36,110.83,111.29,10432161,-0.009746578698718306,0.1532734974029111,0.2116293822893511,0.18084675852418344,110.76799999999999,107.787,16.16040399631169,17.36,0.0273,0.6400000000000006,0.00010833333333333334
2018-11-12,111.42,111.94,108.6,108.95,13279671,-0.021250345594704848,0.24099963251445847,0.2258357881725312,0.18576602964980235,110.74000000000001,107.91749999999999,16.401744927609293,20.45,0.0273,3.09,0.00010833333333333334
2018-11-13,109.1,111.12,109.1,109.59,13746059,0.005857068084671889,0.24267717116785376,0.21406864974896758,0.18627310174219106,110.73799999999999,107.96600000000001,16.436262722812195,20.02,0.027200000000000002,-0.4299999999999997,0.00010793650793650795
2018-11-14,110.23,110.71,105.98,107.33,18361433,-0.02083792898186785,0.22336121939674022,0.22283986100741401,0.19018494766090277,109.90799999999999,107.84100000000001,16.7257629902198,21.25,0.0271,1.2300000000000004,0.00010753968253968253
2018-11-15,108.24,110.08,106.81,110.07,19099954,0.025208326541867346,0.313926486700307,0.23417182560438604,0.1976789994506052,109.446,107.94000000000001,16.765196484636995,19.98,0.027000000000000003,-1.2699999999999996,0.00010714285714285715
2018-11-16,109.45,110.76,108.55,109.99,13798551,-0.0007270744662750342,0.31031290857356597,0.234058553307542,0.197658571270064,109.18599999999999,108.04400000000001,16.44007414461455,18.14,0.0268,-1.8399999999999999,0.00010634920634920635
2018-11-19,109.96,111.2,109.53,110.83,13986991,0.007608043218536424,0.2637098731708937,0.22779954959336596,0.19839112717865443,109.56199999999998,108.2675,16.453638241306596,20.1,0.026600000000000002,1.9600000000000009,0.00010555555555555557
2018-11-20,109.78,110.49,107.98,108.45,18936153,-0.021708258514678225,0.31524681720588965,0.23919056957501997,0.19938972683392073,109.33399999999999,108.42750000000001,16.756583509991223,22.48,0.026699999999999998,2.379999999999999,0.00010595238095238095
2018-11-21,109.03,109.61,107.64,107.64,10619625,-0.007496911414178298,0.277197638467629,0.22964595370754737,0.199665413336304,109.396,108.64500000000001,16.178214262420166,20.8,0.026699999999999998,-1.6799999999999997,0.00010595238095238095
2018-11-23,106.74,107.39,106.06,106.65,6488406,-0.009239880941345424,0.17243769044517263,0.22757364855385886,0.20029479515882456,108.71199999999999,108.7345,15.685527449884875,21.52,0.026699999999999998,0.7199999999999989,0.00010595238095238095
2018-11-26,107.72,109.98,107.45,109.26,13948285,0.024177918050212067,0.2802213655784696,0.2349381290331854,0.2068578413176859,108.566,109.02649999999998,16.45086711960592,18.9,0.027000000000000003,-2.620000000000001,0.00010714285714285715
2018-11-27,108.76,110.03,108.63,109.72,9238176,0.004201303101830874,0.2743565586204987,0.2314369255234687,0.20690642731799988,108.34400000000001,109.27000000000001,16.038855021534008,19.02,0.027000000000000003,0.120000000000001,0.00010714285714285715
2018-11-28,109.8,111.4,108.87,110.94,13977257,0.011057848557686064,0.21924891445837083,0.2269082005312393,0.20799597045155188,108.84200000000001,109.482,16.452942066648646,18.49,0.0269,-0.5300000000000011,0.00010674603174603174
2018-11-29,110.27,110.8,109.64,110.06,11144347,-0.007963842995475685,0.22088288841370837,0.2171153081715522,0.208361812709675,109.326,109.53400000000002,16.226442931789023,18.79,0.0269,0.3000000000000007,0.00010674603174603174
2018-11-30,109.85,111.32,109.58,111.19,18652718,0.01021477808354511,0.1852435395703969,0.21980369610571476,0.20940433154913632,110.234,109.6445,16.74150243070087,18.07,0.027000000000000003,-0.7199999999999989,0.00010714285714285715
2018-12-03,112.38,112.89,111.74,112.24,16033180,0.009398986079047654,0.12580303311458876,0.2203093298256317,0.21032155635274283,110.83,109.8375,16.590170882952588,16.44,0.027200000000000002,-1.629999999999999,0.00010793650793650795
2018-12-04,111.6,111.6,106.73,107.23,23555940,-0.045663375562151144,0.3854379333282172,0.2761201760144346,0.22977784166511697,110.332,109.74449999999999,16.974888575921604,20.74,0.0271,4.299999999999997,0.00010753968253968253
2018-12-06,105.01,105.36,102.88,105.19,27213946,-0.019207821480871544,0.36749475925972086,0.28270962024930757,0.2322583832513253,109.18199999999999,109.524,17.119240120458173,21.19,0.027000000000000003,0.45000000000000284,0.00010714285714285715
2018-12-07,105.16,106.98,102.91,103.29,19248595,-0.01822767273264056,0.3699938155339995,0.27884075468849845,0.2338426069903267,107.828,109.11449999999999,16.7729486290214,23.23,0.0268,2.039999999999999,0.00010634920634920635
2018-12-10,102.87,103.49,99.28,101.36,23636429,-0.018862030005658507,0.30913620901345473,0.28001914536078626,0.23623602114426628,105.862,108.5635,16.978299681562223,22.64,0.0269,-0.5899999999999999,0.00010674603174603174
2018-12-11,103.13,103.66,100.21,100.37,16860677,-0.009815178187174667,0.21586819587316763,0.28003415246028934,0.2367629656378891,103.48799999999999,108.0175,16.640494663942974,21.76,0.027000000000000003,-0.879999999999999,0.00010714285714285715
2018-12-12,101.66,102.9,100.06,101.02,22621487,0.006455159214197473,0.17446924553100282,0.27616737909456357,0.23718398497235027,102.24600000000001,107.62100000000001,16.934410764776285,21.46,0.027000000000000003,-0.3000000000000007,0.00010714285714285715
2018-12-13,101.55,101.97,100.67,101.12,17250942,0.0009894133586408212,0.18022754342088865,0.27445001235042993,0.23693573300802392,101.432,107.19750000000002,16.663377308646293,20.65,0.0269,-0.8100000000000023,0.00010674603174603174
2018-12-14,99.99,101.94,99.86,100.29,19879525,-0.008241941298430306,0.1565353212014243,0.2677746378244751,0.22844488461714854,100.83200000000001,106.84549999999999,16.80520086554709,21.63,0.0268,0.9800000000000004,0.00010634920634920635
2018-12-17,99.77,100.56,98.44,99.01,25113534,-0.012845133965693688,0.1284414089717316,0.24714183634534787,0.22816972546484912,100.362,106.29249999999999,17.038917461971458,24.52,0.026600000000000002,2.8900000000000006,0.00010555555555555557
2018-12-18,99.42,100.89,98.12,98.54,20837150,-0.0047582980186062175,0.12050481775391737,0.2465672438200463,0.22807748415516874,99.99600000000001,105.72,16.852248009259448,25.58,0.0264,1.0599999999999987,0.00010476190476190476
2018-12-19,98.41,100.58,96.6,97.29,28767868,-0.012766348128480693,0.09271291346075151,0.2427828243707433,0.2285574005591412,99.25,105.043,17.174769627811365,25.58,0.0262,0.0,0.00010396825396825397
2018-12-20,96.61,98.28,95.69,96.45,31825218,-0.008671469635598214,0.054184454504158666,0.23628560937993912,0.22884839959872835,98.316,104.44300000000001,17.275769552345007,28.38,0.0264,2.8000000000000007,0.00010476190476190476
2018-12-21,96.68,98.43,93.69,94.17,41313933,-0.023923079829766207,0.11370660924873462,0.24483146848971665,0.23212834992488798,97.09200000000001,103.7695,17.53671036181273,30.11,0.0262,1.7300000000000004,0.00010396825396825397
2018-12-24,92.89,94.22,92.14,92.14,17009280,-0.021792500014200935,0.13133309578585314,0.25055672823088226,0.2351867646878927,95.718,103.04400000000001,16.64926963543386,36.07,0.026099999999999998,5.960000000000001,0.00010357142857142856
2018-12-26,92.69,95.96,91.11,95.96,22542900,0.04062227846372288,0.4196090895744271,0.28270508187647997,0.2508480185919865,95.202,102.379,16.930930718459614,30.41,0.026099999999999998,-5.66,0.00010357142857142856
2018-12-27,94.82,97.15,93.55,97.04,20304683,0.011191826664301094,0.4271779388897657,0.2872636445664306,0.25186516563922695,95.15200000000002,101.745,16.826362107062423,29.96,0.0258,-0.4499999999999993,0.00010238095238095239
2018-12-28,97.95,98.32,96.44,96.83,17963271,-0.002166401012355085,0.4218151479268176,0.28051899749835496,0.2514753216718948,95.228,101.0395,16.703839731204003,28.34,0.025699999999999997,-1.620000000000001,0.00010198412698412697
2018-12-31,97.59,98.8085,96.77,97.62,13237180,0.00812552683556166,0.3604364978669981,0.28540606288520015,0.2512378866039612,95.918,100.4175,16.39854009485079,25.42,0.0263,-2.919999999999998,0.00010436507936507936
2019-01-02,95.95,99.78,95.94,99.31,15670850,0.01716388045626577,0.25320071824426493,0.2916393123977859,0.2543617535182175,97.352,99.8235,16.56731285663898,23.22,0.026000000000000002,-2.200000000000003,0.00010317460317460319
2019-01-03,98.64,98.89,96.69,97.11,16286426,-0.022401914309004498,0.24644317026048476,0.2917213498943329,0.2575490097691241,97.58200000000001,99.067,16.60584255810295,25.45,0.025,2.2300000000000004,9.92063492063492e-05
2019-01-04,99.11,100.93,98.28,100.69,16935205,0.036202133321260765,0.3464401385153634,0.29343772067114376,0.2691043394050613,98.312,98.74,16.644905149268507,21.38,0.025699999999999997,-4.07,0.00010198412698412697
2019-01-07,100.43,101.47,99.71,100.76,15430712,0.000694961556885983,0.34203795052490754,0.28743220358028104,0.2689905787309166,99.098,98.51849999999999,16.551870367150315,21.4,0.0258,0.019999999999999574,0.00010238095238095239
2019-01-08,101.63,101.82,99.55,100.57,13578777,-0.0018874490280205631,0.3490420095271153,0.28109302196344793,0.2639536545929066,99.688,98.38250000000001,16.424018617129114,20.47,0.026000000000000002,-0.9299999999999997,0.00010317460317460319
2019-01-09,100.81,101.49,99.93,100.4,14230331,-0.0016917951987600792,0.336329491089525,0.2733948789540702,0.2570857996059128,99.90599999999999,98.3345,16.470886230512303,19.98,0.0259,-0.48999999999999844,0.00010277777777777778
2019-01-10,100.02,100.73,99.27,100.39,14376430,-9.960655419365843e-05,0.26286833797824327,0.27115895447545857,0.25629143179114816,100.562,98.3355,16.481100617960923,19.5,0.0259,-0.4800000000000004,0.00010277777777777778
2019-01-11,99.89,100.17,98.95,99.91,15439850,-0.00479281995850801,0.03348092325360796,0.27055176258981084,0.2562263902458824,100.40599999999999,98.28,16.552462387487807,18.19,0.0258,-1.3099999999999987,0.00010238095238095239
2019-01-14,98.87,101.36,98.66,100.94,21258458,0.010256500167189061,0.09186813468426809,0.27323863295747103,0.25312691863901854,100.442,98.271,16.872265397673758,19.07,0.025699999999999997,0.879999999999999,0.00010198412698412697
2019-01-15,98.89,102.47,98.6,101.68,26504852,0.007304345969082473,0.10049178647233374,0.27265818297354893,0.2524609323619246,100.664,98.3405,17.092838368536352,18.6,0.025699999999999997,-0.46999999999999886,0.00010198412698412697
2019-01-16,102.25,103.45,101.8,102.5,18532952,0.008032171697264253,0.10050682249051521,0.2689602082023193,0.25128726302058363,101.08399999999999,98.51500000000001,16.735060894801453,19.04,0.025699999999999997,0.4399999999999977,0.00010198412698412697
2019-01-17,102.11,103.5,101.92,102.92,14247564,0.004089188835080555,0.09353215115342446,0.26796017961994484,0.2514875775699646,101.59,98.734,16.472096502697347,18.06,0.025699999999999997,-0.9800000000000004,0.00010198412698412697
2019-01-18,103.77,104.9,102.83,104.59,16428710,0.01609595735263351,0.07087674268319283,0.26619545312950715,0.2521865355898861,102.526,99.099,16.614540972019245,17.8,0.026000000000000002,-0.259999999999998,0.00010317460317460319
2019-01-22,103.08,103.59,102.13,102.94,17083681,-0.01590165054156845,0.18942353645925222,0.27180068002171104,0.25336329782652595,102.926,99.4235,16.65363423832711,20.8,0.0259,3.0,0.00010277777777777778
2019-01-23,103.44,103.7,101.97,102.68,12146678,-0.0025289382216687403,0.1912234374464464,0.253413425148301,0.2504866593277225,103.126,99.849,16.312566274728102,19.52,0.0259,-1.2800000000000011,0.00010277777777777778
2019-01-24,102.13,103.09,101.94,102.74,11296764,0.0005841690361819117,0.18347021306089958,0.23457265680414682,0.24848704896524573,103.174,100.37899999999999,16.240026870988952,18.89,0.0258,-0.629999999999999,0.00010238095238095239
2019-01-25,103.51,104.31,102.74,103.39,14412559,0.006306720559479888,0.18687167339072047,0.1945264807189442,0.24724220651537768,103.268,100.7505,16.483610537219764,17.42,0.026000000000000002,-1.4699999999999989,0.00010317460317460319
2019-01-28,102.89,104.24,102.59,103.88,12283089,0.004728141195945896,0.1403008931122203,0.1925808481434718,0.24578973701117146,103.126,101.0925,16.32373399628184,18.87,0.026000000000000002,1.4499999999999993,0.00010317460317460319
2019-01-29,103.88,105.11,103.73,104.17,9743271,0.0027877932018098564,0.055231986027448804,0.1914794443861811,0.24311382050483615,103.372,101.4595,16.092087450862078,19.13,0.026000000000000002,0.259999999999998,0.00010317460317460319
2019-01-30,104.14,105.24,103.78,104.41,12526274,0.0023012763056614906,0.03523536220512388,0.1907901017066255,0.2388698949375642,103.71799999999999,101.799,16.34333891632929,17.66,0.025699999999999997,-1.4699999999999989,0.00010198412698412697
2019-01-31,103.41,103.8,102.73,103.5,17520551,-0.008753843596595173,0.09423758439341542,0.18808490014267273,0.23943465453418666,103.87,102.0085,16.678885092749674,16.57,0.0255,-1.0899999999999999,0.00010119047619047618
2019-02-01,104.0,104.85,103.52,103.88,13000780,0.003664774089123974,0.08731421844050383,0.16437359098673585,0.23941094560665763,103.968,102.34700000000001,16.380519913625882,16.14,0.0256,-0.4299999999999997,0.00010158730158730159
2019-02-04,103.79,104.25,103.01,104.25,9871549,0.0035554738843632796,0.08446413996901223,0.10961288471593132,0.23910436978398933,104.042,102.525,16.105167339318733,15.73,0.025699999999999997,-0.41000000000000014,0.00010198412698412697
2019-02-05,104.52,104.55,103.29,103.79,12762982,-0.004422233701713094,0.08869951884062867,0.11174259374620814,0.2389496308200353,103.96600000000001,102.6765,16.362059507637106,15.57,0.0256,-0.16000000000000014,0.00010158730158730159
2019-02-06,103.71,104.62,103.47,103.74,8744957,-0.0004818580539436412,0.08482147658667095,0.11129102628645424,0.23601907737912906,103.832,102.835,15.983987749327268,15.38,0.0256,-0.1899999999999995,0.00010158730158730159
2019-02-07,103.25,103.5,101.44,102.38,13177489,-0.013196387893816908,0.11121479765481317,0.12265073211914988,0.2364804060326884,103.60799999999999,102.934,16.394020552954938,16.37,0.0255,0.9900000000000002,0.00010119047619047618
2019-02-08,102.08,102.34,100.06,101.36,12892562,-0.010012845016553586,0.10831192084699767,0.12870274654502067,0.2365204353271914,103.104,102.9825,16.372161113893167,15.72,0.0254,-0.6500000000000004,0.00010079365079365079
2019-02-11,101.76,102.01,100.77,100.88,10978516,-0.004746844356219562,0.07967534207134058,0.1286778617008606,0.23304419817864297,102.42999999999999,103.03099999999999,16.211450830084463,15.97,0.0255,0.25,0.00010119047619047618
2019-02-12,101.95,102.92,101.89,102.6,12852252,0.01690624108000498,0.18722355650773545,0.13725565045269775,0.23557639954725795,102.19200000000001,103.114,16.369029606868793,15.43,0.0255,-0.5400000000000009,0.00010119047619047618
2019-02-13,102.9,103.85,102.9,103.09,10754061,0.004764460371624196,0.19402554010614875,0.13595302028428483,0.232232952821598,102.062,103.1845,16.19079400864365,15.65,0.0255,0.22000000000000064,0.00010119047619047618
2019-02-14,102.47,103.1,101.35,102.42,11518530,-0.006520387073889138,0.17276898621141545,0.13533957691100887,0.22615444027569445,102.07000000000001,103.18050000000001,16.259467600923248,16.22,0.0253,0.5699999999999985,0.0001003968253968254
2019-02-15,103.9,105.7,103.66,105.55,14716861,0.03010276825992528,0.24484783477391475,0.1723135562480012,0.23507986878003514,102.90799999999999,103.31199999999998,16.50450440124196,14.91,0.0255,-1.3099999999999987,0.00010119047619047618
2019-02-19,104.91,105.37,103.81,105.18,12764888,-0.0035116061331313445,0.24088936453162899,0.1637697827916174,0.23450789653865942,103.768,103.3415,16.362208834627847,14.88,0.0254,-0.02999999999999936,0.00010079365079365079
2019-02-20,105.21,105.8,104.88,105.69,10030326,0.004837112860057815,0.22881212648809796,0.1527650598108638,0.23071343400734817,104.386,103.479,16.121123661902445,14.02,0.0254,-0.8600000000000012,0.00010079365079365079
2019-02-21,105.45,105.99,104.96,105.47,8400075,-0.002083728732733138,0.23606821271794112,0.15262446449915004,0.2302714898893308,104.862,103.6185,15.943751192345111,14.46,0.0255,0.4400000000000013,0.00010119047619047618
2019-02-22,105.7,106.09,104.775,105.0,10647258,-0.004466202130999461,0.23037299191459748,0.1540030014862598,0.22969049010198284,105.378,103.73150000000001,16.180812952181228,13.51,0.0255,-0.9500000000000011,0.00010119047619047618
2019-02-25,105.75,107.27,105.69,106.1,11230679,0.010421695462414131,0.10140671652843866,0.15652455717850272,0.22512396411229307,105.48800000000001,103.867,16.234159787932224,14.85,0.0256,1.3399999999999999,0.00010158730158730159
2019-02-26,104.5,105.47,103.94,105.29,15465393,-0.0076635977512693465,0.11633168542455577,0.15907797986278377,0.2253811459288848,105.50999999999999,103.9375,16.554115375999565,15.17,0.0255,0.3200000000000003,0.00010119047619047618
2019-02-27,105.18,105.38,104.51,105.16,9968822,-0.00123544800698757,0.10885994388208017,0.15900998852251882,0.22404915928282665,105.404,103.987,16.114972980493842,14.7,0.0254,-0.47000000000000064,0.00010079365079365079
2019-02-28,105.01,105.21,104.18,104.36,15156850,-0.0076365395931526974,0.11899127757046848,0.16138953078486257,0.22400603246184905,105.18199999999999,103.9845,16.533963132947328,14.78,0.0254,0.08000000000000007,0.00010079365079365079
2019-03-01,105.1,105.91,104.2,104.43,13813310,0.0006705302229296565,0.11818491505285036,0.15806099286743563,0.22283674163251,105.06800000000001,104.03099999999999,16.441143178056777,13.57,0.0255,-1.209999999999999,0.00010119047619047618
2019-03-04,104.92,105.92,103.27,104.19,12466285,-0.002300835067365017,0.06061346663704238,0.15786873131854684,0.22178205195450318,104.68599999999999,104.0465,16.33853835827474,14.63,0.0254,1.0600000000000005,0.00010079365079365079
2019-03-05,104.13,104.55,103.26,104.11,10856646,-0.0007681229374308002,0.0506817635148479,0.1573765788262121,0.20153407118901348,104.45,104.0395,16.200287984990233,14.74,0.0254,0.10999999999999943,0.00010079365079365079
2019-03-06,103.86,104.57,103.55,103.72,9070782,-0.003753071816197932,0.05064549317765365,0.15714873789086062,0.1978592918734424,104.16199999999999,104.03600000000002,16.02056903667683,15.74,0.0254,1.0,0.00010079365079365079
2019-03-07,103.25,103.47,102.16,102.97,12705739,-0.00725727700180421,0.048363887220374074,0.15923154617137275,0.19485270014670442,103.88399999999999,103.99750000000002,16.35756433912117,16.59,0.0252,0.8499999999999996,0.0001
2019-03-08,101.99,103.23,101.99,103.01,10582371,0.0003883872269425931,0.047158285091233196,0.15185133564810654,0.19086842766193102,103.6,104.029,16.174700061366703,16.05,0.0253,-0.5399999999999991,0.0001003968253968254
2019-03-11,103.98,104.55,103.66,104.35,9763235,0.012924562627607621,0.12143424467777411,0.15300033744579447,0.19142536278349168,103.63199999999999,104.17850000000001,16.094134358388263,14.33,0.0253,-1.7200000000000006,0.0001003968253968254
2019-03-12,104.59,104.79,103.75,104.04,10219100,-0.0029751929427588855,0.12365571129919387,0.15217509321360884,0.1911789241565397,103.61800000000001,104.3365,16.139769076239784,13.77,0.0252,-0.5600000000000005,0.0001
2019-03-13,104.19,104.98,103.95,104.39,13022241,0.003358444839756157,0.12081903443186316,0.14123905320215768,0.19126693453915128,103.752,104.426,16.38216929974945,13.41,0.0253,-0.35999999999999943,0.0001003968253968254
2019-03-14,104.5,105.87,104.46,105.34,10926470,0.00905932863503631,0.10221343134397944,0.14361464203588734,0.191164168873696,104.226,104.5385,16.206698843670125,13.5,0.0252,0.08999999999999986,0.0001
2019-03-15,105.41,106.8,105.23,106.55,24811730,0.011421144489382784,0.103902123586134,0.14513479473789181,0.1902222462085586,104.93400000000001,104.745,17.026827083184564,12.88,0.0252,-0.6199999999999992,0.0001
2019-03-18,106.55,107.79,106.5,107.19,12935514,0.0059886021588019,0.0884919320015793,0.10197915196659209,0.19005382833111556,105.502,104.827,16.37548710996004,13.1,0.0252,0.21999999999999886,0.0001
2019-03-19,108.2,108.4,106.55,106.8,12889267,-0.0036450341773337073,0.09250842879623015,0.10205453980217323,0.18805823489244008,106.054,104.90799999999999,16.371905507511016,13.56,0.025,0.46000000000000085,9.92063492063492e-05
2019-03-20,106.43,106.65,104.41,104.52,14920658,-0.021579485873682736,0.21401580812416923,0.12788223170436655,0.19285549730192578,106.08,104.84949999999999,16.518257253644105,13.91,0.024700000000000003,0.34999999999999964,9.801587301587303e-05
2019-03-21,103.49,103.49,102.28,102.87,19751044,-0.015912385509472955,0.2225086766323623,0.1390092607277266,0.18903453042356486,105.58599999999998,104.7195,16.798716908673818,13.63,0.0248,-0.27999999999999936,9.841269841269841e-05
2019-03-22,101.82,102.32,99.52,99.76,31115189,-0.030698753771157657,0.23049139671728192,0.1738781238673471,0.19451795654580908,104.228,104.45750000000001,17.253206650207726,16.48,0.0245,2.8499999999999996,9.722222222222223e-05
2019-03-25,99.59,100.57,98.09,98.93,21032295,-0.008354772036649829,0.16991640825807622,0.16795885703902602,0.17739925427201322,102.576,104.099,16.861569671539208,16.33,0.0241,-0.15000000000000213,9.563492063492063e-05
2019-03-26,99.82,100.4,98.82,99.92,15987129,0.00995733648219105,0.2437975715294323,0.17371122308157227,0.17709949247098467,101.2,103.8305,16.587294518970584,14.68,0.024399999999999998,-1.6499999999999986,9.682539682539682e-05
2019-03-27,99.88,100.45,99.08,99.58,12753234,-0.0034085246032855535,0.23908705831450192,0.1736531802142492,0.17719726124495772,100.21200000000002,103.5515,16.361295444464556,15.15,0.024,0.47000000000000064,9.523809523809524e-05
2019-03-28,100.0,100.8,99.74,100.71,12454070,0.011283758446016505,0.2703610572743709,0.1794476449200668,0.17789712411478964,99.78,103.369,16.337558035082857,14.43,0.024,-0.7200000000000006,9.523809523809524e-05
2019-03-29,101.54,101.99,100.59,101.23,14523395,0.005150055950607283,0.13554363336018968,0.18095713269662425,0.17477246052226467,100.074,103.20899999999999,16.491271355457354,13.71,0.024,-0.7199999999999989,9.523809523809524e-05
2019-04-01,102.15,104.68,102.12,104.64,17499280,0.033130732098228165,0.21482210872917665,0.2187773108643993,0.18088464998657952,101.21600000000001,103.23150000000001,16.677670295190207,13.4,0.0241,-0.3100000000000005,9.563492063492063e-05
2019-04-02,104.6,105.44,104.33,105.14,10295539,0.004766907682413387,0.2198496391534634,0.21932878287073135,0.16577820620734196,102.26,103.28299999999999,16.147221252585908,13.36,0.0241,-0.040000000000000924,9.563492063492063e-05
2019-04-03,105.81,106.36,104.79,105.35,11499209,0.001995344858895966,0.20137093898642394,0.2188015765885447,0.1657987609441662,103.41400000000002,103.36449999999999,16.25778880835915,13.74,0.0241,0.3800000000000008,9.563492063492063e-05
2019-04-04,104.55,105.73,104.45,105.56,11952078,0.001991371384925447,0.2118505969768611,0.2167491181959714,0.1657265199060491,104.38399999999999,103.494,16.29641571243786,13.58,0.0241,-0.16000000000000014,9.563492063492063e-05
2019-04-05,105.8,106.11,104.99,105.31,9933660,-0.0023711302426175085,0.22752094242765955,0.21711430040990015,0.1657761112409059,105.2,103.609,16.111439548172832,12.82,0.024300000000000002,-0.7599999999999998,9.642857142857143e-05
2019-04-08,105.11,105.65,104.91,105.65,8056282,0.0032233626695599453,0.04217080286202999,0.2127971035413949,0.16583931921139164,105.402,103.674,15.901962717733118,13.18,0.024300000000000002,0.35999999999999943,9.642857142857143e-05
2019-04-09,105.08,105.2,104.25,104.87,9092188,-0.007410256215751975,0.0698969107798162,0.21436719697381817,0.16630588719740208,105.348,103.71549999999999,16.022926141259493,14.28,0.0242,1.0999999999999996,9.603174603174603e-05
2019-04-10,105.13,105.72,104.47,105.34,10882304,0.004471726208929443,0.07731566396930882,0.21460745040342427,0.1653217098928506,105.346,103.763,16.202648541678972,13.3,0.0241,-0.9799999999999986,9.563492063492063e-05
2019-04-11,105.71,106.73,105.56,106.23,11183845,0.008413340736678822,0.09840228460577305,0.2142758500001458,0.1655261122334847,105.48000000000002,103.8075,16.229980884275285,13.02,0.024399999999999998,-0.28000000000000114,9.682539682539682e-05
2019-04-12,109.44,111.85,108.88,111.21,25834073,0.04581375103882851,0.32345380118491124,0.26618396551189905,0.18907944994215747,106.66,104.0405,17.067204837503635,12.01,0.024399999999999998,-1.0099999999999998,9.682539682539682e-05
2019-04-15,110.92,111.0,109.12,109.94,15163815,-0.01148554339823628,0.3602196555331379,0.27003236059981883,0.19080524721904432,107.518,104.178,16.5344225555967,12.32,0.024300000000000002,0.3100000000000005,9.642857142857143e-05
2019-04-16,109.9,111.39,109.86,111.1,11583232,0.010495934213070034,0.3335245254907359,0.27128337816654335,0.18926429358050761,108.76399999999998,104.393,16.26506909306726,12.18,0.0245,-0.14000000000000057,9.722222222222223e-05
2019-04-17,111.7,114.66,111.01,114.3,17791890,0.028395874155180766,0.3446350823674138,0.27173543438768016,0.1940732085677898,110.556,104.88199999999999,16.694253293459376,12.6,0.024399999999999998,0.41999999999999993,9.682539682539682e-05
2019-04-18,114.53,114.95,113.33,113.46,12501949,-0.007376218902343928,0.3835127409450923,0.26484423538894253,0.19478206429430994,112.002,105.4115,16.34139511011827,12.09,0.024399999999999998,-0.5099999999999998,9.682539682539682e-05
2019-04-22,112.83,113.93,112.66,113.6,7975860,0.0012331543886297774,0.25273798783118717,0.2298635715501723,0.19477123949524974,112.47999999999999,106.10350000000001,15.891930037811788,12.42,0.0246,0.33000000000000007,9.761904761904762e-05
2019-04-23,113.0,114.37,112.85,113.74,9193318,0.001231635591602612,0.21635435256715715,0.2240955291571143,0.194533286967947,113.24000000000001,106.84400000000001,16.033987473784656,12.28,0.024300000000000002,-0.14000000000000057,9.642857142857143e-05
2019-04-24,113.26,114.15,112.81,113.55,9245743,-0.0016718733270861743,0.22045133350083557,0.2258381287875625,0.19453450211055542,113.72999999999999,107.5255,16.039673787340405,13.14,0.0242,0.8600000000000012,9.603174603174603e-05
2019-04-25,113.01,114.15,112.5,113.61,9311768,0.0005282620302456499,0.05788632276725655,0.22399667608488033,0.1945249068306478,113.59199999999998,108.227,16.046789534553646,13.25,0.0242,0.10999999999999943,9.603174603174603e-05
2019-04-26,113.95,114.58,113.6,114.47,7889519,0.0075412493485717165,0.05457330084756569,0.2233496564224886,0.194919350649983,113.79400000000001,108.915,15.88104572771911,12.73,0.0241,-0.5199999999999996,9.563492063492063e-05
2019-04-29,114.6,117.16,114.45,116.12,14242237,0.014311359226044268,0.10348861787073321,0.22502889179431576,0.19545104598374835,114.298,109.65950000000001,16.471722544306967,13.11,0.0242,0.379999999999999,9.603174603174603e-05
2019-04-30,116.43,116.72,115.26,116.05,11389147,-0.0006030064359831855,0.10774602484453466,0.20364128473172008,0.19548378751238915,114.75999999999999,110.22999999999999,16.24817144236434,13.12,0.0239,0.009999999999999787,9.484126984126985e-05
2019-05-01,115.72,117.0,115.11,115.16,10412881,-0.007698666976470912,0.1332780128528457,0.2087164520152513,0.19642189518235198,115.082,110.73100000000002,16.158554155424067,14.8,0.0239,1.6800000000000015,9.484126984126985e-05
2019-05-02,115.17,115.78,114.58,115.41,8613305,0.0021685396883383847,0.1320069900715629,0.2086892230850792,0.19601436673832856,115.44200000000001,111.234,15.968818658731472,14.42,0.0241,-0.3800000000000008,9.563492063492063e-05
2019-05-03,116.0,116.68,115.67,116.12,8185409,0.006133133724115713,0.12940474533400703,0.20853084851688256,0.19615871819175432,115.772,111.76199999999999,15.917863736995264,12.87,0.0241,-1.5500000000000007,9.563492063492063e-05
2019-05-06,114.18,115.47,113.72,115.09,9387010,-0.008909708176029398,0.10209706223966193,0.2127484696251082,0.19494457089293749,115.566,112.251,16.05483737662164,15.44,0.0239,2.5700000000000003,9.484126984126985e-05
2019-05-07,114.03,114.03,112.29,113.21,15017725,-0.01646992989038176,0.14406773206476733,0.22535357517841695,0.1970745492837314,114.998,112.62899999999999,16.52474172811461,19.32,0.023700000000000002,3.880000000000001,9.404761904761906e-05
2019-05-08,112.66,113.67,112.46,112.61,9576075,-0.005313979381083775,0.14218941433825344,0.22413252472118078,0.1971589547008554,114.48800000000001,113.016,16.074778358269477,19.4,0.023700000000000002,0.0799999999999983,9.404761904761906e-05
2019-05-09,111.14,112.74,110.58,112.52,12205866,-0.0007995380872780724,0.13481848513685682,0.22462874731033614,0.19470120720927608,113.91,113.375,16.317427213818878,19.1,0.0236,-0.29999999999999716,9.365079365079364e-05
2019-05-10,111.75,112.84,110.54,112.51,13189381,-8.887703867544322e-05,0.1065018802050658,0.224086976170016,0.19461175129304145,113.18800000000002,113.689,16.394922594100233,16.04,0.0236,-3.0600000000000023,9.365079365079364e-05
2019-05-13,110.08,110.45,108.98,109.45,13783652,-0.02757428261410855,0.18708039937345936,0.1856888504642686,0.20290452699808287,112.05999999999999,113.601,16.4389938102084,20.55,0.0232,4.510000000000002,9.206349206349206e-05
2019-05-14,109.55,111.72,109.5,110.32,10503672,0.007917409516174334,0.21270828044009443,0.18363816584383347,0.19427348529522015,111.482,113.62,16.167235468277678,18.06,0.0232,-2.490000000000002,9.206349206349206e-05
2019-05-15,109.21,110.9,108.61,109.9,10142048,-0.003814372075470566,0.21291148030325008,0.17995694384932884,0.19430275239152142,110.93999999999998,113.55999999999999,16.13220050812022,16.44,0.023,-1.6199999999999974,9.126984126984126e-05
2019-05-16,110.62,112.17,110.59,111.31,9672729,0.012748240095558744,0.2480594449197743,0.1531594558415597,0.19568819161108292,110.69800000000001,113.4105,16.08482104064486,15.29,0.0233,-1.1500000000000021,9.246031746031747e-05
2019-05-17,110.0,111.75,109.83,110.77,9570477,-0.0048631219762929724,0.24786075260021947,0.1520987424194108,0.19594970756408225,110.35,113.276,16.074193605447192,15.96,0.0233,0.6700000000000017,9.246031746031747e-05
2019-05-20,110.58,111.81,110.37,111.35,8518244,0.005222414174535101,0.12074941470129222,0.15359685476813098,0.19583990438245502,110.72999999999999,113.1635,15.957720774276913,16.31,0.023399999999999997,0.34999999999999787,9.285714285714285e-05
2019-05-21,111.44,111.92,111.22,111.73,7967976,0.003406852855869958,0.11429072540985494,0.15420892587018575,0.1949207055742805,111.01200000000001,113.06299999999999,15.890941066193843,14.95,0.0236,-1.3599999999999994,9.365079365079364e-05
2019-05-22,111.4,111.79,110.75,110.82,7918898,-0.00817798312004309,0.13234716426786367,0.15635991891024867,0.1950196236437738,111.196,112.9265,15.884762612695402,14.75,0.023700000000000002,-0.1999999999999993,9.404761904761906e-05
2019-05-23,109.64,109.79,107.5,108.64,14557969,-0.019867599628817543,0.1599771036040073,0.16954582592488815,0.19955735994227464,110.66199999999999,112.678,16.493649099244692,16.92,0.0232,2.1700000000000017,9.206349206349206e-05
2019-05-24,109.52,109.96,109.19,109.71,8537252,0.009800857019013507,0.19083221373228337,0.17145318682027047,0.1997044416614926,110.45,112.43999999999998,15.95994973412302,15.85,0.0233,-1.070000000000002,9.246031746031747e-05
2019-05-28,109.2,109.83,108.44,108.52,11665579,-0.010906033038668555,0.18709981216777896,0.16252689667565484,0.20114876255075465,109.88399999999999,112.05999999999999,16.272153097868095,17.5,0.0231,1.6500000000000004,9.166666666666667e-05
2019-05-29,107.45,108.4,107.06,108.22,9966365,-0.002768295576141792,0.1739866216971784,0.16221685149887421,0.20118023518376546,109.18199999999999,111.66850000000002,16.114726481676204,17.9,0.023,0.3999999999999986,9.126984126984126e-05
2019-05-30,108.65,109.18,106.54,107.06,10367822,-0.010776767249353997,0.17663302610643508,0.16363711157874797,0.20251904448014207,108.42999999999999,111.2635,16.15421752921694,17.3,0.0229,-0.5999999999999979,9.087301587301587e-05
2019-05-31,105.56,106.59,104.84,105.96,10952857,-0.010327760561366401,0.1421373762496394,0.1637591664382008,0.2035496376637202,107.894,110.79100000000001,16.209110893436854,18.71,0.022099999999999998,1.4100000000000001,8.769841269841269e-05
2019-06-03,105.8,106.86,105.3,106.46,11680745,0.00470766334074233,0.10961262360766022,0.16263223428543705,0.20311467064461736,107.244,110.30799999999999,16.2734523175768,18.86,0.021099999999999997,0.14999999999999858,8.373015873015872e-05
2019-06-04,107.85,109.9,107.13,109.74,12858587,0.030344603886217906,0.26898109882021404,0.20275388938880892,0.21208906945539413,107.48799999999999,110.0405,16.36952239515378,16.97,0.021099999999999997,-1.8900000000000006,8.373015873015872e-05
2019-06-05,109.86,110.38,108.64,110.13,8340484,0.0035475545460232276,0.2652903507102005,0.19666305056191835,0.2107137428866011,107.86999999999998,109.8865,15.936631806224188,16.09,0.0204,-0.879999999999999,8.095238095238096e-05
2019-06-06,110.15,110.87,108.93,110.37,8726664,0.002176871607940171,0.23565974646560758,0.19647266600604466,0.21057369280605767,108.532,109.77449999999999,15.981893724201095,15.93,0.0202,-0.16000000000000014,8.015873015873015e-05
2019-06-07,109.7,110.02,108.96,109.16,10618932,-0.011023661944654997,0.23874562397158655,0.19965721598050543,0.2119395151500462,109.172,109.60649999999998,16.17814900374932,16.3,0.0197,0.370000000000001,7.817460317460317e-05
2019-06-10,110.75,111.21,110.22,110.34,11380602,0.010751812004147165,0.24061191426552583,0.20433819476710186,0.2122512678553633,109.94800000000001,109.498,16.247420885087564,15.94,0.0203,-0.3600000000000012,8.055555555555556e-05
2019-06-11,110.82,111.57,110.37,110.68,9847999,0.0030766470744404777,0.1253389470433676,0.17878432462427152,0.21114928941224967,110.136,109.55949999999999,16.10277884530296,15.99,0.020499999999999997,0.05000000000000071,8.134920634920634e-05
2019-06-12,110.7,110.9,108.89,109.27,9670511,-0.012821271336071242,0.15942231612453595,0.18257837365374874,0.21262553343481697,109.96399999999998,109.50699999999999,16.08459170988024,15.91,0.0202,-0.08000000000000007,8.015873015873015e-05
2019-06-13,109.46,110.16,109.05,109.54,8406903,0.0024678957729214563,0.15986576074940115,0.1824176036330668,0.21250763845565704,109.798,109.48899999999999,15.944563712046826,15.82,0.02,-0.08999999999999986,7.936507936507937e-05
2019-06-14,109.57,110.3,108.63,109.82,9077685,0.0025528824951512536,0.13627889654341474,0.17633440998640804,0.20753279080927986,109.92999999999999,109.4145,16.021329762123546,15.28,0.02,-0.5400000000000009,7.936507936507937e-05
2019-06-17,109.7,110.37,109.06,109.22,8128583,-0.00547846512671885,0.11102360705414376,0.17654171221049855,0.2050252228816804,109.70599999999999,109.33700000000002,15.910897173590321,15.35,0.0203,0.07000000000000028,8.055555555555556e-05
2019-06-18,109.01,111.41,108.98,110.71,11057340,0.013549973147367805,0.1568674055752062,0.18261992164264965,0.1956465916198508,109.71199999999999,109.30499999999999,16.218605018803064,15.15,0.0204,-0.1999999999999993,8.095238095238096e-05
2019-06-19,110.82,111.59,109.695,109.91,13126542,-0.007252320790566401,0.13090410945903003,0.183675932432963,0.1954166451505305,109.84,109.21400000000001,16.39014684525534,14.33,0.0196,-0.8200000000000003,7.777777777777778e-05
2019-06-20,110.88,111.085,109.0331,110.19,13638199,0.0025442994188765943,0.1309530223568025,0.18191479416674733,0.19467666129695516,109.96999999999998,109.1825,16.42838516353862,14.75,0.0191,0.41999999999999993,7.579365079365079e-05
2019-06-21,110.19,111.67,109.09,109.44,27089546,-0.006829694625445328,0.14130246640063363,0.1687075949765844,0.19518050377195634,109.894,109.2225,17.114658454969202,15.4,0.0195,0.6500000000000004,7.738095238095238e-05
2019-06-24,109.28,109.77,108.54,108.66,13039577,-0.007152712750863297,0.14531734686017864,0.16685671348467052,0.1949198724605876,109.782,109.17,16.38349967528633,15.26,0.0192,-0.14000000000000057,7.619047619047618e-05
2019-06-25,108.68,108.98,107.67,107.76,18660111,-0.008317209021268385,0.0710679533845649,0.1649535983655229,0.19572609344802688,109.19199999999998,109.13199999999999,16.741898701918835,16.28,0.019299999999999998,1.0200000000000014,7.658730158730158e-05
2019-06-26,108.3,109.31,108.16,108.48,10324609,0.006659292089976776,0.10751989786283596,0.16650872163897182,0.18437889541564162,108.90599999999999,109.14499999999998,16.15004082684492,16.21,0.0196,-0.07000000000000028,7.777777777777778e-05
2019-06-27,108.84,109.55,108.44,108.84,10906607,0.0033130897229601943,0.10995677762169616,0.16172160038572567,0.18426262059553078,108.63600000000001,109.234,16.2048793103556,15.82,0.019299999999999998,-0.39000000000000057,7.658730158730158e-05
2019-06-28,111.04,112.43,110.9,111.8,21634683,0.026832646805953212,0.2251458536505578,0.18044413523338423,0.19194975190531396,109.10799999999999,109.526,16.88980827934982,15.08,0.0192,-0.7400000000000002,7.619047619047618e-05
2019-07-01,113.23,114.52,113.08,113.68,12762478,0.016675923067846456,0.21218215958565256,0.18710381716447103,0.1946174264544364,110.11200000000001,109.88700000000001,16.362020017653375,14.06,0.0194,-1.0199999999999996,7.698412698412698e-05
2019-07-02,113.51,114.2,113.22,113.8,10182625,0.001055037903385308,0.17017560399314755,0.15744880416284537,0.19447287273721264,111.32000000000001,110.09,16.13619339439302,12.93,0.0191,-1.1300000000000008,7.579365079365079e-05
2019-07-03,113.34,113.87,112.26,112.82,6849443,-0.00864889338040059,0.22127809097603196,0.161568414752639,0.19548872246674875,112.18799999999999,110.22449999999999,15.739677893063643,12.57,0.0191,-0.35999999999999943,7.579365079365079e-05
2019-07-05,113.51,114.27,112.92,113.49,7929536,0.005921099001217477,0.2186718735650354,0.16241109034205797,0.1949199003263522,113.11800000000001,110.38050000000001,15.886105079919314,13.28,0.019799999999999998,0.7099999999999991,7.857142857142857e-05
2019-07-08,112.96,113.48,112.5,112.87,6917209,-0.005478013345512494,0.15892856261191737,0.15791828325778617,0.19529819341756532,113.332,110.566,15.749522922537551,13.96,0.0199,0.6800000000000015,7.896825396825397e-05
2019-07-09,112.28,113.49,112.15,113.35,8947322,0.004243662986002963,0.09954940676670397,0.15460983522794602,0.19482227735831384,113.26599999999999,110.7165,16.006864827599344,14.09,0.02,0.129999999999999,7.936507936507937e-05
2019-07-10,113.37,113.83,112.74,113.02,9242253,-0.00291558275184067,0.09942818768728742,0.1551821152701273,0.17119660338922024,113.10999999999999,110.8335,16.03929624506471,13.03,0.019299999999999998,-1.0600000000000005,7.658730158730158e-05
2019-07-11,113.37,114.36,113.12,114.1,11595170,0.009510462666332604,0.09931760392073084,0.14883032319629555,0.17044504868660582,113.36599999999999,111.075,16.266099190056313,12.93,0.0197,-0.09999999999999964,7.817460317460317e-05
2019-07-12,114.13,115.35,113.93,115.3,10783395,0.010462170406983452,0.11401838931784443,0.15172487380658434,0.17043670577937367,113.728,111.36300000000001,16.19351800892842,12.39,0.0196,-0.5399999999999991,7.777777777777778e-05
2019-07-15,115.54,115.57,113.53,113.9,12946597,-0.01221655682187678,0.1504219751141763,0.1605387088741889,0.16229385657331263,113.934,111.56700000000001,16.376343531654346,12.68,0.0195,0.28999999999999915,7.738095238095238e-05
2019-07-16,113.48,115.5,112.92,115.12,16944998,0.010654192125975999,0.16327329673341331,0.1610186569183986,0.16302635847791938,114.28799999999998,111.862,16.645483244994363,12.86,0.02,0.17999999999999972,7.936507936507937e-05
2019-07-17,114.43,114.94,113.73,113.99,13120924,-0.009864337330425244,0.18535834011746133,0.1614084801795718,0.1643194717545512,114.482,112.026,16.38971876582963,13.97,0.0195,1.1100000000000012,7.738095238095238e-05
2019-07-18,113.93,115.07,113.55,114.67,9400654,0.0059477128015259515,0.1774694544950595,0.15873748452528683,0.16474713869905167,114.596,112.26399999999998,16.056289819288125,13.53,0.019,-0.4400000000000013,7.53968253968254e-05
2019-07-19,114.89,115.12,113.4,113.54,10402772,-0.009903240307632835,0.16765992088416803,0.16434626269094324,0.16599184971251807,114.244,112.43149999999999,16.157582867058075,14.45,0.0194,0.9199999999999999,7.698412698412698e-05
2019-07-22,112.91,114.45,112.77,114.27,9061487,0.006408871416042082,0.15538304953051826,0.16215337792807893,0.1665087006486134,114.31800000000001,112.67299999999997,16.01954379258695,13.53,0.0195,-0.9199999999999999,7.738095238095238e-05
2019-07-23,114.88,116.45,114.82,116.36,12752167,0.018124764468378657,0.19072188124475994,0.16763224399479734,0.16990778754671454,114.56599999999999,113.05799999999999,16.361211775911325,12.61,0.0197,-0.9199999999999999,7.817460317460317e-05
2019-07-24,115.58,116.88,115.52,116.83,10011034,0.004031053102056076,0.15837902689730088,0.16179053507955568,0.1675699932981368,115.13399999999999,113.5115,16.119198442659965,12.07,0.019799999999999998,-0.5399999999999991,7.857142857142857e-05
2019-07-25,116.89,117.24,115.32,115.71,10138368,-0.009632825840810958,0.18789550693376986,0.16849018917887584,0.1687498473853193,115.34200000000001,113.873,16.131837596428433,12.74,0.0199,0.6699999999999999,7.896825396825397e-05
2019-07-26,115.77,116.51,115.53,116.22,12800364,0.004397885758713464,0.15656872777055872,0.1685416138276806,0.16822784369820692,115.878,114.242,16.364984165985508,12.16,0.02,-0.5800000000000001,7.936507936507937e-05
2019-07-29,116.46,117.18,115.79,115.85,8500370,-0.0031886957685743882,0.16446450341434854,0.14493575828389357,0.16831190022711148,116.194,114.44449999999999,15.955620249924932,12.83,0.019799999999999998,0.6699999999999999,7.857142857142857e-05
2019-07-30,115.19,116.08,114.76,115.59,7121146,-0.0022468035722092135,0.09214797634145307,0.1343155041120582,0.1678968021086411,116.04,114.54,15.778579225492463,13.94,0.0197,1.1099999999999994,7.817460317460317e-05
2019-07-31,116.1,116.18,114.86,116.0,13647968,0.0035407438001886058,0.09040075584004031,0.13465935038535992,0.16703562057271068,115.874,114.65,16.429101204044965,16.12,0.02,2.1800000000000015,7.936507936507937e-05
2019-08-01,115.33,116.8,112.6,112.94,15664530,-0.02673348686167408,0.20147987920915505,0.16389723259670527,0.1726234074373751,115.31999999999998,114.65599999999999,16.566909478726494,17.87,0.018799999999999997,1.75,7.460317460317459e-05
2019-08-02,112.4,113.43,111.4,112.93,11025527,-8.85465091117068e-05,0.1907434818633034,0.162425155839494,0.17227331650587685,114.66199999999999,114.628,16.215723778608293,17.61,0.018500000000000003,-0.26000000000000156,7.341269841269842e-05
2019-08-05,110.79,110.98,108.27,109.57,15855328,-0.030204543318277113,0.25391289436518516,0.193691541409628,0.1830911200971621,113.40599999999999,114.463,16.57901615322089,24.59,0.0178,6.98,7.063492063492064e-05
2019-08-06,110.05,110.5,108.34,110.43,10203487,0.007818221641737564,0.2843661114554903,0.195500570037353,0.1838718485554253,112.374,114.31700000000001,16.138240082577845,20.17,0.018000000000000002,-4.419999999999998,7.142857142857143e-05
2019-08-07,108.0,108.28,105.94,108.03,17320865,-0.021972869730145957,0.27005097640286685,0.20883189720368658,0.180654656238025,110.78,114.0675,16.66742240211477,19.49,0.0175,-0.6800000000000033,6.944444444444444e-05
2019-08-08,109.05,110.08,108.72,109.86,10903331,0.016797861585580838,0.3160501388372123,0.21576560204890757,0.18326061644121303,110.16400000000002,113.8555,16.2045788968446,16.91,0.0179,-2.5799999999999983,7.103174603174603e-05
2019-08-09,109.35,110.45,108.29,109.74,9980834,-0.0010928962836450919,0.3150395647438566,0.21083165733830694,0.1831079013528171,109.526,113.57750000000001,16.116177211930378,17.97,0.0178,1.0599999999999987,7.063492063492064e-05
2019-08-12,108.44,108.5146,107.21,107.68,9266348,-0.01895006573441155,0.2663240158699477,0.21624510799728203,0.18517576201803096,109.148,113.2665,16.04189990091225,21.09,0.0175,3.120000000000001,6.944444444444444e-05
2019-08-13,107.95,110.33,107.03,109.34,12236560,0.015298427570435483,0.29051184234400185,0.22066301036936253,0.18776293635679867,108.92999999999999,112.9775,16.319938749796062,17.52,0.018600000000000002,-3.5700000000000003,7.380952380952382e-05
2019-08-14,106.3,106.91,104.45,104.8,19491849,-0.0424085215799115,0.3961242092920309,0.26139872607021175,0.20632612205617004,108.28400000000002,112.518,16.785506936147623,22.1,0.0179,4.580000000000002,7.103174603174603e-05
2019-08-15,104.82,106.38,104.34,105.2,13365567,0.0038095284166676487,0.35775839139435905,0.26040579491660626,0.20636459043612965,107.352,112.04450000000001,16.4081923308977,21.18,0.0172,-0.9200000000000017,6.825396825396825e-05
2019-08-16,106.37,107.98,105.87,107.72,11830550,0.023671967639788558,0.42724777326757785,0.2775488874021381,0.2118843275143959,106.94800000000001,111.7535,16.28619572684342,18.47,0.0171,-2.710000000000001,6.785714285714286e-05
2019-08-19,109.63,109.75,108.42,108.69,8265570,0.008964525631697378,0.41015946576911555,0.2787983351574177,0.20882904757088724,107.15,111.4745,15.927609252376492,16.88,0.0175,-1.5899999999999999,6.944444444444444e-05
2019-08-20,107.85,108.44,107.24,107.31,8376105,-0.01277795163605948,0.4005565788224596,0.26991063846154517,0.20943224480118539,106.744,111.022,15.940893567270557,17.5,0.0172,0.620000000000001,6.825396825396825e-05
2019-08-21,108.21,108.43,107.45,107.61,8189648,0.0027917382732649157,0.20793224564703408,0.26945407612087213,0.2083672512617249,107.306,110.561,15.918381475662638,15.8,0.0177,-1.6999999999999993,7.023809523809524e-05
2019-08-22,108.37,109.27,107.93,108.72,9343395,0.010262189630587445,0.2100691428352743,0.27327324792417657,0.20937412488738047,108.00999999999999,110.2115,16.050180234522433,16.68,0.0179,0.879999999999999,7.103174603174603e-05
2019-08-23,108.0,108.78,105.11,106.02,14764096,-0.025148014283228316,0.24316486206213342,0.28246937180558346,0.2145632732393702,107.67,109.70149999999998,16.507708845413784,19.87,0.0173,3.1900000000000013,6.865079365079365e-05
2019-08-26,106.62,106.99,106.01,106.87,8211955,0.007985386977145334,0.24016451841141767,0.2859692079730767,0.2141395761587825,107.306,109.25249999999998,15.921101577320268,19.32,0.0175,-0.5500000000000007,6.944444444444444e-05
2019-08-27,107.35,107.56,104.84,105.74,14335951,-0.010629891729501266,0.23530239966916822,0.28682121577043174,0.21504801358762654,106.992,108.76000000000002,16.478280996222257,20.31,0.0177,0.9899999999999984,7.023809523809524e-05
2019-08-28,105.08,107.21,105.04,106.8,10584137,0.009974675718790403,0.2513206764803385,0.2900902033557419,0.20661195762959605,106.83,108.3,16.17486692875967,19.35,0.0174,-0.9599999999999973,6.904761904761904e-05
2019-08-29,108.14,109.89,108.02,109.22,10002439,0.022406270197913216,0.2976743246948303,0.29174693863495166,0.2117230585607861,106.92999999999999,108.114,16.11833952121955,17.88,0.0175,-1.4700000000000024,6.944444444444444e-05
2019-08-30,109.84,110.56,109.47,109.86,10170206,0.005842631190466706,0.18770529285472903,0.2929318544909938,0.21202733274640473,107.69800000000001,107.9605,16.134973023473485,18.98,0.0176,1.1000000000000014,6.984126984126985e-05
2019-09-03,108.98,108.99,107.32,108.56,9867833,-0.011903812387860587,0.23019847722588854,0.27574477580362017,0.2122289925031414,108.03600000000002,107.91000000000001,16.10479083309945,19.66,0.0172,0.6799999999999997,6.825396825396825e-05
2019-09-04,109.45,110.22,108.56,109.87,6929198,0.011994833186175858,0.19885102799195545,0.2777993118628005,0.21251535617323253,108.86200000000001,107.88199999999999,15.751254635753273,17.33,0.0169,-2.330000000000002,6.706349206349206e-05
2019-09-05,111.25,113.72,111.2,112.37,13224675,0.022499149207021348,0.22604367432306646,0.276534236917967,0.2174153194904166,109.976,108.099,16.39759496073749,16.27,0.0173,-1.0599999999999987,6.865079365079365e-05
2019-09-06,112.66,112.98,111.96,112.61,7836589,0.002133523789123073,0.2013649733051027,0.27094757457151125,0.21572797411636652,110.654,108.2365,15.874314221122724,15.0,0.0173,-1.2699999999999996,6.865079365079365e-05
2019-09-09,113.71,116.06,113.6,115.4,13983434,0.024473832365065003,0.23959854476360032,0.2829648601348882,0.2212284937882039,111.76200000000001,108.5195,16.45338390122995,15.27,0.0174,0.2699999999999996,6.904761904761904e-05
2019-09-10,116.3,117.27,115.73,116.87,14330294,0.01265785187106637,0.1432549471326434,0.27324068360808446,0.2225225835418472,113.424,108.979,16.477886315993057,15.2,0.0181,-0.07000000000000028,7.182539682539683e-05
2019-09-11,116.89,117.2,115.38,117.19,9905010,0.0027343433254452747,0.16751432587489942,0.27002882468505746,0.22213168841976066,114.888,109.3715,16.108551247705396,14.61,0.0179,-0.5899999999999999,7.103174603174603e-05
2019-09-12,116.55,118.47,115.92,117.91,12281879,0.006125072318071076,0.14754304097219945,0.208649016618828,0.22088245634955014,115.99600000000001,110.027,16.323635482007287,14.22,0.0182,-0.3899999999999988,7.222222222222223e-05
2019-09-13,119.0,120.4,118.75,120.23,16256651,0.01948495339823588,0.1434039128489897,0.21392516615348375,0.22337252902228721,117.52000000000001,110.77849999999998,16.604012675310464,13.74,0.018799999999999997,-0.4800000000000004,7.460317460317459e-05
2019-09-16,118.9,119.87,118.38,119.16,11873407,-0.008939447141736301,0.17008466413553985,0.21086155431374695,0.22437982581609361,118.272,111.35050000000001,16.289811751517995,14.67,0.018600000000000002,0.9299999999999997,7.380952380952382e-05
2019-09-17,118.42,118.61,117.24,118.57,10817417,-0.004963624375102404,0.1752493939923963,0.2132120593410169,0.2241233353558541,118.61200000000001,111.8445,16.196668078299258,14.44,0.0187,-0.23000000000000043,7.420634920634921e-05
2019-09-18,118.32,120.08,117.75,119.76,10713520,0.009986236641393935,0.1822697033594708,0.20407346719738678,0.2241032427960697,119.126,112.46700000000001,16.18701705322474,13.95,0.0187,-0.4900000000000002,7.420634920634921e-05
2019-09-19,119.7,120.34,119.09,119.38,9458820,-0.0031780573708691836,0.188388500581327,0.20620877336879465,0.22337612204104731,119.42,113.05549999999998,16.062458197518527,14.05,0.018799999999999997,0.10000000000000142,7.460317460317459e-05
2019-09-20,119.74,120.34,118.87,118.9,22075596,-0.004028879043767545,0.11388243541828505,0.2077800891191202,0.2234379306175822,119.154,113.5645,16.909983302957333,15.32,0.0184,1.2699999999999996,7.301587301587302e-05
2019-09-23,117.78,119.12,117.68,118.88,9183072,-0.00016822272728724287,0.09708653813229694,0.17721667532961097,0.22343308400416012,119.098,114.20750000000001,16.032872347139897,14.91,0.0181,-0.41000000000000014,7.182539682539683e-05
2019-09-24,118.75,119.26,117.04,117.33,11850898,-0.013124103533916623,0.13191670343582124,0.18908822027733038,0.2190230690999527,118.85,114.7305,16.28791420326493,17.05,0.0178,2.1400000000000006,7.063492063492064e-05
2019-09-25,117.27,118.36,117.12,118.0,9417130,0.005694147030132328,0.10859466683066202,0.18024237571173066,0.216768842972886,118.498,115.34349999999999,16.058040929217984,15.96,0.0182,-1.0899999999999999,7.222222222222223e-05
2019-09-26,117.88,118.05,116.95,117.03,9918237,-0.008254312278989935,0.11502323272806728,0.1857506490609278,0.21752759114428355,118.02799999999999,115.85499999999999,16.109885741692477,16.07,0.0179,0.10999999999999943,7.103174603174603e-05
2019-09-27,117.96,118.64,117.28,117.72,10207848,0.005878611178597199,0.13458029758196616,0.17357134117588258,0.21696415883278583,117.792,116.28,16.138667394173716,17.22,0.0174,1.1499999999999986,6.904761904761904e-05
2019-09-30,118.36,118.77,117.22,117.69,9799593,-0.0002548744757010937,0.13450759234275972,0.17394411408534294,0.21669943809418804,117.554,116.6715,16.097851412166136,16.24,0.0175,-0.9800000000000004,6.944444444444444e-05
2019-10-01,118.4,119.0,115.41,115.55,11327235,-0.018350712169181195,0.16366712203688763,0.1827693355381936,0.219826281641063,117.19800000000001,117.021,16.242720560855602,18.56,0.0173,2.3200000000000003,6.865079365079365e-05
2019-10-02,114.81,114.9,112.93,113.25,12621579,-0.02010557235724626,0.178564111527473,0.1970562572520805,0.22363447923631005,116.248,117.19000000000001,16.350918526109584,20.56,0.0167,2.0,6.626984126984126e-05
2019-10-03,112.27,112.91,110.52,112.19,13018567,-0.009403901806270131,0.17876548628023947,0.18411202908440585,0.22438800283452898,115.28,117.181,16.38188712724356,19.12,0.0158,-1.4399999999999977,6.26984126984127e-05
2019-10-04,112.34,114.94,112.27,114.62,9619571,0.021428446566718044,0.2687231437118706,0.19930167415178673,0.22787558820595072,114.66,117.28150000000001,16.079310227052925,17.04,0.0158,-2.080000000000002,6.26984126984127e-05
2019-10-07,114.19,115.5,114.07,114.37,6807677,-0.0021835023304660407,0.2667667988888888,0.17886989995308852,0.2268852990877675,113.99600000000001,117.22999999999999,15.733561503926522,17.86,0.016399999999999998,0.8200000000000003,6.507936507936507e-05
2019-10-08,113.06,113.06,111.66,111.82,11587216,-0.022548371194626205,0.2805912064839164,0.18807489052517243,0.23019898434201758,113.25,116.9775,16.26541297938653,20.28,0.016200000000000003,2.4200000000000017,6.42857142857143e-05
2019-10-09,112.67,113.16,112.07,112.63,7331896,0.00721767446110601,0.26407042017752214,0.19029785096755086,0.22960703584213965,113.126,116.74949999999998,15.80774470344397,18.64,0.0159,-1.6400000000000006,6.30952380952381e-05
2019-10-10,113.14,115.4,113.0,114.21,11169000,0.01393074900291052,0.2697320007266917,0.19662169383351544,0.2305785064973401,113.53,116.5645,16.228652641522963,17.57,0.0163,-1.0700000000000003,6.468253968253968e-05
2019-10-11,116.03,117.99,115.87,116.14,15187536,0.01675750088138822,0.2516823036342285,0.19294757069021476,0.23281639928544365,113.83399999999999,116.36000000000001,16.535985649432604,15.58,0.0167,-1.9900000000000002,6.626984126984126e-05
2019-10-14,115.85,116.87,115.66,116.45,8864899,0.002665636386446123,0.24816354901929244,0.19158942456085323,0.2319070767443191,114.25,116.22449999999999,15.997610104306537,14.57,0.0167,-1.0099999999999998,6.626984126984126e-05
2019-10-15,118.85,121.59,117.87,119.96,30519044,0.02969635755045831,0.16429111555345363,0.2198568894126411,0.2392688783006441,115.878,116.29400000000001,17.233861440167782,13.54,0.0165,-1.0300000000000011,6.547619047619048e-05
2019-10-16,119.96,120.62,119.38,119.68,11630767,-0.0023368396546411,0.1995546561689781,0.21720174133006145,0.23660423690594815,117.28800000000001,116.28999999999999,16.26916447244921,13.68,0.0159,0.14000000000000057,6.30952380952381e-05
2019-10-17,120.75,121.57,119.88,120.35,11063087,0.005582650002913639,0.20360176009738948,0.21774495238051225,0.23672534809402662,118.516,116.3385,16.21912462903747,13.79,0.0159,0.10999999999999943,6.30952380952381e-05
2019-10-18,120.0,121.02,119.86,120.56,10417417,0.001743390089159162,0.20230239117115079,0.21714934949496342,0.2357928154642,119.4,116.42150000000001,16.158989674884396,14.25,0.0158,0.46000000000000085,6.26984126984127e-05
2019-10-21,122.05,123.77,121.99,123.55,13269316,0.02449837811637911,0.2274494497456753,0.23293031903480982,0.24069236466405589,120.82000000000001,116.655,16.40096486014193,14.0,0.0159,-0.25,6.30952380952381e-05
2019-10-22,123.45,125.1,123.12,124.79,12654722,0.00998639208514403,0.16419297000818342,0.2275071929027195,0.24122243242168814,121.78600000000002,117.02799999999999,16.353540984118332,14.46,0.0159,0.46000000000000085,6.30952380952381e-05
2019-10-23,124.2,125.15,124.17,125.12,9395088,0.0026409522772379355,0.147617290434964,0.22730030723738398,0.24112872169134342,122.874,117.38400000000001,16.055697557470243,14.01,0.0158,-0.45000000000000107,6.26984126984127e-05
2019-10-24,125.29,125.66,124.07,125.03,8054250,-0.0007195682900927061,0.1625399278968566,0.22393185928542042,0.24111923616756742,123.80999999999999,117.78399999999999,15.901710460388573,13.71,0.0159,-0.29999999999999893,6.30952380952381e-05
2019-10-25,125.0,126.65,124.75,126.03,9053809,0.00796626534249205,0.15412790657529038,0.22437212005342932,0.2343095316688259,124.904,118.19950000000001,16.018696111107193,12.65,0.016,-1.0600000000000005,6.349206349206349e-05
2019-10-28,126.57,127.21,126.4,126.51,9370791,0.0038013825771779277,0.06782855436458234,0.2239548344204773,0.2343092679444696,125.49600000000001,118.6405,16.053108069008033,13.11,0.016,0.4599999999999991,6.349206349206349e-05
2019-10-29,126.06,127.42,125.94,126.43,9680627,-0.0006325611027718788,0.057076609275106265,0.20925645896802578,0.22464535868514585,125.824,119.1845,16.08563722988237,13.2,0.0159,0.08999999999999986,6.30952380952381e-05
2019-10-30,126.05,126.26,124.92,125.73,8513252,-0.0055520447187165185,0.08130333817764936,0.19224534852235614,0.2249352020311309,125.946,119.80850000000001,15.957134566213574,12.33,0.0159,-0.8699999999999992,6.30952380952381e-05
2019-10-31,125.49,125.73,123.86,124.92,11589021,-0.006463218190212005,0.09745560472982444,0.1895414127637586,0.2200192373644795,125.924,120.44500000000001,16.26556874237805,13.22,0.015300000000000001,0.8900000000000006,6.071428571428572e-05
2019-11-01,126.2,127.99,126.02,127.8,11675083,0.022793009528556566,0.1891780767789507,0.1911296141256309,0.2220263399917604,126.27799999999999,121.104,16.272967470701673,12.3,0.015300000000000001,-0.9199999999999999,6.071428571428572e-05
2019-11-04,129.08,129.42,128.56,128.82,9158648,0.007949539175310149,0.1928329939601505,0.189141603016795,0.22217101615667129,126.74000000000001,121.82650000000001,16.030209127503344,12.83,0.015600000000000001,0.5299999999999994,6.19047619047619e-05
2019-11-05,129.39,130.3,128.84,129.1,13740603,0.00217121673385222,0.1899442324889581,0.15744104225262368,0.21756031364100276,127.274,122.6905,16.435865730258378,13.1,0.016200000000000003,0.2699999999999996,6.42857142857143e-05
2019-11-06,128.69,129.84,128.58,129.3,11231073,0.001547987925215175,0.1729550216463269,0.15870657024138032,0.21606665564507987,127.98800000000001,123.524,16.23419486979049,12.62,0.0158,-0.4800000000000004,6.26984126984127e-05
2019-11-07,130.43,131.29,129.92,130.0,13527401,0.0053991646777706015,0.13775179708781404,0.15656970181218752,0.19448311707850835,129.004,124.3135,16.420227890046817,12.73,0.0158,0.11000000000000121,6.26984126984127e-05
2019-11-08,129.88,130.4,129.25,130.38,9293368,0.0029188130408107343,0.04206165194012264,0.15215916151374137,0.19448741572961306,129.51999999999998,125.0255,16.044811585454127,12.07,0.0158,-0.6600000000000001,6.26984126984127e-05
2019-11-11,129.6,130.1,129.35,129.92,8679006,-0.003534387083025547,0.05193492939910016,0.15540085598767353,0.19043059356198355,129.74,125.699,15.976417563950028,12.69,0.0158,0.6199999999999992,6.26984126984127e-05
2019-11-12,129.63,130.62,129.01,129.16,9098990,-0.005866930523293257,0.07400666864920229,0.13127710146673774,0.19091255704483248,129.752,126.15899999999999,16.023673976316353,12.68,0.0158,-0.009999999999999787,6.26984126984127e-05
2019-11-13,128.13,128.82,127.42,128.48,8096654,-0.005278695691622946,0.08108158137509205,0.13346686312347342,0.1888941535624499,129.58800000000002,126.599,15.906961447879215,13.0,0.015700000000000002,0.3200000000000003,6.230158730158731e-05
2019-11-14,127.72,128.84,127.59,128.6,8483395,0.0009335616050675845,0.061849927191314706,0.13354688225826086,0.18894132021479773,129.308,127.0115,15.953621281421482,13.05,0.0155,0.05000000000000071,6.150793650793651e-05
2019-11-15,129.23,129.53,128.4,129.53,10163564,0.007205702738645745,0.08659060367084385,0.13410062096693967,0.18854087059760097,129.13799999999998,127.46,16.13431972600467,12.05,0.0154,-1.0,6.111111111111111e-05
2019-11-18,129.56,130.65,128.99,130.62,8749271,0.008379829932346384,0.10634910565122763,0.11097791604212992,0.17952817310563585,129.278,127.8135,15.984480940577255,12.46,0.0154,0.41000000000000014,6.111111111111111e-05
2019-11-19,130.99,131.25,130.18,130.58,8822987,-0.00030627871602360575,0.08947037908823537,0.1080926767018638,0.1794431483662602,129.56199999999998,128.103,15.992871032781418,12.86,0.0154,0.3999999999999986,6.111111111111111e-05
2019-11-20,130.3,130.62,128.94,129.63,11782789,-0.007301827146536045,0.10056991940023707,0.11327489341190483,0.17846349090976069,129.792,128.3285,16.282150465380766,12.78,0.0154,-0.08000000000000007,6.111111111111111e-05
2019-11-21,130.0,130.72,129.39,129.93,7568586,0.0023116052826936285,0.1003128449080111,0.11290150785802755,0.17794702278885402,130.05800000000002,128.57350000000002,15.839516818005844,13.13,0.0155,0.3500000000000014,6.150793650793651e-05
2019-11-22,130.15,131.22,130.1,130.79,8166883,0.006597139606415928,0.09842051177938309,0.11203061335379474,0.17358045120079707,130.31,128.8115,15.915597876291915,12.34,0.015600000000000001,-0.7900000000000009,6.19047619047619e-05
2019-11-25,131.25,132.07,130.87,131.49,10068496,0.005337819597766598,0.0876535744274228,0.11251659509606259,0.173548268621232,130.48399999999998,129.0605,16.124921899021878,11.87,0.0158,-0.47000000000000064,6.26984126984127e-05
2019-11-26,131.82,131.82,130.36,131.67,10494979,0.0013679892694245886,0.08648543397232786,0.1121356269316221,0.1707911853468448,130.702,129.3225,16.166407510282035,11.54,0.0159,-0.33000000000000007,6.30952380952381e-05
2019-11-27,132.29,132.43,131.65,132.06,6607522,0.0029575723981730916,0.034590351549800606,0.1085136459680431,0.16980864203333282,131.18800000000002,129.639,15.703719255004792,11.75,0.016,0.21000000000000085,6.349206349206349e-05
2019-11-29,131.87,132.41,131.45,131.76,5712035,-0.0022742788970404712,0.05538050771761562,0.10490581721316225,0.16522738008013707,131.554,129.981,15.558085910433766,12.62,0.016,0.8699999999999992,6.349206349206349e-05
2019-12-02,132.31,132.74,131.35,131.47,8615615,-0.0022033971608719253,0.05250596548528205,0.07437822637782131,0.1655244179100738,131.69,130.1645,15.969086812511724,14.91,0.016,2.290000000000001,6.349206349206349e-05
2019-12-03,129.77,129.96,128.59,129.78,10648459,-0.012937979515490527,0.09842423228425277,0.08607616586671372,0.1621114995973092,131.348,130.2125,16.18092574481472,15.96,0.015700000000000002,1.0500000000000007,6.230158730158731e-05
2019-12-04,130.38,132.47,129.99,132.34,10318220,0.019533659390890988,0.18826145809254388,0.10971069295840048,0.16464266367983682,131.482,130.37449999999998,16.14942182252104,14.8,0.015600000000000001,-1.1600000000000001,6.19047619047619e-05
2019-12-05,132.68,133.31,132.18,133.06,9587358,0.0054257857298279704,0.19066596842621156,0.11071428814959594,0.16478125519984108,131.682,130.5625,16.075955913596204,14.52,0.015600000000000001,-0.28000000000000114,6.19047619047619e-05
2019-12-06,134.69,135.78,134.65,135.04,10170616,0.014770876533905353,0.2070550745146757,0.119792382337441,0.16662187994066402,132.33800000000002,130.8145,16.135013336495255,13.62,0.015700000000000002,-0.9000000000000004,6.230158730158731e-05
2019-12-09,134.63,135.46,134.41,134.41,8497729,-0.004676200764590017,0.21306984491496367,0.1219514114573829,0.16327797970572241,132.926,131.01600000000002,15.955309509291965,15.86,0.015600000000000001,2.24,6.19047619047619e-05
2019-12-10,133.25,134.77,132.88,134.5,7532859,0.0006693689588368185,0.1580018318357131,0.1205444366412405,0.16174422274503722,133.87,131.245,15.834785208990281,15.68,0.015600000000000001,-0.17999999999999972,6.19047619047619e-05
2019-12-11,134.29,135.02,134.01,134.18,8414899,-0.002382016907151729,0.12231504404843178,0.11824338937805413,0.16135430861315775,134.238,131.496,15.945514383158306,14.99,0.0155,-0.6899999999999995,6.150793650793651e-05
2019-12-12,134.49,138.47,134.21,138.02,13716565,0.028216420057713784,0.22088463452197982,0.14742338614513845,0.16930794448433586,135.23000000000002,131.973,16.43411478448412,13.94,0.0155,-1.0500000000000007,6.150793650793651e-05
2019-12-13,137.95,138.83,136.22,136.81,10589082,-0.008805500260433152,0.23381609486904645,0.15366446708542392,0.17048359897500426,135.584,132.3835,16.175334028267773,12.63,0.0154,-1.3099999999999987,6.111111111111111e-05
2019-12-16,138.38,138.84,137.32,137.34,11371373,0.0038665012605076715,0.22474726594518607,0.15293491605141468,0.17000456419341067,136.17000000000002,132.774,16.246609614812684,12.14,0.0154,-0.4900000000000002,6.111111111111111e-05
2019-12-17,137.73,138.67,137.23,138.18,11546590,0.006097579868118538,0.22249572207349172,0.15206783544497476,0.17008475430663933,136.906,133.152,16.261900713245492,12.29,0.015300000000000001,0.14999999999999858,6.071428571428572e-05
2019-12-18,138.15,139.02,137.72,138.04,10381310,-0.0010136848308462314,0.21967534574927822,0.15228088959619657,0.16711583307432676,137.67800000000003,133.525,16.15551763197785,12.58,0.0154,0.2900000000000009,6.111111111111111e-05
2019-12-19,137.76,138.22,137.1,137.35,9350387,-0.005011085688519821,0.09755712468838347,0.15047622931157895,0.16773808138897192,137.544,133.911,16.050928290782643,12.5,0.0152,-0.08000000000000007,6.0317460317460316e-05
2019-12-20,138.02,138.88,136.9,137.24,29954604,-0.0008011945510338196,0.06962252547070838,0.15104019716135145,0.16638122107411743,137.63,134.2765,17.215193593583034,12.51,0.0152,0.009999999999999787,6.0317460317460316e-05
2019-12-23,137.6,137.91,136.88,137.2,9738389,-0.0002915026984642737,0.06341755089370317,0.1506839313613425,0.1663511304340294,137.602,134.59699999999998,16.091586261527883,12.61,0.015300000000000001,0.09999999999999964,6.071428571428572e-05
2019-12-24,137.33,137.63,137.06,137.58,3324291,0.0027658508060834936,0.04399848307631668,0.1502931845128058,0.16624857591460976,137.48200000000003,134.9015,15.01676697625198,12.67,0.015300000000000001,0.0600000000000005,6.071428571428572e-05
2019-12-26,137.89,139.1,137.78,139.04,6770873,0.010556095419213764,0.09205112703415834,0.1530798216271966,0.16116477185548964,137.68200000000002,135.27,15.728140587830499,12.65,0.015300000000000001,-0.019999999999999574,6.071428571428572e-05
2019-12-27,139.3,139.77,138.67,139.14,7868174,0.0007189589784132607,0.07394592665229194,0.15324051163307334,0.15385120028703808,138.04000000000002,135.624,15.878336573142336,13.43,0.0151,0.7799999999999994,5.992063492063492e-05
2019-12-30,139.9,140.08,138.47,138.63,6962744,-0.0036721069452104807,0.08432074361748834,0.15391044181493582,0.15224887785835975,138.318,135.96750000000003,15.756084207486923,14.82,0.015700000000000002,1.3900000000000006,6.230158730158731e-05
2019-12-31,138.51,139.48,138.29,139.4,7201567,0.005538984776138971,0.08443059364338869,0.15319683119388522,0.14768301858890745,138.75799999999998,136.36399999999998,15.789809199195265,13.78,0.0159,-1.040000000000001,6.30952380952381e-05
2020-01-02,139.79,141.1,139.26,141.09,10802713,0.01205048629864287,0.10481846428943646,0.14429108436230945,0.14832087091935242,139.46,136.92950000000002,16.195307864251784,12.47,0.015600000000000001,-1.3099999999999987,6.19047619047619e-05
2020-01-03,137.5,139.23,137.08,138.34,10386627,-0.019683561452627646,0.18987190754393485,0.15564106265356398,0.1462740732818885,139.32,137.2295,16.156029671292703,14.02,0.0155,1.549999999999999,6.150793650793651e-05
2020-01-06,136.56,138.27,136.5,138.23,10238065,-0.0007954586961728831,0.18930695438059925,0.15550650934490756,0.1463370437370075,139.13799999999998,137.488,16.14162319487578,13.85,0.0154,-0.16999999999999993,6.111111111111111e-05
2020-01-07,137.28,137.86,135.82,135.88,10545115,-0.01714682118388266,0.22134725345854128,0.16163594365129866,0.15059508449783743,138.588,137.53000000000003,16.17117327747803,13.79,0.015300000000000001,-0.0600000000000005,6.071428571428572e-05
2020-01-08,135.7,137.58,135.6,136.94,9695164,0.0077707304005336895,0.2278816377157967,0.16257899216871896,0.14816855740017126,138.096,137.6565,16.087137762451867,13.45,0.0155,-0.33999999999999986,6.150793650793651e-05
2020-01-09,138.05,138.23,137.04,137.44,9469028,0.0036445845430283282,0.19737410438212602,0.16285792505735774,0.14817987806590716,137.36599999999999,137.80349999999999,16.0635368199789,12.54,0.0154,-0.9100000000000001,6.111111111111111e-05
2020-01-10,137.21,137.25,135.81,136.07,10190307,-0.010017999033178241,0.16148491216477548,0.16720906057331814,0.1394419679016662,136.912,137.898,16.136947532321138,12.56,0.015300000000000001,0.02000000000000135,6.071428571428572e-05
2020-01-13,136.19,137.2,135.76,137.2,12130754,0.008270256089017766,0.1819086882102964,0.13569284053691902,0.13969455483471765,136.706,137.857,16.311254438922433,12.32,0.015300000000000001,-0.2400000000000002,6.071428571428572e-05
2020-01-14,137.94,140.76,137.69,138.8,24905963,0.011594332780919446,0.13433424677020148,0.1380302969618597,0.14084075420300926,137.29000000000002,137.9565,17.030617810676326,12.39,0.015300000000000001,0.07000000000000028,6.071428571428572e-05
2020-01-15,137.85,138.6,136.15,136.72,16289273,-0.015099009265368718,0.1851154200887771,0.14833251938973774,0.14532274673877776,137.246,137.9255,16.606017350975836,12.42,0.0154,0.02999999999999936,6.111111111111111e-05
2020-01-16,137.45,137.9,136.84,137.25,10471626,0.0038690415823045823,0.1854249902635094,0.1472796027458705,0.1376893180624149,137.208,137.879,16.16417987164839,12.32,0.0154,-0.09999999999999964,6.111111111111111e-05
2020-01-17,137.54,138.29,137.32,138.2,14668600,0.006897830943929326,0.1674561026703633,0.14945925113114597,0.13704443265151353,137.634,137.887,16.50121971270899,12.1,0.015600000000000001,-0.22000000000000064,6.19047619047619e-05
2020-01-21,137.19,138.07,136.69,136.84,8472375,-0.009889551224165516,0.18123738900780734,0.15262342237126758,0.13906846403205966,137.562,137.86149999999998,15.952321428739872,12.85,0.0154,0.75,6.111111111111111e-05
2020-01-22,137.24,137.4,136.38,136.68,7548317,-0.0011699328623128655,0.14685447152461945,0.15264874585161223,0.13910211751246307,137.13799999999998,137.83350000000002,15.836835182468924,12.91,0.0155,0.0600000000000005,6.150793650793651e-05
2020-01-23,135.71,136.74,134.72,136.54,9344956,-0.0010248152569569853,0.10115706895622593,0.15267648406280096,0.13853200367164625,137.102,137.8005,16.0503472904605,12.98,0.0155,0.07000000000000028,6.150793650793651e-05
2020-01-24,136.37,136.43,132.32,133.15,15164604,-0.025141299730192874,0.19376209523497726,0.17577579993137804,0.14865924492055851,136.282,137.579,16.53447458600423,14.56,0.0155,1.58,6.150793650793651e-05
2020-01-27,130.27,132.94,129.71,132.03,12854512,-0.00844714276883159,0.15603549443100484,0.17117589147858372,0.14985057976710145,135.048,137.2285,16.36920543607902,18.23,0.015300000000000001,3.67,6.071428571428572e-05
2020-01-28,132.84,134.97,132.48,134.43,13060214,0.01801444797505158,0.2468515138139774,0.18597534142535638,0.15337754248951044,134.56599999999997,136.993,16.38508106758949,16.28,0.015300000000000001,-1.9499999999999993,6.071428571428572e-05
2020-01-29,134.81,135.54,133.69,134.23,9324279,-0.0014888709666167502,0.24666779307547096,0.18583309752710525,0.15266490052941228,134.076,136.773,16.04813220147003,16.39,0.0151,0.10999999999999943,5.992063492063492e-05
2020-01-30,132.69,136.13,132.69,135.89,9032548,0.012290988432861267,0.2722710051640955,0.19075972979583736,0.14775813534405088,133.94599999999997,136.59750000000003,16.016345056133183,15.49,0.0148,-0.9000000000000004,5.873015873015873e-05
2020-01-31,134.49,134.83,131.47,132.36,12776147,-0.026320251878994463,0.27891660251585504,0.20341385945826257,0.15728098623690526,133.78799999999998,136.161,16.363090474759446,18.84,0.014499999999999999,3.3499999999999996,5.7539682539682534e-05
2020-02-03,132.66,134.24,132.66,133.37,10021004,0.007601737580891601,0.27586421506138736,0.1970347191109193,0.15792697941394157,134.05599999999998,135.9125,16.120193848202145,17.97,0.0146,-0.870000000000001,5.793650793650794e-05
2020-02-04,135.55,136.6,135.08,135.29,9156096,0.014293401980965643,0.2632483701697717,0.20519549302596515,0.16041413319847686,134.22799999999998,135.7655,16.029930444927544,16.05,0.0148,-1.9199999999999982,5.873015873015873e-05
2020-02-05,136.57,137.73,136.01,137.59,10150018,0.016857625824456268,0.2826198614371168,0.20537170985209294,0.1635198607238916,134.9,135.851,16.132986036849513,15.15,0.0149,-0.9000000000000004,5.9126984126984124e-05
2020-02-06,138.24,138.29,137.11,137.61,8992226,0.0001453488374652965,0.27580142226928794,0.2036292116216156,0.16347570299809364,135.244,135.8845,16.011870984251726,14.96,0.0151,-0.1899999999999995,5.992063492063492e-05
2020-02-07,136.73,137.67,136.3,137.17,6379266,-0.003202564786874855,0.13786861582168844,0.2035631276826279,0.16343867298357098,136.206,135.871,15.668563601680614,15.47,0.0149,0.5099999999999998,5.9126984126984124e-05
2020-02-10,136.95,137.85,136.75,137.74,5958529,0.004146817626236788,0.1393124630609676,0.20059614368243145,0.16295420683965528,137.08,135.9545,15.600334196497881,15.04,0.014499999999999999,-0.4300000000000015,5.7539682539682534e-05
2020-02-11,138.26,138.82,137.78,138.0,6577580,0.0018858350406525156,0.12207369908712938,0.19863303289275852,0.1624222581378389,137.622,135.99450000000002,15.69917745449841,15.18,0.0148,0.14000000000000057,5.873015873015873e-05
2020-02-12,138.6,139.29,137.8,138.0,7948022,0.0,0.042934141409039034,0.1940937738223491,0.1624398539121462,137.704,135.9545,15.88843365064196,13.74,0.0149,-1.4399999999999995,5.9126984126984124e-05
2020-02-13,137.75,138.34,136.4,137.88,7446249,-0.0008699435085401075,0.044190806479015965,0.18610082224479457,0.16200197026725915,137.75799999999998,136.0125,15.823220973629239,14.15,0.0148,0.41000000000000014,5.873015873015873e-05
2020-02-14,137.84,138.19,136.94,137.46,6627562,-0.003050775955205355,0.0434193570885727,0.186022050331834,0.1614832097549201,137.81599999999997,136.023,15.706747572061953,13.68,0.0149,-0.47000000000000064,5.9126984126984124e-05
2020-02-18,137.34,137.71,135.05,135.64,8996386,-0.013328648436021455,0.09526875648244802,0.18999760358605003,0.1640663704300886,137.396,135.895,16.012333499099917,14.83,0.0147,1.1500000000000004,5.833333333333333e-05
2020-02-19,136.91,138.39,136.34,137.49,7070602,0.013546869931704729,0.15236486525065102,0.19352746995782438,0.16531816304896757,137.294,135.9275,15.771456182762678,14.38,0.0147,-0.4499999999999993,5.833333333333333e-05
2020-02-20,137.17,138.36,136.53,137.49,7422767,0.0,0.15236486525065102,0.19345921234817667,0.16530657935422863,137.192,135.96800000000002,15.82006245668073,15.56,0.0146,1.1799999999999997,5.793650793650794e-05
2020-02-21,136.55,136.92,134.92,135.81,9771933,-0.012294337073165513,0.17314568542982278,0.1985481519112379,0.16707086534269622,136.778,135.9315,16.09502485501207,17.08,0.0143,1.5199999999999978,5.674603174603175e-05
2020-02-24,131.44,133.2,130.8,132.16,13609518,-0.027243540343308975,0.24403986583134835,0.2021487155449711,0.17623915930438594,135.71800000000002,135.882,16.426279958864587,25.03,0.013500000000000002,7.950000000000003,5.3571428571428575e-05
2020-02-25,131.0,132.23,125.59,126.26,20788110,-0.04567003683318832,0.3667981964005671,0.2574764161470033,0.1995931281950685,133.842,135.5935,16.849891746610805,27.85,0.013000000000000001,2.8200000000000003,5.158730158730159e-05
2020-02-26,126.93,128.95,126.34,126.64,24825561,0.0030051426332771644,0.32110927955337637,0.24712498268246655,0.199596874541358,131.672,135.204,17.027384365827487,27.56,0.0126,-0.2900000000000027,5e-05
2020-02-27,122.91,125.62,121.3,121.37,22990139,-0.042504684454486547,0.3257566061180601,0.2839721354342491,0.21720520344920213,128.448,134.56099999999998,16.950575942828088,39.16,0.0118,11.599999999999998,4.682539682539682e-05
2020-02-28,117.52,118.49,112.66,116.11,45930484,-0.04430571347935537,0.3267295738331939,0.3082011647772966,0.23435687625202073,124.508,133.572,17.64263959402133,40.11,0.0097,0.9500000000000028,3.849206349206349e-05
2020-03-02,116.63,121.58,114.46,121.52,27348026,0.04554084064860263,0.6413673143417333,0.3533775836295769,0.25270032047866553,122.38,133.03,17.124154908724744,33.42,0.0089,-6.689999999999998,3.531746031746032e-05
2020-03-03,120.97,122.95,116.24,116.96,32534974,-0.03824686228604911,0.6221850728823894,0.3700282772082163,0.26018659644966324,120.52000000000001,132.2095,17.297826191771513,36.82,0.0073,3.3999999999999986,2.896825396825397e-05
2020-03-04,118.33,120.19,114.7,119.85,25788150,0.024408964878924928,0.677920776799871,0.37921901075449027,0.2653758302077076,119.162,131.4375,17.06542564205464,31.99,0.0059,-4.830000000000002,2.341269841269841e-05
2020-03-05,115.67,116.43,112.58,113.97,24848069,-0.05030570501274942,0.7025592139423515,0.39977047115194525,0.2811248105185239,117.68199999999999,130.2565,17.0282906012502,39.62,0.0048,7.629999999999999,1.9047619047619046e-05
2020-03-06,106.26,110.32,105.02,108.08,38153871,-0.053063562215700445,0.729700094750758,0.42660584023891485,0.2993810594118041,116.076,128.78000000000003,17.45713777843713,41.94,0.0039000000000000003,2.3200000000000003,1.5476190476190476e-05
2020-03-09,96.57,99.23,93.0,93.44,40283062,-0.1455521745720265,0.965020168967362,0.6354520571172254,0.4171968712205391,110.46,126.59349999999999,17.5114416408003,54.46,0.0031,12.520000000000003,1.2301587301587301e-05
2020-03-10,99.0,101.28,94.58,100.7,31064427,0.07482628064459969,1.3339645525829813,0.7144974619407294,0.4489129198110085,107.208,124.7415,17.25157389611426,47.3,0.0043,-7.160000000000004,1.7063492063492063e-05
2020-03-11,97.7,100.05,94.55,95.96,38012372,-0.048214361753022864,1.2441790049025157,0.7202871511235663,0.4522298722426209,102.42999999999999,122.6395,17.453422243648703,53.9,0.004,6.600000000000001,1.5873015873015872e-05
2020-03-12,89.59,96.96,86.32,88.05,49692504,-0.08602660302927866,1.2800753445480453,0.7553848957716846,0.4810087375543177,97.246,120.14199999999998,17.721364654741933,75.47,0.0039000000000000003,21.57,1.5476190476190476e-05
2020-03-13,95.99,103.99,92.0,103.91,38399766,0.16562030492234026,2.0021723290237383,1.007595348217568,0.5972861831805371,96.412,118.44350000000001,17.46356192378939,57.83,0.0038,-17.64,1.5079365079365079e-05
2020-03-16,85.2,93.98,84.55,88.36,38463444,-0.16210576131263896,2.075976156928588,1.1345527564913476,0.678334402659047,95.396,115.9885,17.465218841697666,82.69,0.0029,24.86,1.1507936507936508e-05
2020-03-17,90.89,97.44,87.5,93.76,35228522,0.05931894727678618,2.0380744032807554,1.1707277003060945,0.6919133107924169,94.00800000000001,113.8945,17.377366596556307,75.91,0.003,-6.780000000000001,1.1904761904761905e-05
2020-03-18,87.67,90.79,80.36,83.89,41348022,-0.1112319089704993,2.150193117505244,1.2086484090933942,0.7244510769260878,91.59400000000001,111.2145,17.537535142739635,76.45,0.0021,0.5400000000000063,8.333333333333332e-06
2020-03-19,81.56,88.11,76.91,85.3,32161864,0.0166680376394301,2.0951358427006914,1.2146001155273063,0.7260976241879419,91.04400000000001,108.60499999999999,17.28629196079442,72.0,0.002,-4.450000000000003,7.936507936507936e-06
2020-03-20,86.3,89.46,82.48,83.5,30148033,-0.02132782264082364,1.4492433372729931,1.213881422868372,0.7264326961793371,86.962,105.98949999999999,17.221630238544872,66.04,0.0015,-5.959999999999994,5.9523809523809525e-06
2020-03-23,82.68,83.75,78.09,79.03,32482544,-0.05501910463992586,1.0397659718856027,1.2187626598990293,0.732309995150942,85.096,103.333,17.29621339531365,61.59,0.0017000000000000001,-4.450000000000003,6.746031746031747e-06
2020-03-24,84.9,90.1,82.9,88.43,34300265,0.11238375137075993,1.3299901873250024,1.3101358308771767,0.7726878417327642,84.03,101.44149999999999,17.350663638053845,61.67,0.0025,0.0799999999999983,9.92063492063492e-06
2020-03-25,89.24,95.15,84.54,91.73,38035335,0.03663820093392052,1.0082446622874799,1.322602065521136,0.777817599606689,85.598,99.696,17.454026154051892,63.95,0.0019,2.280000000000001,7.5396825396825394e-06
2020-03-26,94.08,98.57,93.54,98.12,29820215,0.06734173986872437,1.0669161631291582,1.3507201698210882,0.7925688649036602,88.162,98.5335,17.2106970772011,61.0,0.0013,-2.950000000000003,5.158730158730158e-06
2020-03-27,93.19,94.84,90.55,91.13,30015761,-0.0739041608822532,1.2666608067291676,1.364522424868754,0.804365863661311,89.688,97.2845,17.217233168336346,65.54,0.0011,4.540000000000006,4.365079365079366e-06
2020-03-30,90.65,94.09,89.3,93.5,21651652,0.02567437778660584,1.093342588000545,1.3551796754324947,0.8062325498624167,92.58200000000001,95.8835,16.89059231435159,57.08,0.0014000000000000002,-8.460000000000008,5.555555555555557e-06
2020-03-31,92.05,94.17,89.34,90.03,23343919,-0.03781848817425587,0.9175752361414524,1.3550751208243612,0.8083187427053357,92.902,94.537,16.965847079896328,53.54,0.0017000000000000001,-3.539999999999999,6.746031746031747e-06
2020-04-01,85.1,86.56,83.25,84.36,27991972,-0.0650495925098116,0.9693391789557622,1.359445542501158,0.8168391257067338,91.428,92.7625,17.147428312743365,57.06,0.0016,3.520000000000003,6.349206349206349e-06
2020-04-02,83.51,87.91,82.96,87.51,24008569,0.036659716937165875,0.8136131753079218,1.366689279875519,0.8217587655027405,89.306,91.4395,16.99392136625468,50.91,0.0014000000000000002,-6.150000000000006,5.555555555555557e-06
2020-04-03,86.0,87.48,82.77,84.05,21190825,-0.040341212693115185,0.7092215073489301,1.3625083622047267,0.8238942314375334,87.89,90.238,16.869078862945774,46.8,0.0015,-4.109999999999999,5.9523809523809525e-06
2020-04-06,88.99,90.99,87.7,89.46,26803056,0.062379738150077385,0.874326355356695,1.2914060714711024,0.8361826720012906,87.082,90.039,17.104026468830924,45.24,0.002,-1.5599999999999952,7.936507936507936e-06
2020-04-07,94.45,94.5,90.38,90.64,22554093,0.013104018715048824,0.8421207642578726,1.2608161438892902,0.8371867905048844,87.20400000000001,89.53599999999999,16.931427115202954,46.7,0.002,1.4600000000000009,7.936507936507936e-06
2020-04-08,92.1,94.86,90.55,94.3,22893337,0.03958557291966093,0.6209278288895611,1.2596639812845418,0.842035719547944,89.19200000000001,89.453,16.946356465488503,43.35,0.0023,-3.3500000000000014,9.126984126984127e-06
2020-04-09,96.92,104.39,96.89,102.76,42053722,0.08591498260227107,0.7727120005377448,1.2533446317667762,0.8622943681749996,92.242,90.1885,17.554458454140324,41.67,0.0025,-1.6799999999999997,9.92063492063492e-06
2020-04-13,103.11,103.11,97.3,98.19,26846280,-0.04549179506048402,0.8034001893314517,1.1172346698165754,0.8660545119963421,95.07000000000001,89.9025,17.105637821834524,41.17,0.0027,-0.5,1.0714285714285714e-05
2020-04-14,101.02,102.0,93.64,95.5,46093623,-0.02777812969451426,0.8365248771688645,0.9529093226232164,0.8670175381916089,96.27799999999999,90.25949999999999,17.646185168680436,37.76,0.0025,-3.4100000000000037,9.92063492063492e-06
2020-04-15,91.15,92.03,90.13,90.79,30095291,-0.050577100103018635,0.950716905674396,0.9479512607893937,0.8713433111464728,96.30799999999999,90.111,17.219879272297558,40.84,0.0019,3.0800000000000054,7.5396825396825394e-06
2020-04-16,90.23,90.57,87.05,87.33,31987735,-0.038855100958024365,0.9088422980420178,0.8684194893738775,0.8737718944518561,94.91400000000002,90.283,17.28086310604297,40.11,0.0017000000000000001,-0.730000000000004,6.746031746031747e-06
2020-04-17,92.0,95.7,90.96,95.18,30154476,0.08607578926732296,0.9099711924621345,0.917518731674496,0.8945131112803408,93.398,90.77700000000002,17.221843927830157,38.15,0.0016,-1.9600000000000009,6.349206349206349e-06
2020-04-20,92.47,94.71,90.46,91.71,23636658,-0.037138411122111685,0.8943228543117211,0.9253287625459454,0.8967089048967635,92.102,91.1875,16.978309369950036,43.83,0.0015,5.68,5.9523809523809525e-06
2020-04-21,88.62,91.38,88.33,89.05,23016693,-0.029433414835182106,0.8960452841385406,0.907721281754741,0.8971303326658905,90.812,91.6885,16.95173029324929,45.41,0.0017000000000000001,1.5799999999999983,6.746031746031747e-06
2020-04-22,90.69,91.87,89.18,89.34,16651575,0.003251306188302029,0.8371104526432077,0.8160655932264257,0.897353601719888,90.52199999999999,91.73400000000001,16.628015364511533,41.98,0.0016,-3.4299999999999997,6.349206349206349e-06
2020-04-23,89.74,91.28,89.26,89.39,16579995,0.0005595031757885432,0.7759370011749704,0.8048540209200616,0.8960281322523499,90.934,91.617,16.62370740610322,41.38,0.0017000000000000001,-0.5999999999999943,6.746031746031747e-06
2020-04-24,90.64,91.1,88.49,90.71,15808036,0.01465878552709153,0.3557259553033781,0.7660591158295988,0.8970475148108433,90.03999999999999,91.2465,16.576028976295127,35.93,0.0018,-5.450000000000003,7.142857142857143e-06
2020-04-27,91.94,95.63,91.54,94.62,22964313,0.04220126557614937,0.4107389835135294,0.7356486015434435,0.9018097861122253,90.622,91.421,16.94945196020639,33.29,0.0017000000000000001,-2.6400000000000006,6.746031746031747e-06
2020-04-28,97.81,98.36,95.03,95.29,20226623,0.007056003157094815,0.2678881895585497,0.7306125070408371,0.9011966602884902,91.87,91.51050000000001,16.822510264907983,33.57,0.0016,0.28000000000000114,6.349206349206349e-06
2020-04-29,99.08,99.45,97.27,97.86,20424159,0.026613012500880467,0.2626204467811584,0.7210029342338543,0.9032150205389412,93.574,91.90200000000002,16.832229022832028,31.23,0.0018,-2.34,7.142857142857143e-06
2020-04-30,95.6,96.84,94.55,95.76,19088881,-0.021692824611259785,0.37872924799338786,0.6811181913297564,0.9029154649475465,94.848,92.47200000000001,16.764616576906878,34.15,0.0016,2.919999999999998,6.349206349206349e-06
2020-05-01,93.5,93.74,91.84,93.25,18566557,-0.026561002725792836,0.47374956314290495,0.6807582660579902,0.9026546392769601,95.356,92.759,16.73687250956923,37.19,0.0017000000000000001,3.039999999999999,6.746031746031747e-06
2020-05-04,92.02,92.67,90.8,92.14,15714498,-0.011974899016153959,0.3492770245258761,0.663946739839133,0.9026162442890224,94.86,93.1635,16.57009428370104,35.97,0.0016,-1.2199999999999989,6.349206349206349e-06
2020-05-05,93.65,94.21,91.9,92.0,18050548,-0.001520582458730585,0.3351661327968711,0.6279542653525713,0.9026505448016732,94.202,93.2905,16.708686602393108,33.61,0.0016,-2.3599999999999994,6.349206349206349e-06
2020-05-06,92.16,92.76,89.93,90.27,20953664,-0.018983397738976785,0.15443850343944174,0.6303470600630722,0.9027127454180094,92.684,93.272,16.857824081641926,34.12,0.0016,0.509999999999998,6.349206349206349e-06
2020-05-07,91.34,92.91,90.58,91.21,16760130,0.010359360882003487,0.23071678521641487,0.6142085634011512,0.9032375919288933,91.77399999999999,93.11749999999999,16.634513409551374,31.44,0.0015,-2.679999999999996,5.9523809523809525e-06
2020-05-08,92.8,94.08,92.11,92.7,20487319,0.01620393237974252,0.2339760185283626,0.5258621929493151,0.9043761576571124,91.66400000000002,92.61449999999999,16.835316667339917,27.98,0.0015,-3.460000000000001,5.9523809523809525e-06
2020-05-11,91.11,91.11,89.33,89.97,31870987,-0.029892191142782097,0.3086874710716927,0.5127420050888467,0.9055415381962745,91.22999999999999,92.2035,17.277206655477826,27.57,0.0016,-0.41000000000000014,6.349206349206349e-06
2020-05-12,90.15,90.79,86.9,87.03,27897255,-0.03322339462760508,0.36466025428608456,0.516390257980609,0.9070730587400453,90.23599999999999,91.78,17.144038854854493,33.04,0.0016,5.469999999999999,6.349206349206349e-06
2020-05-13,86.38,86.86,83.4,84.03,35428515,-0.03507900886129546,0.40250166241959373,0.5008010937600161,0.9087516155153106,88.988,91.442,17.38302756233074,35.28,0.0015,2.240000000000002,5.9523809523809525e-06
2020-05-14,82.72,88.11,82.4,87.52,35081581,0.04069346073354414,0.5502130134899158,0.5066640642689699,0.9131904264204677,88.25,91.4515,17.373186792867756,32.61,0.0015,-2.6700000000000017,5.9523809523809525e-06
2020-05-15,86.85,87.28,85.3,85.9,26086370,-0.018683509683461323,0.506499129024144,0.3950887703914436,0.9133353017219303,86.89,90.9875,17.076923513665182,31.89,0.0015,-0.7199999999999989,5.9523809523809525e-06
2020-05-18,88.69,91.15,87.88,90.45,30503120,0.051613382851094514,0.663966398362183,0.42424771945738793,0.921359308172753,86.986,90.9245,17.233339531427823,29.3,0.0017000000000000001,-2.59,6.746031746031747e-06
2020-05-19,90.05,91.2,88.59,88.67,19577104,-0.01987559844938847,0.6262309544217045,0.4169534404334018,0.9207837162273355,87.314,90.90549999999999,16.789871278100907,30.53,0.0016,1.2300000000000004,6.349206349206349e-06
2020-05-20,90.71,92.39,90.37,91.33,20542199,0.02955770731167196,0.5353800269335233,0.43010198161337476,0.9200745298454202,88.774,91.005,16.83799181613054,27.99,0.0016,-2.5400000000000027,6.349206349206349e-06
2020-05-21,90.27,91.76,89.67,90.17,15026988,-0.012782543191772246,0.5184884158444379,0.4329231620000435,0.920027579422641,89.304,91.044,16.525358342444957,29.53,0.0016,1.5400000000000027,6.349206349206349e-06
2020-05-22,90.01,90.36,88.72,89.47,13548471,-0.007793403952310705,0.49090186663619306,0.4304677233912675,0.9168349929912861,90.018,90.982,16.42178425759451,28.16,0.0017000000000000001,-1.370000000000001,6.746031746031747e-06
2020-05-26,92.89,97.5,92.61,95.82,41212819,0.06856805789547137,0.5901999989721273,0.47334931403570973,0.9253523067423247,91.092,91.042,17.5342599067022,28.01,0.0017000000000000001,-0.14999999999999858,6.746031746031747e-06
2020-05-27,102.07,102.58,98.8,101.37,39352961,0.05630575793933232,0.5825231997809335,0.5128510631416859,0.9280333028998335,93.63199999999999,91.346,17.48808177777308,27.62,0.0018,-0.39000000000000057,7.142857142857143e-06
2020-05-28,102.94,102.95,99.4,99.86,24710215,-0.015007984321845072,0.6509879224481033,0.5087981444808521,0.9254843447201958,95.338,91.446,17.022727278857737,28.59,0.0017000000000000001,0.9699999999999989,6.746031746031747e-06
2020-05-29,98.66,99.18,96.78,97.31,26524824,-0.025867446238565524,0.6949326967160788,0.5114776256324567,0.9249449249674276,96.76599999999999,91.52349999999998,17.093591607192543,27.51,0.0017000000000000001,-1.0799999999999983,6.746031746031747e-06
2020-06-01,97.75,99.51,97.38,98.6,15175467,0.013169502774692102,0.6665118433910172,0.5026527330392754,0.9203536972902837,98.59200000000001,91.791,16.535190668736153,28.23,0.0017000000000000001,0.7199999999999989,6.746031746031747e-06
2020-06-02,100.28,100.42,97.93,98.93,21179324,0.0033412677265416964,0.5048278121674183,0.499616948842782,0.9143352270254249,99.21400000000001,92.13050000000001,16.86853598072544,26.84,0.0017000000000000001,-1.3900000000000006,6.746031746031747e-06
2020-06-03,101.58,104.92,101.06,104.27,25912786,0.05257115946637051,0.4817311416495836,0.528394435332839,0.8700731497834009,99.79400000000001,92.744,17.070247072809497,25.66,0.0017000000000000001,-1.1799999999999997,6.746031746031747e-06
2020-06-04,103.82,106.61,102.79,106.44,26767072,0.020597757307986717,0.4509113819468996,0.5219548271781568,0.8576494028729432,101.11,93.5525,17.102683033347173,25.81,0.0017000000000000001,0.14999999999999858,6.746031746031747e-06
2020-06-05,114.93,115.77,109.53,111.23,42221859,0.044018683494449554,0.330630970427879,0.5372200285320788,0.8559065971327422,103.894,94.5535,17.558448630679905,24.52,0.0018,-1.2899999999999991,7.142857142857143e-06
2020-06-08,113.41,114.19,111.94,113.45,24849521,0.019762081621912873,0.31659921464514323,0.5379199000346523,0.8364294123506433,106.86399999999999,95.591,17.02834903466721,25.81,0.0019,1.2899999999999991,7.5396825396825394e-06
2020-06-09,110.65,111.63,109.01,110.54,16998077,-0.025984764820733836,0.48467606274995656,0.5342331441045481,0.7678800794212944,109.186,96.61949999999999,16.648610777975147,27.57,0.0019,1.7600000000000016,7.5396825396825394e-06
2020-06-10,110.46,110.51,105.85,106.06,24808690,-0.04137247469613296,0.5657985506250909,0.5437361090671576,0.694701708994224,109.54400000000001,97.571,17.026704552984143,27.57,0.0018,0.0,7.142857142857143e-06
2020-06-11,100.03,101.58,96.54,97.21,36188133,-0.08713138487600636,0.8195524719441069,0.6260000196126604,0.708722677495009,107.69800000000001,98.22999999999999,17.40424180537248,40.79,0.0019,13.219999999999999,7.5396825396825394e-06
2020-06-12,100.71,101.13,97.33,99.87,24847593,0.026995753422065786,0.7436022552741595,0.6181433226158398,0.6711809338080833,105.426,98.8475,17.028271444648563,36.09,0.0018,-4.699999999999996,7.142857142857143e-06
2020-06-15,96.42,101.43,95.87,101.25,22123470,0.013723365731605265,0.7234304845423936,0.6112275201367106,0.6709501387932234,102.98599999999999,99.615,16.91214959392475,34.4,0.0017000000000000001,-1.6900000000000048,6.746031746031747e-06
2020-06-16,105.37,105.68,99.31,102.06,22161662,0.007968169649176881,0.7534129107425407,0.5893749634110912,0.6691235607528343,101.29,100.1955,16.913874417030996,33.67,0.0018,-0.7299999999999969,7.142857142857143e-06
2020-06-17,102.53,102.54,99.21,99.48,15615730,-0.02560425670062146,0.7277908344394303,0.5930549820206845,0.6608289940635313,99.974,100.736,16.563789297526522,33.47,0.0019,-0.20000000000000284,7.5396825396825394e-06
2020-06-18,98.67,100.52,98.13,98.94,16542324,-0.005443013135641414,0.3178435154205417,0.5874073888712614,0.6210862710451635,100.32000000000001,101.1165,16.62143274554925,32.94,0.0019,-0.5300000000000011,7.5396825396825394e-06
2020-06-19,100.53,100.6,96.73,97.81,40322181,-0.011486784497160951,0.24874028550705934,0.586934146431998,0.6174000768746711,99.90799999999999,101.4985,17.51241227252636,35.12,0.0018,2.1799999999999997,7.142857142857143e-06
2020-06-22,97.25,97.95,96.54,96.75,16184557,-0.010896489392510391,0.19214226026551348,0.587868394191174,0.6021624910341439,99.008,101.8625,16.59956807394534,31.77,0.0017000000000000001,-3.349999999999998,6.746031746031747e-06
2020-06-23,98.97,99.97,97.85,97.93,15360209,0.012122605822811968,0.2161459370057149,0.5375166351777408,0.5827042725756993,98.18199999999999,101.968,16.547290892362064,31.37,0.0018,-0.3999999999999986,7.142857142857143e-06
2020-06-24,96.75,96.84,94.31,94.66,22887863,-0.03396141325460125,0.2617268933585014,0.5092907695848278,0.5848187450948288,97.21799999999999,101.63250000000001,16.946117328024823,33.84,0.0017000000000000001,2.4700000000000024,6.746031746031747e-06
2020-06-25,94.35,98.21,94.26,97.96,25660076,0.03426770760586497,0.4128495879687228,0.5242422957623214,0.5834580038716454,97.02199999999999,101.5375,17.06044687895564,32.22,0.0017000000000000001,-1.6200000000000045,6.746031746031747e-06
2020-06-26,95.11,95.37,92.0,92.59,41871942,-0.05637808762401114,0.5707224219472407,0.5538207085381022,0.5794965734177897,95.978,101.3015,17.55012651857724,34.73,0.0017000000000000001,2.509999999999998,6.746031746031747e-06
2020-06-29,93.4,94.49,92.18,93.0,18499738,0.004418348693300283,0.5811069579953542,0.5514055750578786,0.5749023964227511,95.228,101.0215,16.733267127786107,31.78,0.0016,-2.9499999999999957,6.349206349206349e-06
2020-06-30,92.83,94.66,92.57,94.06,19104819,0.011333383363646053,0.5794178004551088,0.5533363151555368,0.5687465663927452,94.45400000000001,100.77799999999999,16.76545116485856,30.43,0.0016,-1.3500000000000014,6.349206349206349e-06
2020-07-01,94.89,95.71,93.03,93.26,18813874,-0.008541585136727122,0.5341770257529284,0.5137359598423348,0.5549254005156538,94.174,100.22749999999999,16.75010513435118,28.62,0.0016,-1.8099999999999987,6.349206349206349e-06
2020-07-02,94.74,94.96,91.93,92.66,27823420,-0.006454411391672606,0.42166955965548103,0.5043419750849037,0.554504566449421,93.114,99.53850000000001,17.141388670045536,27.68,0.0016,-0.9400000000000013,6.349206349206349e-06
2020-07-06,94.43,95.2,93.48,95.0,18591330,0.024940011612038505,0.2177377529195754,0.48286808361399153,0.5508808180868081,93.596,98.727,16.738205900979263,27.94,0.0016,0.26000000000000156,6.349206349206349e-06
2020-07-07,93.82,94.1,92.0,92.32,25716604,-0.028616088840751508,0.324669307040641,0.4766239406167828,0.5240484858396404,93.46,97.6705,17.06264741129096,29.43,0.0015,1.4899999999999984,5.9523809523809525e-06
2020-07-08,92.29,93.34,91.8,93.3,18747096,0.010559305093508787,0.32278757048382845,0.4783280420634097,0.5166189330795399,93.30799999999999,96.80850000000001,16.74654941838555,28.08,0.0015,-1.3500000000000014,5.9523809523809525e-06
2020-07-09,93.52,94.12,90.78,91.28,25537711,-0.021888402299477933,0.3532784666840959,0.4653813183799374,0.5154474476453811,92.912,96.06949999999999,17.055666780433157,29.26,0.0015,1.1800000000000033,5.9523809523809525e-06
2020-07-10,92.0,96.84,91.87,96.27,28936074,0.05322503823605494,0.5367038759661918,0.4102849899503589,0.5164890545291,93.63399999999999,96.02250000000001,17.180599609978785,27.29,0.0015,-1.9700000000000024,5.9523809523809525e-06
2020-07-13,98.73,99.27,96.23,97.65,31972365,0.014232913532812771,0.5200913537931512,0.4013505487927422,0.5104255978963899,94.16399999999999,95.9115,17.280382493902092,32.19,0.0016,4.899999999999999,6.349206349206349e-06
2020-07-14,98.37,99.95,96.64,98.21,42649916,0.005718385846994902,0.42697448928855364,0.39841804933548,0.4794233677134169,95.34200000000001,95.7595,17.568535862380678,29.52,0.0017000000000000001,-2.669999999999998,6.746031746031747e-06
2020-07-15,100.89,101.29,98.65,99.73,22488759,0.01535849124409374,0.4270520435560945,0.4016042655246663,0.473848892607824,96.628,95.643,16.928526142332988,27.76,0.0015,-1.759999999999998,5.9523809523809525e-06
2020-07-16,98.78,101.22,98.55,100.01,16873528,0.0028036465746480842,0.32176542055590013,0.3911907169474774,0.4694756131828473,98.374,95.6695,16.64125656128851,28.0,0.0014000000000000002,0.23999999999999844,5.555555555555557e-06
2020-07-17,100.0,100.08,98.14,98.16,16137582,-0.018671380585768754,0.21766624697903542,0.39653275555313483,0.47135898755825595,98.752,95.6305,16.596661395456426,25.68,0.0014000000000000002,-2.3200000000000003,5.555555555555557e-06
2020-07-20,97.43,98.39,97.26,97.3,14445109,-0.008799811210696618,0.20998832591097866,0.3956496888449102,0.4718346365392034,98.682,95.60499999999999,16.485866437717622,24.46,0.0014000000000000002,-1.2199999999999989,5.555555555555557e-06
2020-07-21,97.71,100.05,97.64,99.41,17795263,0.021453723032094432,0.26331646454431007,0.40074769587275594,0.4728537654492303,98.922,95.738,16.69444285624964,24.84,0.0015,0.379999999999999,5.9523809523809525e-06
2020-07-22,99.65,100.13,97.53,98.69,14271150,-0.007269088040137974,0.24140752437284257,0.3997481915694892,0.46548947942573576,98.71399999999998,95.776,16.47375057485344,24.32,0.0014000000000000002,-0.5199999999999996,5.555555555555557e-06
2020-07-23,98.5,99.35,97.97,98.98,12870184,0.0029341853398242488,0.24157617856978003,0.37859520091175625,0.4653257812175115,98.508,95.992,16.37042387628441,26.08,0.0014000000000000002,1.759999999999998,5.555555555555557e-06
2020-07-24,99.6,99.8,97.94,98.28,12744151,-0.007097261870761659,0.2022397017328468,0.3601963772947207,0.46240631300320706,98.53200000000001,96.00800000000001,16.360582979214946,25.84,0.0016,-0.23999999999999844,6.349206349206349e-06
2020-07-27,97.51,97.63,96.17,96.9,11959055,-0.014141028756257768,0.22005771782139677,0.29811255788455443,0.4611454309074578,98.452,96.2235,16.296999289987113,24.74,0.0014000000000000002,-1.1000000000000014,5.555555555555557e-06
2020-07-28,96.5,97.8854,96.5,97.32,11754273,0.004324999018601277,0.12301395959372036,0.2981038398887596,0.4578228802998706,98.034,96.4395,16.279727392020792,25.44,0.0014000000000000002,0.7000000000000028,5.555555555555557e-06
2020-07-29,97.07,99.71,97.0,99.68,12743520,0.02396053712382123,0.22892290170001706,0.30644839621956577,0.459489862743019,98.232,96.7205,16.360533465079257,24.1,0.0013,-1.3399999999999999,5.158730158730158e-06
2020-07-30,97.54,97.74,96.05,97.02,14834785,-0.027047912222072687,0.30686875186457224,0.32224747821384575,0.46312556864159726,97.84,96.9085,16.512485318848416,24.76,0.0011,0.6600000000000001,4.365079365079366e-06
2020-07-31,96.48,96.93,95.25,96.64,14539496,-0.003924408630565618,0.30567570893621543,0.3214938417125733,0.46139117630571425,97.512,97.10749999999999,16.492379366470246,24.46,0.0011,-0.3000000000000007,4.365079365079366e-06
2020-08-03,97.02,97.57,95.85,96.1,12972563,-0.005603418210258073,0.2924375945789137,0.3108215290184302,0.46118801581464647,97.352,97.1625,16.378347146639296,24.28,0.0012,-0.17999999999999972,4.7619047619047615e-06
2020-08-04,95.91,95.95,95.03,95.55,13366154,-0.005739645289964737,0.28816272477696797,0.29238615176351856,0.46026351236843405,96.998,97.324,16.40823624875844,23.76,0.0014000000000000002,-0.5199999999999996,5.555555555555557e-06
2020-08-05,95.87,98.47,95.72,97.21,15349693,0.01722391614669548,0.24873880989931857,0.29599340226996396,0.45709075595484655,96.50399999999999,97.51950000000001,16.546606031797477,22.99,0.0012,-0.7700000000000031,4.7619047619047615e-06
2020-08-06,97.58,98.1,96.54,97.24,10482062,0.00030856261494491977,0.15380162875729447,0.2823536542296006,0.4514070410110086,96.548,97.8175,16.165175973228493,22.65,0.0014000000000000002,-0.33999999999999986,5.555555555555557e-06
2020-08-07,96.93,99.49,96.56,99.38,14743678,0.02176873672625191,0.20677217848069004,0.22453979215918915,0.446551922835354,97.09599999999999,97.973,16.506324938701017,22.21,0.0014000000000000002,-0.4399999999999977,5.555555555555557e-06
2020-08-10,100.11,102.04,100.0343,100.64,14989853,0.01259890677795602,0.18378718768242755,0.22339147383554417,0.4400324935307138,98.00399999999999,98.1225,16.522884063493006,22.13,0.0013,-0.08000000000000185,5.158730158730158e-06
2020-08-11,103.86,106.16,103.51,103.82,31518607,0.031108837446952513,0.18082854221176717,0.2467030806965535,0.44170624691705374,99.65799999999999,98.40299999999999,17.266088627814923,24.03,0.0015,1.9000000000000021,5.9523809523809525e-06
2020-08-12,106.16,106.43,101.71,102.94,19250157,-0.008512336174474416,0.25310913337276103,0.24510358500065083,0.4305813718850375,100.804,98.5635,16.773029774508963,22.28,0.0013,-1.75,5.158730158730158e-06
2020-08-13,102.0,103.36,101.635,102.37,13598648,-0.00555259329292901,0.27207903334847994,0.24634373247118735,0.42844643027330126,101.83,98.6815,16.425480933999896,22.13,0.0014000000000000002,-0.15000000000000213,5.555555555555557e-06
2020-08-14,101.5,103.31,101.42,102.41,12134360,0.0003906631556667501,0.25713934811839206,0.23501662189449155,0.4247016501994416,102.43599999999999,98.894,16.311551655743795,22.05,0.0013,-0.0799999999999983,5.158730158730158e-06
2020-08-17,101.5,102.0,99.53,99.71,14886101,-0.026718391246644737,0.3337271356362013,0.25390620138282244,0.4277102444333961,102.25,99.0145,16.51593851677754,21.35,0.0013,-0.6999999999999993,5.158730158730158e-06
2020-08-18,99.91,99.91,98.12,98.32,13246506,-0.01403850758292223,0.1630222990507433,0.2475764631054926,0.42849158767633244,101.15,98.96000000000001,16.399244377508836,21.51,0.0013,0.16000000000000014,5.158730158730158e-06
2020-08-19,98.92,100.59,98.34,98.55,13533015,0.002336568340949939,0.18908546389403946,0.24646494664630939,0.40512246189452694,100.272,98.953,16.420642813459715,22.54,0.0013,1.0299999999999976,5.158730158730158e-06
2020-08-20,97.26,98.03,96.8,97.37,13672577,-0.012045878608064317,0.18785577411132964,0.2497564594602513,0.3887719991187959,99.272,98.87249999999999,16.430902705929757,22.72,0.0012,0.17999999999999972,4.7619047619047615e-06
2020-08-21,97.27,98.565,96.94,97.32,12228301,-0.0005136370753430746,0.1847846156523487,0.24865269995732883,0.38762208035699197,98.25399999999999,98.8245,16.319263577326147,22.54,0.0013,-0.17999999999999972,5.158730158730158e-06
2020-08-24,98.45,100.21,97.42,100.06,17898270,0.027765488144737317,0.26520085866134757,0.2622628301345366,0.38817218120852504,98.324,98.98249999999999,16.70021461809557,22.37,0.0014000000000000002,-0.16999999999999815,5.555555555555557e-06
2020-08-25,101.27,101.98,99.8,100.5,13648931,0.0043877214390714405,0.23070167787389104,0.26227155383547074,0.38736087614059894,98.76,99.1415,16.429171761510148,22.03,0.0013,-0.33999999999999986,5.158730158730158e-06
2020-08-26,99.94,100.27,99.05,99.09,12052437,-0.01412919942832242,0.26672050106394796,0.25393285162814544,0.3884317013190753,98.868,99.112,16.304777438116954,23.27,0.0012,1.2399999999999984,4.7619047619047615e-06
2020-08-27,99.0,102.65,99.0,102.35,22163863,0.032369784036490434,0.311507583186502,0.2584617271672083,0.3788479281844179,99.864,99.3785,16.913973727755543,24.47,0.0013,1.1999999999999993,5.158730158730158e-06
2020-08-28,103.14,103.25,101.81,102.77,13756725,0.004095169529683176,0.3033415141421288,0.25731133903759934,0.3764600946786392,100.954,99.685,16.43703835341997,22.96,0.0012,-1.509999999999998,4.7619047619047615e-06
2020-08-31,102.12,102.18,100.02,100.19,14219441,-0.025425098365810056,0.34865766193523323,0.27517767198649473,0.3681263440992647,100.97999999999999,99.8895,16.47012067073686,26.41,0.0012,3.4499999999999993,4.7619047619047615e-06
2020-09-01,99.55,100.8712,99.04,100.14,11602053,-0.000499176369372852,0.34673327751731353,0.27382698512885295,0.3654028457211777,100.90799999999999,100.119,16.26669262317561,26.12,0.0012,-0.28999999999999915,4.7619047619047615e-06
2020-09-02,99.95,101.94,99.56,101.65,14475673,0.014966333172557066,0.3372284791341266,0.27231317490564183,0.3635934721901441,101.42,100.341,16.487980074297617,26.57,0.0013,0.4499999999999993,5.158730158730158e-06
2020-09-03,103.32,104.99,100.64,101.33,23281235,-0.0031530226141295446,0.2350988178596381,0.2729142034007206,0.35395479696275867,101.216,100.54549999999999,16.9631582292486,33.6,0.0012,7.030000000000001,4.7619047619047615e-06
2020-09-04,104.05,105.21,101.37,103.52,26325470,0.021382313292364147,0.2891652071864993,0.2725472836749477,0.3076964011437125,101.366,100.7525,17.086047469576123,30.75,0.0013,-2.8500000000000014,5.158730158730158e-06
2020-09-08,102.98,103.57,99.48,99.92,22108612,-0.03539496493526818,0.34984587508973797,0.29977215790617795,0.3117641155448819,101.312,100.7165,16.9114777738391,31.46,0.0015,0.7100000000000009,5.9523809523809525e-06
2020-09-09,100.8,101.69,99.56,100.87,13434024,0.009462693249421898,0.35699389859525715,0.2787446033530726,0.31108508845055133,101.458,100.56899999999999,16.413301151319185,28.81,0.0014000000000000002,-2.650000000000002,5.555555555555557e-06
2020-09-10,101.4,102.42,99.64,99.83,15922793,-0.010363819718410201,0.34154344746947374,0.27944413838239524,0.3113322552178751,101.094,100.4135,16.58326216269126,29.71,0.0015,0.9000000000000021,5.9523809523809525e-06
2020-09-11,99.97,101.36,99.59,101.07,13784342,0.012344606738237302,0.36007738694251396,0.2832261592779681,0.3078886247174078,101.042,100.3485,16.439043868257613,26.87,0.0013,-2.84,5.158730158730158e-06
2020-09-14,101.51,103.46,101.37,102.47,19017373,0.013756726725055493,0.33398820469610674,0.28780747734210593,0.30888119187811214,100.83200000000001,100.3515,16.760863487771612,25.85,0.0014000000000000002,-1.0199999999999996,5.555555555555557e-06
2020-09-15,102.73,102.85,99.14,99.28,23682973,-0.031625931915274734,0.31052113331398506,0.29431035820544954,0.31494079883123255,100.704,100.33000000000001,16.98026690908595,25.59,0.0013,-0.26000000000000156,5.158730158730158e-06
2020-09-16,99.43,101.13,98.76,99.7,19284239,0.004221536071441004,0.30118122245003887,0.29004242428052396,0.3141787935673673,100.47,100.399,16.774798688125102,26.04,0.0012,0.4499999999999993,4.7619047619047615e-06
2020-09-17,98.7,99.3433,97.71,98.56,18290104,-0.011500177182582977,0.30319138827016806,0.2931469443985126,0.3141763908194719,100.21600000000001,100.3995,16.721870706518185,26.46,0.0012,0.4200000000000017,4.7619047619047615e-06
2020-09-18,97.89,99.49,97.44,98.35,20121579,-0.002132954950141631,0.27440679247317024,0.2898352035409703,0.30610255064379294,99.672,100.4485,16.817303379241736,25.83,0.0013,-0.6300000000000026,5.158730158730158e-06
2020-09-21,95.2,96.05,93.82,95.31,28378768,-0.031397807885533494,0.2622023839356971,0.31121332440039245,0.3048678623590033,98.24,100.348,17.161151817901178,27.78,0.0012,1.9500000000000028,4.7619047619047615e-06
2020-09-22,94.96,95.66,93.67,94.27,19257004,-0.01097173154147557,0.213653563798897,0.2935270234586043,0.2826891891627957,97.238,100.05850000000001,16.773385396678677,26.86,0.0012,-0.9200000000000017,4.7619047619047615e-06
2020-09-23,94.78,95.35,92.6617,92.74,19952667,-0.01636312644474426,0.1708621753985302,0.2958512075277925,0.2845977419304877,95.846,99.67049999999999,16.808873376575736,28.58,0.0013,1.7199999999999989,5.158730158730158e-06
2020-09-24,92.32,94.3,91.38,92.66,18366522,-0.0008629989748124323,0.1971833231665732,0.2935766230367346,0.283610631475465,94.66599999999998,99.349,16.726040108835992,28.51,0.0012,-0.06999999999999673,4.7619047619047615e-06
2020-09-25,92.05,93.715,91.87,93.47,13293076,0.008703649205989678,0.2423725929929594,0.26611546214318693,0.2836592600310534,93.69,98.905,16.40275385612821,26.38,0.0012,-2.1300000000000026,4.7619047619047615e-06
2020-09-28,95.06,96.93,94.35,96.16,20894106,0.02837294159240543,0.2810602249251281,0.2894886809455176,0.28918082481922003,93.85999999999999,98.5745,16.854977667593484,26.19,0.0012,-0.18999999999999773,4.7619047619047615e-06
2020-09-29,96.03,96.03,94.332,95.35,12854673,-0.008459138740469425,0.27436717991078086,0.2783595745264217,0.28525669573297624,94.076,98.33250000000001,16.369217960785658,26.27,0.0012,0.0799999999999983,4.7619047619047615e-06
2020-09-30,95.35,97.1975,95.26,96.27,16400587,0.009602411743447163,0.21970260976661057,0.2816015071134759,0.27954182625431956,94.782,98.139,16.612827684836812,26.37,0.0012,0.10000000000000142,4.7619047619047615e-06
2020-10-01,97.12,97.77,96.03,96.97,15778666,0.007244908526579732,0.2075284951351811,0.27673377526167836,0.2791246617918193,95.644,97.905,16.574169332419416,26.7,0.0012,0.3299999999999983,4.7619047619047615e-06
2020-10-02,95.25,98.59,95.09,97.89,15149570,0.009442746956884119,0.20750747819939241,0.2798473631677974,0.2756866048409894,96.52799999999999,97.73299999999999,16.53348270667857,27.63,0.0012,0.9299999999999997,4.7619047619047615e-06
2020-10-05,98.32,99.25,97.53,99.04,13871881,0.01167940966294705,0.12985456782730062,0.27120635479533034,0.2545123327597382,97.10400000000001,97.509,16.44537439953429,27.96,0.0012,0.33000000000000185,4.7619047619047615e-06
2020-10-06,100.07,100.86,97.5101,98.02,19220440,-0.010352269454884662,0.1430681037429889,0.24374518514478102,0.2538213823371278,97.638,97.414,16.77148485406436,29.48,0.0014000000000000002,1.5199999999999996,5.555555555555557e-06
2020-10-07,98.96,100.35,98.6658,99.73,16358533,0.01729499493237526,0.165543195329435,0.24969998994622988,0.25602233672526437,98.33000000000001,97.357,16.610260215191637,28.06,0.0013,-1.4200000000000017,5.158730158730158e-06
2020-10-08,100.51,101.92,99.895,101.78,15659016,0.020347086746909947,0.19067930721605106,0.2573985361625334,0.2574792103890884,99.292,97.4545,16.566557411303673,26.36,0.0013,-1.6999999999999993,5.158730158730158e-06
2020-10-09,102.0,102.105,100.11,101.2,13689115,-0.005714864307321371,0.21999056811417267,0.25478046914156416,0.2577226752949922,99.954,97.461,16.432111549448198,25.0,0.0015,-1.3599999999999994,5.9523809523809525e-06
2020-10-12,101.1,103.0,100.85,102.44,16057978,0.012178504477959253,0.22073655986495247,0.25371488839389605,0.2558236443826555,100.63399999999999,97.45949999999999,16.5917163556922,25.07,0.0015,0.07000000000000028,5.9523809523809525e-06
2020-10-13,103.0,103.22,100.26,100.78,21697310,-0.016337338078872464,0.25184850724168395,0.2334446853453051,0.25748157706624997,101.186,97.53450000000001,16.892698847692984,26.07,0.0013,1.0,5.158730158730158e-06
2020-10-14,101.03,101.925,100.1,100.22,15214907,-0.005572153720873479,0.2365425090391805,0.23410049197610414,0.2540604879059463,101.28399999999999,97.56049999999999,16.53778622890544,26.4,0.0013,0.3299999999999983,5.158730158730158e-06
2020-10-15,99.1,101.78,99.04,101.72,17171199,0.014856171022340242,0.20993540468004088,0.23523110702288913,0.2553493858051799,101.272,97.71849999999999,16.65874406153634,26.97,0.0012,0.5700000000000003,4.7619047619047615e-06
2020-10-16,101.41,102.33,100.723,101.51,13276397,-0.0020666247575791496,0.20535553269660928,0.23521734603447755,0.25535177406707776,101.33399999999999,97.8765,16.401498354960317,27.41,0.0012,0.4400000000000013,4.7619047619047615e-06
2020-10-19,101.6,101.87,99.56,99.8,11725674,-0.016989132478921486,0.20625074608351868,0.21292767353829123,0.25739222866607286,100.80600000000001,98.101,16.277291354653002,29.18,0.0013,1.7699999999999996,5.158730158730158e-06
2020-10-20,100.31,101.77,100.12,100.37,11257070,0.005695174508290636,0.19012458928885412,0.2072919890109382,0.25585901952924717,100.724,98.40599999999999,16.236506933670633,29.35,0.0013,0.1700000000000017,5.158730158730158e-06
2020-10-21,100.36,100.99,99.33,99.37,10730521,-0.010013100582436995,0.19950710048800432,0.20048370142014474,0.256650286089755,100.554,98.7375,16.188602668880108,28.65,0.0013,-0.7000000000000028,5.158730158730158e-06
2020-10-22,99.32,103.24,99.31,102.88,14837204,0.03471300324603721,0.317973497106187,0.22818495460769456,0.2617706166463657,100.786,99.2485,16.512648368248666,28.11,0.0013,-0.5399999999999991,5.158730158730158e-06
2020-10-23,103.5,104.45,102.93,103.81,15087611,0.008999044715844845,0.31817465334338535,0.22824697433616914,0.2559107835062978,101.24600000000001,99.7655,16.52938450144454,27.55,0.0012,-0.5599999999999987,4.7619047619047615e-06
2020-10-26,102.65,102.7,100.25,101.24,12410742,-0.02506836952823083,0.3555012933580636,0.23515377629177828,0.2613053195117726,101.534,100.0195,16.334072945884948,32.46,0.0012,4.91,4.7619047619047615e-06
2020-10-27,100.51,100.92,99.16,99.33,10391663,-0.019046295449658666,0.3852410339103048,0.2445570279526435,0.264143744978702,101.326,100.21849999999999,16.15651440801537,33.35,0.0012,0.8900000000000006,4.7619047619047615e-06
2020-10-28,97.5,98.3,96.07,96.54,16389464,-0.02849020999491767,0.42904458098090986,0.26543278915096896,0.2704964527566468,100.76,100.232,16.61214924731766,40.28,0.0012,6.93,4.7619047619047615e-06
2020-10-29,96.12,97.98,95.2397,97.17,14208820,0.006504591619000787,0.2833120281106564,0.2651828549507822,0.26849486197448996,99.61800000000001,100.24199999999999,16.469373456512667,37.59,0.0012,-2.6899999999999977,4.7619047619047615e-06
2020-10-30,97.91,98.42,96.23,98.04,15200685,0.008913536808564262,0.28292415307876434,0.26494219047171286,0.26911645813942797,98.464,100.2495,16.536851050590545,38.02,0.0013,0.4299999999999997,5.158730158730158e-06
2020-11-02,99.39,100.88,97.86,100.25,15011597,0.022291507526766622,0.33429053778768264,0.27364125207037654,0.2692980110392263,98.26599999999999,100.31,16.524333593686194,37.13,0.0013,-0.8900000000000006,5.158730158730158e-06
2020-11-03,103.02,104.74,102.69,103.41,17482590,0.03103460301020518,0.3610738243237056,0.2905684436629262,0.2755179654119395,99.08200000000001,100.5795,16.676716086552055,35.55,0.0014000000000000002,-1.5800000000000054,5.555555555555557e-06
2020-11-04,101.0,102.07,98.93,100.25,18886518,-0.03103460301020509,0.3773796574410298,0.30841445886270513,0.27541925226768066,99.824,100.60549999999999,16.753958892153257,29.57,0.0012,-5.979999999999997,4.7619047619047615e-06
2020-11-05,101.06,105.095,101.0,104.35,17837373,0.04008356733653105,0.4414237074433414,0.33248133947490444,0.2871980917345978,101.26,100.73400000000001,16.696806420910068,27.58,0.0012,-1.990000000000002,4.7619047619047615e-06
2020-11-06,105.03,105.1,102.39,102.96,12552785,-0.013410070235338552,0.48477147929902376,0.3357246318427015,0.2883226822506975,102.244,100.82199999999999,16.345453111273763,24.86,0.0012,-2.719999999999999,4.7619047619047615e-06
2020-11-09,113.16,118.9,110.35,116.9,47792406,0.1269783051901516,0.9758152515833134,0.5596671141856169,0.3882672445240017,105.574,101.545,17.682377314547576,25.75,0.0012,0.8900000000000006,4.7619047619047615e-06
2020-11-10,117.35,117.45,114.69,116.52,20539339,-0.0032559363867889135,1.005068795393335,0.5544577704847395,0.3837530594375779,108.196,102.332,16.837852580836834,24.8,0.0012,-0.9499999999999993,4.7619047619047615e-06
2020-11-11,116.89,116.96,113.96,114.78,14443409,-0.01504567941101726,0.955213187844908,0.5583708121855456,0.3839450398910128,111.102,103.06000000000002,16.48574874389879,23.45,0.0012,-1.3500000000000014,4.7619047619047615e-06
2020-11-12,112.53,113.955,112.055,113.37,22066464,-0.012360446650709152,0.982373866489516,0.561500207568457,0.385164307722944,112.90599999999999,103.6425,16.90956954790692,25.35,0.0013,1.9000000000000021,5.158730158730158e-06
2020-11-13,114.7,114.86,113.5701,114.08,11856870,0.006243150636478462,0.9540742764405835,0.5608047084585065,0.384069870758906,115.13,104.271,16.288418004392586,23.1,0.0012,-2.25,4.7619047619047615e-06
2020-11-16,117.79,118.61,115.7318,117.3,19858562,0.027834798993444057,0.27508895473173434,0.5591752026757184,0.3874549099105461,115.21,105.146,16.804145807111862,22.45,0.0012,-0.6500000000000021,4.7619047619047615e-06
2020-11-17,115.39,116.44,114.58,116.11,14553245,-0.01019673802051498,0.28556410110034125,0.5629064766985794,0.3849406360842369,115.128,105.93299999999999,16.49332455077059,22.71,0.0012,0.26000000000000156,4.7619047619047615e-06
2020-11-18,117.34,118.61,115.2,115.25,12571217,-0.0074343357621568336,0.26592011643166286,0.5619290877978803,0.3854524329221117,115.22200000000001,106.727,16.346920393700096,23.84,0.0011,1.129999999999999,4.365079365079366e-06
2020-11-19,114.18,115.82,113.56,115.56,10202538,0.002686193721276675,0.23904138216672885,0.5527162398750355,0.3839319436879968,115.66,107.36099999999999,16.13814707083247,23.11,0.0011,-0.7300000000000004,4.365079365079366e-06
2020-11-20,114.43,115.65,114.09,114.57,12720823,-0.008603885692499993,0.25244801662580657,0.5548973271048586,0.37950233248644993,115.758,107.899,16.358750815041077,23.7,0.0011,0.5899999999999999,4.365079365079366e-06
2020-11-23,116.05,118.17,115.57,117.87,13209211,0.028396332332943676,0.2562316222062587,0.5489825191062327,0.3833564979180378,115.872,108.73049999999998,16.39642494723557,22.66,0.001,-1.0399999999999991,3.968253968253968e-06
2020-11-24,120.07,123.5,119.71,123.32,19660667,0.04520028077947153,0.37733665904050656,0.5549513824892204,0.3888366614253976,117.314,109.92999999999999,16.794130598862626,21.64,0.0011,-1.0199999999999996,4.365079365079366e-06
2020-11-25,121.37,122.38,120.465,122.03,11715627,-0.010515686874201364,0.3878477355511029,0.5415721693585589,0.3898131170042049,118.66999999999999,111.20450000000001,16.276434149618588,21.25,0.0011,-0.39000000000000057,4.365079365079366e-06
2020-11-27,122.0,122.35,121.08,121.22,5983627,-0.0066598396206091785,0.4063595049168821,0.5452556128257402,0.38956695746156056,119.80199999999999,112.407,15.604537463805974,20.84,0.0011,-0.41000000000000014,4.365079365079366e-06
2020-11-30,120.0,120.7199,117.77,117.88,14411847,-0.02793991865364503,0.47773789272803374,0.5625943328084608,0.39450199500907596,120.46399999999998,113.399,16.483561134640563,20.57,0.0011,-0.2699999999999996,4.365079365079366e-06
2020-12-01,120.34,121.58,119.6276,119.74,12287069,0.015655567627712082,0.4471839504331267,0.5610395175837065,0.39350589621501547,120.838,114.37349999999999,16.32405796652532,20.77,0.0012,0.1999999999999993,4.7619047619047615e-06
2020-12-02,119.7,122.31,119.27,122.04,10811255,0.019026134351262915,0.3095417274755379,0.5563506554274849,0.3869153015557108,120.58200000000002,115.30499999999999,16.196098279083962,21.17,0.0011,0.40000000000000213,4.365079365079366e-06
2020-12-03,121.85,121.885,120.36,121.24,12904414,-0.006576807658866596,0.30399795008367614,0.5399586064994645,0.387226163112051,120.424,116.3545,16.373079981347548,21.28,0.001,0.10999999999999943,3.968253968253968e-06
2020-12-04,122.48,123.29,121.6901,122.34,13583654,0.009032001624816476,0.3069618632929019,0.527747433088683,0.38639235434185903,120.648,117.25399999999999,16.42437771606635,20.79,0.0011,-0.490000000000002,4.365079365079366e-06
2020-12-07,121.15,122.17,120.21,121.88,9724307,-0.003767099696910578,0.18158876162501855,0.5236645483806005,0.3862081389678985,121.44800000000001,118.2,16.090139185289594,21.3,0.001,0.5100000000000016,3.968253968253968e-06
2020-12-08,121.04,122.33,120.76,122.0,9592124,0.000984090615748217,0.1649840448714229,0.2793782710661961,0.3855922716255327,121.9,118.455,16.07645290304546,20.68,0.001,-0.620000000000001,3.968253968253968e-06
2020-12-09,123.17,123.3,120.44,121.05,13073933,-0.007817361349189077,0.10878187797668222,0.2810101173948547,0.37952429529499704,121.702,118.6815,16.386130958466754,22.27,0.001,1.5899999999999999,3.968253968253968e-06
2020-12-10,119.99,120.7781,119.56,120.27,13668420,-0.006464468061542207,0.10846242832567865,0.27574554014628827,0.3800454776953869,121.508,118.95599999999999,16.430598620454596,22.52,0.001,0.25,3.968253968253968e-06
2020-12-11,118.94,120.02,118.37,119.56,9981643,-0.005920877906788158,0.05467386758890618,0.27211700681527773,0.3792996231785755,120.952,119.2655,16.116258263996254,23.31,0.001,0.7899999999999991,3.968253968253968e-06
2020-12-14,121.335,121.42,118.105,118.3,12112352,-0.010594566431396028,0.06800396058149312,0.2757147591578392,0.38020492652351173,120.23600000000002,119.47649999999999,16.30973631632426,24.72,0.001,1.4100000000000001,3.968253968253968e-06
2020-12-15,119.29,120.9,118.62,120.32,12591419,0.016931089217188524,0.17719991600511217,0.2645584150118626,0.37434270760197785,119.9,119.62749999999998,16.348526108168212,22.89,0.0009,-1.8299999999999983,3.5714285714285714e-06
2020-12-16,120.3,121.08,119.86,120.67,11169364,0.002904686883979742,0.17429690052726055,0.26109097551427607,0.3730687216535968,119.824,119.8555,16.228685231196945,22.5,0.0009,-0.39000000000000057,3.5714285714285714e-06
2020-12-17,121.26,121.45,119.58,119.67,11618001,-0.00832159250008447,0.17865822416417126,0.26153148937128523,0.37154428190815975,119.704,120.07650000000001,16.268066263607945,21.93,0.0009,-0.5700000000000003,3.5714285714285714e-06
2020-12-18,119.14,119.8837,118.27,119.08,28954764,-0.004942418437849344,0.17708859200975913,0.2626198626966838,0.37187792328766994,119.60799999999999,120.25250000000001,17.181245308030327,21.57,0.0009,-0.35999999999999943,3.5714285714285714e-06
2020-12-21,123.17,125.0,121.09,123.55,28323642,0.03685039628704353,0.2937459911894421,0.2877829079787757,0.3777671589601515,120.65799999999999,120.70150000000001,17.15920742021622,25.16,0.0009,3.59,3.5714285714285714e-06
2020-12-22,123.39,123.52,121.61,121.67,11808882,-0.015333470635261387,0.324388316582845,0.27991264899817264,0.37666164954793074,120.928,120.8915,16.2843625181548,24.23,0.0009,-0.9299999999999997,3.5714285714285714e-06
2020-12-23,122.78,126.52,122.35,125.07,14973226,0.027561118761457497,0.37142868900073595,0.24872572108548033,0.3788321212817743,121.80799999999999,120.979,16.521774230841515,23.31,0.0009,-0.9200000000000017,3.5714285714285714e-06
2020-12-24,125.09,125.55,123.57,124.52,4164948,-0.004407234987407746,0.3620696947597015,0.24600114360182376,0.37911753850886876,122.77799999999999,121.10350000000001,15.242214348511144,21.53,0.001,-1.7799999999999976,3.968253968253968e-06
2020-12-28,125.82,126.65,124.7886,125.34,8021144,0.006563699223122126,0.3450828463525113,0.24500912310506925,0.37909741913326234,124.03,121.3095,15.897591613061618,21.7,0.0011,0.16999999999999815,4.365079365079366e-06
2020-12-29,126.2,126.2799,124.89,125.01,8389199,-0.002636310694057672,0.25554807491429526,0.2195942081529362,0.37920263898367695,124.322,121.66599999999998,15.942455603087192,23.08,0.0011,1.379999999999999,4.365079365079366e-06
2020-12-30,125.49,125.845,124.9,125.36,7397964,0.0027958639452936285,0.20365816121421482,0.21439801610278686,0.37887871982244686,125.05999999999999,121.947,15.816715385182647,22.77,0.0012,-0.3099999999999987,4.7619047619047615e-06
2020-12-31,125.09,127.33,124.82,127.07,8580214,0.013548517668677528,0.11515817405387031,0.20955493847175083,0.378196745305623,125.46,122.19850000000001,15.964969412878046,22.75,0.001,-0.019999999999999574,3.968253968253968e-06
2021-01-04,127.5,127.8579,124.78,125.87,16819915,-0.009488487413029325,0.13934052714428663,0.21138598873246278,0.3782571338447521,125.73000000000002,122.42999999999999,16.638074158988577,26.97,0.001,4.219999999999999,3.968253968253968e-06
2021-01-05,124.99,126.2995,123.77,125.65,13731206,-0.001749364313812373,0.13521330309756857,0.21000352903373537,0.3768564791450666,125.792,122.59550000000002,16.43518161074033,25.34,0.001,-1.629999999999999,3.968253968253968e-06
2021-01-06,129.88,132.77,127.88,131.55,24909056,0.04588674349670057,0.3432347327397846,0.26162365613173677,0.38618298309545895,127.1,123.079,17.030741990093137,25.07,0.0011,-0.2699999999999996,4.365079365079366e-06
2021-01-07,135.69,138.19,134.92,135.87,21940387,0.032311538749930445,0.3663147702356303,0.28010376731798176,0.3901056324954703,129.202,123.77250000000001,16.90383965167129,22.37,0.0011,-2.6999999999999993,4.365079365079366e-06
2021-01-08,135.97,136.35,134.12,136.02,12035126,0.0011033875112603946,0.3820945925815777,0.27629143332001366,0.38771724001925145,130.99200000000002,124.521,16.30334009860857,21.56,0.001,-0.8100000000000023,3.968253968253968e-06
2021-01-11,134.58,138.2,134.11,138.05,15949048,0.014814004628670852,0.32407470435010155,0.2740482933901832,0.38759445245505825,133.428,125.41,16.58490969889344,24.08,0.001,2.5199999999999996,3.968253968253968e-06
2021-01-12,139.44,141.6599,138.8301,140.22,17968062,0.015596679402657963,0.27566361225011266,0.2713336167386813,0.3876750895958401,136.342,126.44300000000001,16.704106406533214,23.33,0.0011,-0.75,4.365079365079366e-06
2021-01-13,138.59,140.79,138.1,140.35,14816761,0.0009266850290699467,0.20548919446553474,0.2638577234434069,0.3874789912406149,138.102,127.54550000000002,16.51126959793997,22.21,0.0012,-1.1199999999999974,4.7619047619047615e-06
2021-01-14,140.49,142.75,140.0,141.17,18565597,0.005825535088216738,0.11388296992117086,0.26211576391839836,0.3846592204540942,139.162,128.58800000000002,16.736820802361496,23.25,0.001,1.0399999999999991,3.968253968253968e-06
2021-01-15,137.43,141.65,137.01,138.64,27881016,-0.018084192488757648,0.21762342453666855,0.277645376182569,0.38775618651777205,139.68599999999998,129.4865,17.143456585086437,24.34,0.001,1.0899999999999999,3.968253968253968e-06
2021-01-19,139.86,140.7,137.82,138.04,19843782,-0.00433714717754797,0.19825662430691837,0.27508878626151484,0.3869672364620267,139.684,130.405,16.803401266654365,23.24,0.001,-1.1000000000000014,3.968253968253968e-06
2021-01-20,137.82,138.17,135.435,135.97,16028845,-0.015109225062207993,0.162562992636597,0.28325745051335294,0.38435242387358737,138.834,131.24949999999998,16.58990046958809,21.58,0.001,-1.6600000000000001,3.968253968253968e-06
2021-01-21,135.69,136.16,134.325,134.83,13415022,-0.008419547521611365,0.14996303323904403,0.26413848085342134,0.38516704923291417,137.72999999999996,131.8135,16.41188568179579,21.32,0.001,-0.259999999999998,3.968253968253968e-06
2021-01-22,132.69,134.4,132.2,133.79,12933227,-0.007743319160455452,0.08993591800910596,0.25793074654217174,0.381129071571915,136.254,132.41950000000003,16.37531029424211,21.91,0.001,0.5899999999999999,3.968253968253968e-06
2021-01-25,132.14,133.17,130.06,132.12,14212764,-0.01256080596293897,0.06718617106528382,0.2500631901832921,0.37963590938121855,134.95,132.772,16.469650992066303,23.19,0.001,1.2800000000000011,3.968253968253968e-06
2021-01-26,132.75,133.17,131.34,131.58,11307819,-0.00409556886473697,0.06839702774631684,0.24994743241493733,0.3737580223412827,133.658,133.125,16.24100499130034,23.02,0.0009,-0.1700000000000017,3.5714285714285714e-06
2021-01-27,129.59,129.85,127.35,127.86,17603851,-0.028679116319271142,0.1529806425408901,0.2730664617375559,0.3801189017998787,132.036,133.251,16.683628242891842,37.21,0.0009,14.190000000000001,3.5714285714285714e-06
2021-01-28,129.9,132.17,128.99,130.11,13761758,0.017444331176803964,0.26412573029980724,0.2787679821649158,0.38093598817835733,131.092,133.50600000000003,16.437404143936558,30.21,0.0008,-7.0,3.1746031746031746e-06
2021-01-29,131.19,131.72,128.19,128.67,14808109,-0.011129259318486025,0.2657126276980031,0.28259620471198416,0.38050747905980375,130.068,133.67149999999998,16.510685494094385,33.09,0.001,2.8800000000000026,3.968253968253968e-06
2021-02-01,129.4,130.0697,128.475,129.62,11080662,0.0073561058026713,0.2804619431571764,0.2798791057195561,0.37643693467102257,129.568,133.799,16.22071198479103,30.24,0.0008,-2.850000000000005,3.1746031746031746e-06
2021-02-02,131.94,134.39,131.22,133.61,11832421,0.030318015601232883,0.3703451143287364,0.29534667059104835,0.3731966730454462,129.974,134.18599999999998,16.286353864213737,25.56,0.0008,-4.68,3.1746031746031746e-06
2021-02-03,133.65,135.755,133.51,135.14,10600777,0.011386169523225735,0.2404631867277294,0.29623383692787386,0.36617215306669343,131.43,134.6605,16.176437858282636,22.91,0.0008,-2.6499999999999986,3.1746031746031746e-06
2021-02-04,135.47,138.66,135.47,138.25,12419526,0.022752362278415844,0.2519968452907962,0.2618640564289357,0.36619765012721295,133.058,134.99550000000002,16.334780469490127,21.77,0.0007000000000000001,-1.1400000000000006,2.7777777777777783e-06
2021-02-05,139.39,139.49,137.38,137.98,10051265,-0.0019548932844816727,0.2021133295465948,0.23718199606199084,0.2635855343585125,134.92,135.101,16.12320905519508,20.87,0.0006,-0.8999999999999986,2.3809523809523808e-06
2021-02-08,138.2,140.3,138.18,140.14,10136384,0.01553317582442516,0.19340062481542616,0.24291206482029978,0.2645637458560411,137.02399999999997,135.307,16.131641885032668,21.24,0.0007000000000000001,0.36999999999999744,2.7777777777777783e-06
2021-02-09,139.43,139.98,138.54,139.58,8587220,-0.004004009353382119,0.1820879803441471,0.23836563074046135,0.2622913059723075,138.218,135.3835,15.965785609449874,21.63,0.0007000000000000001,0.39000000000000057,2.7777777777777783e-06
2021-02-10,140.0,140.87,139.04,139.66,9877416,0.0005729838288835849,0.18827436696638586,0.23165949921286222,0.26033336181893335,139.12199999999999,135.35549999999998,16.105761497055365,21.99,0.0007000000000000001,0.35999999999999943,2.7777777777777783e-06
2021-02-11,139.66,140.55,138.22,139.27,9200955,-0.002796402352888503,0.12760833850357,0.23179624087847114,0.26058198556390744,139.326,135.30149999999998,16.034817840979795,21.25,0.0007000000000000001,-0.7399999999999984,2.7777777777777783e-06
2021-02-12,139.05,141.61,139.0,141.25,8324562,0.014116874961549598,0.1495539830577454,0.23656269929926832,0.2565564550256669,139.98000000000002,135.3055,15.934720979834077,19.97,0.0006,-1.2800000000000011,2.3809523809523808e-06
2021-02-16,143.55,145.32,142.4,144.65,12130618,0.023785661395593745,0.19256007304092745,0.24069494056056448,0.2584810607636072,140.882,135.606,16.31124322768508,21.46,0.0008,1.490000000000002,3.1746031746031746e-06
2021-02-17,143.95,145.38,143.12,145.1,10806559,0.003106128467998037,0.17425499260330404,0.23949289842823776,0.25744878242793323,141.98600000000002,135.959,16.195663822568253,21.5,0.0007000000000000001,0.03999999999999915,2.7777777777777783e-06
2021-02-18,144.0,145.79,143.4,145.59,10590274,0.0033712921950923725,0.16800730375281975,0.23028390083165548,0.25743951181199487,143.17199999999997,136.44,16.17544659070841,22.49,0.0006,0.9899999999999984,2.3809523809523808e-06
2021-02-19,145.86,148.84,145.86,148.02,11969782,0.01655294768408589,0.14142881249744696,0.23031896178879027,0.2574039547998305,144.922,137.09949999999998,16.297895865171153,22.05,0.0007000000000000001,-0.4399999999999977,2.7777777777777783e-06
2021-02-22,146.87,150.19,146.79,149.41,11301409,0.009346805093673081,0.14138149261097033,0.22605537399422118,0.2526950184482458,146.554,137.88049999999998,16.24043796617487,23.45,0.0006,1.3999999999999986,2.3809523809523808e-06
2021-02-23,151.51,152.31,149.59,150.61,16234408,0.007999509360763815,0.08706170279415537,0.21579083604979163,0.23782157542285284,147.746,138.805,16.602643498425536,23.11,0.0008,-0.33999999999999986,3.1746031746031746e-06
2021-02-24,150.11,153.76,150.11,153.26,15061433,0.01744211131850076,0.09466741645687285,0.21524166388794203,0.23777054472430492,149.378,139.889,16.52764792853173,21.34,0.0008,-1.7699999999999996,3.1746031746031746e-06
2021-02-25,154.27,154.9,150.59,151.18,18056345,-0.013664645678227559,0.19960222928731658,0.18630587773987514,0.23951341565377365,150.496,141.055,16.709007704518942,28.89,0.0009,7.550000000000001,3.5714285714285714e-06
2021-02-26,150.3,150.8741,146.51,147.17,19751561,-0.026882798688009274,0.2925345237086338,0.22091985482431303,0.2389263953210268,150.326,141.908,16.79874308416275,27.95,0.0008,-0.9400000000000013,3.1746031746031746e-06
2021-03-01,149.52,151.3799,148.48,150.5,14845483,0.022374703012909104,0.333712854880286,0.21813600565284064,0.24075242934595267,150.544,142.9995,16.513206201858182,23.35,0.0008,-4.599999999999998,3.1746031746031746e-06
2021-03-02,150.08,151.78,149.84,150.01,14221724,-0.003261125648131488,0.3293444044267226,0.22167251471158675,0.23906307173764602,150.424,144.01899999999998,16.470281212684064,24.1,0.0008,0.75,3.1746031746031746e-06
2021-03-03,151.23,154.98,150.825,152.91,14324103,0.019147554479261076,0.3354607935740146,0.20950377528639633,0.24026959746120422,150.35399999999998,144.984,16.477454200803454,26.67,0.0008,2.5700000000000003,3.1746031746031746e-06
2021-03-04,152.61,154.3786,148.6201,150.56,20093905,-0.015487837182990509,0.34019921103449424,0.22289915400697738,0.2432549396446894,150.22999999999996,145.755,16.815927093213784,28.57,0.0008,1.8999999999999986,3.1746031746031746e-06
2021-03-05,153.215,153.49,147.97,150.91,18465108,0.002321956793389635,0.2506465369514787,0.21340257495325063,0.2428019905835147,150.978,146.38799999999998,16.731393455155025,24.66,0.0008,-3.91,3.1746031746031746e-06
2021-03-08,152.47,155.46,150.75,152.91,17133270,0.013165880389600967,0.21670201222129162,0.21419658871905434,0.24353220766526676,151.45999999999998,147.13449999999997,16.6565327452524,25.47,0.0009,0.8099999999999987,3.5714285714285714e-06
2021-03-09,151.5,154.25,149.82,151.83,16238763,-0.007088039125963604,0.22539394006139715,0.21468479783893266,0.243388614900837,151.824,147.719,16.602911719845988,24.03,0.001,-1.4399999999999977,3.968253968253968e-06
2021-03-10,151.91,156.16,151.51,155.13,14342237,0.02150200118214341,0.23674167283596878,0.22105921013646174,0.24510507347369137,152.268,148.4965,16.47871937818005,22.56,0.0008,-1.4700000000000024,3.1746031746031746e-06
2021-03-11,154.11,156.15,153.36,154.32,11771478,-0.005235106478766196,0.19393968783211588,0.22364618391245233,0.24498762520358608,153.01999999999998,149.2295,16.281190044844696,21.91,0.0008,-0.6499999999999986,3.1746031746031746e-06
2021-03-12,156.86,157.63,155.0701,156.15,12849532,0.011788715131613932,0.1975209853880691,0.22290164655780045,0.243483345295392,154.06799999999998,150.07350000000002,16.368817948408807,20.69,0.0009,-1.2199999999999989,3.5714285714285714e-06
2021-03-15,156.35,156.92,153.96,155.37,12103264,-0.0050077146251778105,0.2028415367856061,0.22368254948294217,0.24289845666669196,154.56,150.7795,16.308985726256537,20.03,0.0008,-0.6600000000000001,3.1746031746031746e-06
2021-03-16,154.09,154.6,152.19,153.51,12805565,-0.012043657618799726,0.2209102533139138,0.21938630068264758,0.24517615030248768,154.89600000000002,151.22250000000003,16.365390400031657,19.79,0.0007000000000000001,-0.240000000000002,2.7777777777777783e-06
2021-03-17,155.34,156.88,153.05,155.09,13952375,0.010239882086251501,0.16674825989693115,0.22090013077799966,0.24413684218385215,154.88799999999998,151.722,16.451160302636666,19.23,0.0007000000000000001,-0.5599999999999987,2.7777777777777783e-06
2021-03-18,157.6,161.69,157.11,157.65,21898467,0.01637179241970841,0.1929316662384004,0.22570107306312018,0.24458983814123092,155.554,152.325,16.901927192336615,21.58,0.0008,2.349999999999998,3.1746031746031746e-06
2021-03-19,155.51,155.94,151.19,155.14,54418832,-0.016049450928344446,0.22339961079495177,0.23121338037716968,0.23882695109076443,155.352,152.68099999999998,17.81222082839151,20.95,0.0007000000000000001,-0.629999999999999,2.7777777777777783e-06
2021-03-22,152.8,153.97,150.61,150.97,19944845,-0.02724679348308075,0.2919410992527166,0.2520703923912924,0.24409228504534036,154.472,152.75900000000001,16.808481271920176,18.88,0.0006,-2.0700000000000003,2.3809523809523808e-06
2021-03-23,150.33,152.12,148.96,149.46,17076304,-0.010052343077500506,0.2895673523299348,0.25310781790322556,0.24046402035162265,153.66199999999998,152.7015,16.653202329465636,20.3,0.0008,1.4200000000000017,3.1746031746031746e-06
2021-03-24,150.0,153.18,149.86,150.62,13079793,0.007731310171061534,0.2814952784410495,0.2462926668814911,0.2401601722824217,152.768,152.5695,16.386579078180027,21.2,0.0007000000000000001,0.8999999999999986,2.7777777777777783e-06
2021-03-25,150.0,152.97,149.33,152.55,15608340,0.01273230248947313,0.26404019368756776,0.24592662753885436,0.24086401208454075,151.748,152.638,16.56331594474849,19.81,0.0007000000000000001,-1.3900000000000006,2.7777777777777783e-06
2021-03-26,154.3,155.45,152.55,155.09,16754402,0.016513182408682738,0.2903328202444492,0.2296592913252186,0.24205111692082298,151.738,153.034,16.634171587678058,18.86,0.0006,-0.9499999999999993,2.3809523809523808e-06
2021-03-29,152.1201,153.7276,151.04,152.68,17570343,-0.015661365694332446,0.2266675211800596,0.22592382092994281,0.24524543088215336,152.08,153.143,16.68172298188508,20.74,0.0006,1.879999999999999,2.3809523809523808e-06
2021-03-30,154.46,155.87,153.88,154.48,13184306,0.01172041024322998,0.20374838529473532,0.22866537420076694,0.2449471227548132,153.084,153.36650000000003,16.3945377408135,19.61,0.0006,-1.129999999999999,2.3809523809523808e-06
2021-03-31,153.28,154.49,152.12,152.23,16736681,-0.014672103049096287,0.25226286556129557,0.22547493123022141,0.24632550093947853,153.406,153.3325,16.63311333574552,19.4,0.0007000000000000001,-0.21000000000000085,2.7777777777777783e-06
2021-04-01,151.9,153.79,151.55,153.71,16561508,0.009675175165678106,0.24499439400598322,0.22051728304715393,0.24646386302816936,153.638,153.49,16.622591765577354,17.33,0.0006,-2.0700000000000003,2.3809523809523808e-06
2021-04-05,154.4,154.94,152.6,153.62,13507979,-0.0005856896663049606,0.20602172105737399,0.22053380478430815,0.230070495649673,153.344,153.62550000000002,16.418791105852097,17.91,0.0006,0.5800000000000018,2.3809523809523808e-06
2021-04-06,152.79,154.28,151.86,152.54,13071554,-0.007055163834443436,0.1768062632063432,0.2172613188430041,0.22236166691970546,153.31599999999997,153.60700000000003,16.385948976772813,18.12,0.0006,0.21000000000000085,2.3809523809523808e-06
2021-04-07,153.1,155.23,152.65,154.93,16903523,0.01554654527210808,0.19426027755175937,0.22242920932246768,0.22409598842407127,153.406,153.762,16.643032619706677,17.16,0.0006,-0.9600000000000009,2.3809523809523808e-06
2021-04-08,154.0,155.505,152.31,155.12,12335512,0.0012256089261958706,0.14113764707997134,0.20888645657656715,0.22254613855916394,153.984,153.7615,16.3279928149885,16.95,0.0005,-0.21000000000000085,1.984126984126984e-06
2021-04-09,155.81,157.042,154.97,156.28,12122400,0.007450259252473482,0.13605673252645528,0.20952474079288325,0.22103248760149707,154.498,153.8595,16.310565538804088,16.69,0.0006,-0.259999999999998,2.3809523809523808e-06
2021-04-12,155.58,157.25,155.57,155.95,12273355,-0.00211382713305766,0.13921365203889224,0.20547795996021953,0.2211720148897321,154.964,153.84949999999998,16.32294121044446,16.91,0.0006,0.21999999999999886,2.3809523809523808e-06
2021-04-13,154.75,155.2,152.43,154.09,16113557,-0.011998595760050133,0.1639567968021581,0.20917395442415168,0.2227820940879739,155.274,153.7855,16.595171525319184,16.65,0.0006,-0.26000000000000156,2.3809523809523808e-06
2021-04-14,151.47,153.83,150.93,151.21,19939592,-0.018867248169184215,0.16711287000551683,0.21551219750287542,0.2230810789184559,154.53,153.6705,16.808217860904477,16.99,0.0006,0.33999999999999986,2.3809523809523808e-06
2021-04-15,151.25,152.2,149.32,152.17,17694125,0.006328717807445325,0.18207882691750973,0.2133015861312471,0.22297086293567353,153.94,153.52450000000002,16.68874322154217,16.57,0.0006,-0.41999999999999815,2.3809523809523808e-06
2021-04-16,153.87,154.51,152.69,153.3,13773412,0.007398468945745399,0.1818767660144791,0.20588576000121267,0.22051390041380411,153.344,153.307,16.438250625051136,16.25,0.0006,-0.3200000000000003,2.3809523809523808e-06
2021-04-19,153.42,153.88,152.22,152.65,11900220,-0.004249066696881618,0.18122281911957636,0.19889092272843437,0.2198368668297799,152.684,153.1825,16.292067445305825,17.29,0.0008,1.0399999999999991,3.1746031746031746e-06
2021-04-20,151.74,151.75,148.65,149.27,13716678,-0.022390972535738546,0.21998916895874926,0.19091705523102218,0.22462665163247605,151.72,153.0975,16.434123022664345,18.68,0.0007000000000000001,1.3900000000000006,2.7777777777777783e-06
2021-04-21,147.79,150.61,146.79,150.54,12236674,0.008472082961237543,0.20728732961559962,0.19003086680095305,0.2230033042226883,151.586,153.1515,16.319948066096472,17.5,0.0007000000000000001,-1.1799999999999997,2.7777777777777783e-06
2021-04-22,150.23,150.3,147.26,147.37,15256117,-0.02128239838121432,0.23724285463047456,0.2025961359155838,0.22779764247325324,150.62600000000003,152.989,16.540491095346777,18.71,0.0006,1.2100000000000009,2.3809523809523808e-06
2021-04-23,147.18,151.13,146.685,150.19,14043086,0.01895472799231787,0.28830860375158457,0.20931947639403556,0.22132148922642042,150.004,152.871,16.457640732979133,17.33,0.0007000000000000001,-1.3800000000000026,2.7777777777777783e-06
2021-04-26,150.78,152.46,150.38,150.56,10799065,0.0024605166195801565,0.2920000381172275,0.19964148054904193,0.2191728104811597,149.586,152.64450000000002,16.19497011427262,17.64,0.0006,0.3100000000000023,2.3809523809523808e-06
2021-04-27,150.5,151.57,150.11,151.25,12821182,0.004572421073881411,0.2349522420507507,0.193403420579786,0.21737777426516258,149.98200000000003,152.573,16.366609204894655,17.56,0.0006,-0.08000000000000185,2.3809523809523808e-06
2021-04-28,152.43,152.89,151.4,152.23,8943653,0.006458438160211795,0.2322198423909588,0.18987400875576768,0.2173033286212913,150.32,152.4605,16.00645467666554,17.28,0.0005,-0.2799999999999976,1.984126984126984e-06
2021-04-29,153.54,155.28,153.2,155.19,12976866,0.01925763761237076,0.1290030977929653,0.1949680045094942,0.21242225981076202,151.88400000000001,152.6085,16.37867879170474,17.61,0.0005,0.3299999999999983,1.984126984126984e-06
2021-04-30,154.1,154.49,153.01,153.81,11705065,-0.008932098219814444,0.15990414992016413,0.19512763493586607,0.21287079814995633,152.608,152.61350000000002,16.27553221207413,18.61,0.0005,1.0,1.984126984126984e-06
2021-05-03,154.85,155.48,153.13,153.36,11801108,-0.00292997572632983,0.16910926076964894,0.1954033850084119,0.20872421351434123,153.168,152.60049999999998,16.283703983332806,18.31,0.0006,-0.3000000000000007,2.3809523809523808e-06
2021-05-04,152.87,155.64,152.14,155.48,12977673,0.013729007246633153,0.18397594593852717,0.19945536515739432,0.2100128764018971,154.01399999999998,152.7475,16.378740977359453,19.48,0.0006,1.1700000000000017,2.3809523809523808e-06
2021-05-05,156.0,158.28,154.63,157.52,10506700,0.013035328346847763,0.19185336519255036,0.1972051647356805,0.20938633653167618,155.072,152.877,16.16752370686964,19.15,0.0006,-0.33000000000000185,2.3809523809523808e-06
2021-05-06,158.07,160.825,157.16,160.69,13542406,0.01992460872279168,0.19461337594837855,0.20854795102885557,0.21220445647752934,156.172,153.15550000000002,16.421336505378786,18.39,0.0005,-0.759999999999998,1.984126984126984e-06
2021-05-07,157.22,161.5,157.02,161.24,14257828,0.0034168951953031765,0.14430594827249182,0.20757851515754355,0.21218292812941436,157.65800000000002,153.4035,16.472816647183947,16.69,0.0005,-1.6999999999999993,1.984126984126984e-06
2021-05-10,161.5,163.73,161.12,161.22,14014332,-0.0001240463935102452,0.1298050678383677,0.20723102576323604,0.2119742555041712,159.23000000000002,153.667,16.45559107822712,19.66,0.0005,2.969999999999999,1.984126984126984e-06
2021-05-11,161.08,162.39,158.04,158.54,15451666,-0.016762964446445133,0.22219019740499335,0.2120309288110596,0.21414399526804204,159.842,153.8895,16.553227387209816,21.84,0.0005,2.1799999999999997,1.984126984126984e-06
2021-05-12,159.61,160.78,157.03,157.45,14381733,-0.006898979861976146,0.2155127390875659,0.2007987655075562,0.20995697976058467,159.828,154.2015,16.481469417599488,27.59,0.0005,5.75,1.984126984126984e-06
2021-05-13,158.18,162.445,157.68,161.5,15397363,0.02539719511567763,0.24850636058821138,0.2169793555456839,0.2156182895857482,159.98999999999998,154.668,16.54970681895545,23.13,0.0005,-4.460000000000001,1.984126984126984e-06
2021-05-14,162.39,164.45,161.99,164.01,10583975,0.015422258912306207,0.2695681332734988,0.22098115175191488,0.21740405952846203,160.54399999999998,155.20350000000002,16.174851622718204,18.81,0.0006,-4.32,2.3809523809523808e-06
2021-05-17,163.37,164.85,163.03,164.67,9886843,0.004016069654889965,0.2677480838329613,0.2191381826403442,0.21532431822831458,161.234,155.80450000000002,16.106715441315544,19.72,0.0006,0.9100000000000001,2.3809523809523808e-06
2021-05-18,164.68,165.5,162.24,162.35,11098117,-0.014188972681052488,0.2553682211315822,0.20778128602810655,0.21718443754949937,161.99599999999998,156.45850000000002,16.222286012252493,21.34,0.0006,1.620000000000001,2.3809523809523808e-06
2021-05-19,161.0,161.18,158.64,161.11,13278895,-0.007667137045959631,0.25762395043880915,0.21124879573767755,0.2175192711984287,162.728,156.98700000000002,16.40168649071927,22.18,0.0005,0.8399999999999999,1.984126984126984e-06
2021-05-20,160.83,161.86,159.52,160.83,10426014,-0.001739454995339224,0.17988976674445412,0.19143297625794845,0.21490928609726004,162.594,157.66,16.15981458710614,20.67,0.0005,-1.509999999999998,1.984126984126984e-06
2021-05-21,161.34,163.223,160.94,162.66,10248994,0.011314226231073034,0.15747304505328968,0.1855429935813418,0.21382086594432223,162.324,158.2835,16.14269011239056,20.15,0.0004,-0.5200000000000031,1.5873015873015873e-06
2021-05-24,163.36,164.225,162.1189,163.54,9440290,0.0053954759952019055,0.16086945713696524,0.1855149986855593,0.20578255302569246,162.098,158.93249999999998,16.060497257988807,18.4,0.0004,-1.75,1.5873015873015873e-06
2021-05-25,163.85,165.7,161.56,161.85,12609084,-0.01038762836157781,0.14307624965199045,0.19251511329179852,0.2026933839331572,161.998,159.4625,16.349928064541334,18.84,0.0004,0.4400000000000013,1.5873015873015873e-06
2021-05-26,163.57,163.74,161.305,161.83,13058340,-0.00012357884345914297,0.1289871087937682,0.1925399678061797,0.20249955616289392,162.142,159.9425,16.384937568067794,17.36,0.0004,-1.4800000000000004,1.5873015873015873e-06
2021-05-27,163.95,164.75,162.57,164.35,15707512,0.015451898581434236,0.16072777181668804,0.18872920441438532,0.20124327994305669,162.846,160.40050000000002,16.569649627225207,16.74,0.0004,-0.620000000000001,1.5873015873015873e-06
2021-05-28,164.68,164.94,163.26,164.24,10294700,-0.0006695273995501851,0.15008545611983365,0.1840998438453511,0.1982634212438474,163.162,160.92199999999997,16.14713975766004,16.76,0.0005,0.020000000000003126,1.984126984126984e-06
2021-06-01,165.87,166.91,165.48,166.05,9445366,0.010960175112077385,0.16283063779432239,0.1844870158003237,0.19921387039049415,163.664,161.5565,16.061034808828687,17.9,0.0004,1.139999999999997,1.5873015873015873e-06
2021-06-02,167.26,167.44,165.53,166.06,10498568,6.022101112890498e-05,0.11971042835843235,0.18125388741804588,0.19776747618795185,164.50600000000003,162.0855,16.16674942487464,17.48,0.0005,-0.41999999999999815,1.984126984126984e-06
2021-06-03,165.41,167.245,164.661,166.17,13354653,0.0006621918792376311,0.1176477189595063,0.17771870507416826,0.19698719241971022,165.374,162.518,16.407375421410656,18.04,0.0004,0.5599999999999987,1.5873015873015873e-06
2021-06-04,166.21,166.67,165.03,166.44,8510831,0.0016235234016184377,0.07601345576373315,0.16561719194192515,0.19252994644366186,165.792,162.8055,15.95685014560586,16.42,0.0005,-1.6199999999999974,1.984126984126984e-06
2021-06-07,167.0,167.1,165.14,165.66,7267196,-0.00469738894462244,0.09065401551670778,0.16703763425210272,0.19245664559110157,166.076,163.0265,15.798881080474906,16.42,0.0005,0.0,1.984126984126984e-06
2021-06-08,164.49,165.76,163.1618,165.0,10370719,-0.00399202126953745,0.045617959088614796,0.1680522179778991,0.19145660436648143,165.866,163.2155,16.15449691242127,17.07,0.0005,0.6499999999999986,1.984126984126984e-06
2021-06-09,164.14,164.22,162.28,162.94,12377367,-0.012563439018084953,0.08943619011641958,0.16268778832640293,0.1930749215158668,165.242,163.4355,16.331380120856004,17.89,0.0005,0.8200000000000003,1.984126984126984e-06
2021-06-10,164.36,165.24,160.31,160.4,12119419,-0.01571133945008152,0.11098857971408126,0.17140147129122074,0.1942591078176971,164.08800000000002,163.583,16.310319600162686,16.1,0.0005,-1.7899999999999991,1.984126984126984e-06
2021-06-11,160.43,161.199,159.06,160.29,13683774,-0.0006860207946245756,0.100289599603993,0.1449853049178196,0.19326291325896042,162.858,163.52249999999998,16.431721309304546,15.65,0.0005,-0.45000000000000107,1.984126984126984e-06
2021-06-14,160.15,160.33,156.655,157.57,19917855,-0.017114870663835505,0.11574712737953936,0.14396031711615673,0.19373755421965325,161.23999999999998,163.2005,16.807127123599848,16.39,0.0005,0.7400000000000002,1.984126984126984e-06
2021-06-15,156.7,156.92,154.13,155.18,24485479,-0.015284070508150935,0.10609673377230087,0.14945415338217496,0.1934730515050212,159.276,162.726,17.013590805924956,17.02,0.0008,0.629999999999999,3.1746031746031746e-06
2021-06-16,154.73,157.62,153.11,156.27,24773291,0.006999546959406598,0.17270383766810057,0.1472633944642229,0.18543317106402626,157.942,162.422,17.02527665497359,18.15,0.0008,1.129999999999999,3.1746031746031746e-06
2021-06-17,157.1,157.46,151.25,151.76,29722421,-0.029284954798451276,0.22734641100598638,0.1757188870335297,0.1941262818225846,156.214,161.9545,17.20741223479222,17.75,0.0008,-0.3999999999999986,3.1746031746031746e-06
2021-06-18,149.3,149.7,147.56,147.92,43595659,-0.0256287385478894,0.22448789202409933,0.19306959225686612,0.20057037219186427,153.73999999999998,161.309,17.59046813914223,20.7,0.0009,2.9499999999999993,3.5714285714285714e-06
2021-06-21,149.08,151.202,149.0201,150.43,18664796,0.016826272630863108,0.322421502856466,0.19981172150095156,0.2018779057390674,152.312,160.69750000000002,16.74214974072381,17.89,0.0009,-2.8099999999999987,3.5714285714285714e-06
2021-06-22,150.6,150.97,148.66,150.21,14251160,-0.00146354469976926,0.32111866645540055,0.1970399708445049,0.19884749385530479,151.31799999999998,160.031,16.47234886487462,16.66,0.0009,-1.2300000000000004,3.5714285714285714e-06
2021-06-23,150.2,152.04,150.09,151.12,12733326,0.006039908183290903,0.3186378467971535,0.198874327524811,0.19675814339709127,150.288,159.4945,16.3597332089923,16.32,0.0008,-0.33999999999999986,3.1746031746031746e-06
2021-06-24,151.92,153.12,151.22,152.51,13733186,0.009155944474838217,0.2581193020230455,0.20359225683420368,0.19616545041552375,150.43800000000002,159.02849999999998,16.435325797438757,15.97,0.0008,-0.34999999999999964,3.1746031746031746e-06
2021-06-25,152.59,154.495,151.6686,154.05,15484922,0.010047057374584554,0.1055257891982198,0.19793262829754632,0.19492111802763779,151.66400000000002,158.5135,16.555377334244046,15.62,0.0009,-0.3500000000000014,3.5714285714285714e-06
2021-06-28,153.7,154.48,152.1203,154.33,14125837,0.0018159418700632538,0.07763544471428309,0.19855572147708694,0.19395207351046184,152.44400000000002,158.018,16.463516089878343,15.76,0.0008,0.14000000000000057,3.1746031746031746e-06
2021-06-29,155.0,156.31,153.61,154.14,14528708,-0.0012318865628930756,0.0764056792276774,0.19169324699135376,0.19396588359704983,153.23,157.42249999999999,16.49163711211595,16.02,0.0008,0.2599999999999998,3.1746031746031746e-06
2021-06-30,153.75,156.08,153.7097,155.54,12530993,0.009041652916950164,0.08138006231874655,0.1966307191873525,0.19425022713108991,154.11399999999998,156.8965,16.34371557353263,15.83,0.0007000000000000001,-0.1899999999999995,2.7777777777777783e-06
2021-07-01,156.26,157.14,155.415,157.08,10479389,0.009852296443011858,0.08333433477394167,0.20171009541911405,0.19268861324357217,155.028,156.442,16.164920933630853,15.48,0.0009,-0.34999999999999964,3.5714285714285714e-06
2021-07-02,155.95,156.32,155.12,156.03,11431349,-0.006706933256718105,0.11112079613789641,0.20144734972631684,0.19319860743621212,155.424,155.92149999999998,16.251870051554015,15.07,0.0008,-0.41000000000000014,3.1746031746031746e-06
2021-07-06,155.78,155.78,152.345,153.41,15083360,-0.016934220596408797,0.17835658688057301,0.20723003791481967,0.19568199197399747,155.23999999999998,155.30900000000003,16.529102707396337,16.44,0.0007000000000000001,1.370000000000001,2.7777777777777783e-06
2021-07-07,152.01,154.2829,151.55,153.59,12271789,0.001172638570854942,0.1791411292851231,0.20798968958903466,0.1956684293060482,155.13,154.7385,16.32281360882989,16.2,0.0008,-0.240000000000002,3.1746031746031746e-06
2021-07-08,151.61,152.53,150.04,150.94,17834574,-0.017404307570814608,0.18662796970075915,0.211443063927324,0.19736057369554624,154.20999999999998,154.1385,16.696649490871696,19.0,0.0007000000000000001,2.8000000000000007,2.7777777777777783e-06
2021-07-09,153.05,156.15,152.58,155.77,13694523,0.031498153481792204,0.31889022200223566,0.24063464381164978,0.2040487344035288,153.948,153.90699999999998,16.43250652984272,16.18,0.0008,-2.8200000000000003,3.1746031746031746e-06
2021-07-12,154.35,159.1612,153.94,158.0,19940363,0.014214472688452315,0.3323950629734504,0.24700251763663283,0.20564539461484208,154.342,153.7925,16.808256526946106,16.17,0.0008,-0.00999999999999801,3.1746031746031746e-06
2021-07-13,156.05,157.39,153.5001,155.65,22671744,-0.014985136139349596,0.3254272611745387,0.24523693268869104,0.2076041808260365,154.79000000000002,153.6965,16.936629949388017,17.12,0.0008,0.9499999999999993,3.1746031746031746e-06
2021-07-14,155.95,157.28,152.95,155.12,14622833,-0.0034108859532207816,0.3285709220153108,0.2393673424710899,0.20753363006678938,155.096,153.6935,16.498094769163625,16.33,0.0008,-0.7900000000000027,3.1746031746031746e-06
2021-07-15,153.9,156.53,153.7,155.46,11539263,0.002189452867677239,0.28186144023652066,0.23810225327149806,0.20211411484799713,156.0,153.653,16.261265952186758,17.01,0.0007000000000000001,0.6800000000000033,2.7777777777777783e-06
2021-07-16,155.96,156.28,151.02,151.91,14002741,-0.023100223582502397,0.23150791563396372,0.22893850340025781,0.20720622495102,155.228,153.6605,16.454763654130296,18.45,0.0008,1.4399999999999977,3.1746031746031746e-06
2021-07-19,148.55,149.823,145.71,146.97,22172865,-0.033059755900978205,0.22731143271690582,0.24118503382915515,0.21371318489696625,153.022,153.613,16.9143798019306,22.5,0.0007000000000000001,4.050000000000001,2.7777777777777783e-06
2021-07-20,146.52,151.12,146.3278,149.71,15385158,0.018471605143152214,0.32546624441942423,0.24280190831659193,0.21353194680010457,151.834,153.577,16.548913836428802,19.73,0.0008,-2.7699999999999996,3.1746031746031746e-06
2021-07-21,152.05,153.65,151.36,152.86,12356686,0.020822380352992883,0.38583978753096,0.2539435621629876,0.2177298004495654,151.382,153.7095,16.32970785106508,17.91,0.0007000000000000001,-1.8200000000000003,2.7777777777777783e-06
2021-07-22,152.88,153.44,149.97,150.93,9913322,-0.01270631664340125,0.38786182839448424,0.25757833207697267,0.2191405853193921,150.476,153.7,16.109390067086093,17.69,0.0007000000000000001,-0.21999999999999886,2.7777777777777783e-06
2021-07-23,151.48,152.84,150.25,150.64,9666101,-0.0019232688224400097,0.3566267660082141,0.2553113792227009,0.21875262139065021,150.222,153.6065,16.084135580329058,17.2,0.0007000000000000001,-0.490000000000002,2.7777777777777783e-06
2021-07-26,150.19,151.96,150.17,151.65,8207990,0.006682349785693375,0.22281657665902044,0.25372181233502433,0.21547477977706814,151.158,153.4865,15.92061862806836,17.58,0.0008,0.379999999999999,3.1746031746031746e-06
2021-07-27,150.4,152.49,149.8,151.45,11218727,-0.0013196966613439503,0.19738255636079452,0.2535395382967166,0.21474854469981056,151.506,153.3425,16.23309499351145,19.36,0.0007000000000000001,1.7800000000000011,2.7777777777777783e-06
2021-07-28,152.29,152.77,150.88,151.7,9217294,0.0016493488812403237,0.11299362735269504,0.2537020534616971,0.21471021824750455,151.274,153.22050000000002,16.036592060047642,18.31,0.0007000000000000001,-1.0500000000000007,2.7777777777777783e-06
2021-07-29,153.14,153.87,151.91,153.0,9048750,0.00853303503794893,0.07467639385305144,0.2534467195756737,0.21353323897087656,151.688,153.0935,16.018137184589488,17.7,0.0008,-0.6099999999999994,3.1746031746031746e-06
2021-07-30,152.58,153.67,151.2,151.78,9805241,-0.008005817416668747,0.10489602330427583,0.25138898290930267,0.21228460638359617,151.916,152.8285,16.098427596606797,18.24,0.0007000000000000001,0.5399999999999991,2.7777777777777783e-06
2021-08-02,152.03,154.45,151.07,151.17,10203157,-0.004027072615150426,0.09900114501156398,0.2508627733331883,0.20801678167676257,151.82,152.5855,16.13820774017014,19.46,0.0007000000000000001,1.2200000000000024,2.7777777777777783e-06
2021-08-03,151.95,153.32,149.52,152.89,10394804,0.011313677211905852,0.12943625244141704,0.24795711557170302,0.20936104422521787,152.108,152.55949999999999,16.156816623877635,18.04,0.0007000000000000001,-1.4200000000000017,2.7777777777777783e-06
2021-08-04,151.25,153.37,150.91,151.24,10154973,-0.010850729549790076,0.15815188611592984,0.25075099824622354,0.21034605780148558,152.01600000000002,152.442,16.133474094204313,17.97,0.0007000000000000001,-0.07000000000000028,2.7777777777777783e-06
2021-08-05,152.28,153.69,152.01,153.15,9151499,0.012549854256052042,0.17450316711565092,0.24691091380192848,0.20957933871627482,152.046,152.5525,16.029428248970444,17.28,0.0008,-0.6899999999999977,3.1746031746031746e-06
2021-08-06,155.19,157.82,155.11,157.5,13328750,0.02800762498690337,0.24207703036348083,0.24139048515993153,0.21715386948972734,153.19,152.639,16.405433914314525,16.15,0.0009,-1.1300000000000026,3.5714285714285714e-06
2021-08-09,157.52,158.55,155.9,157.33,9516867,-0.00107994801335577,0.23408594728812113,0.2359532166480818,0.21061122192424886,154.422,152.6055,16.06857625596471,16.72,0.0008,0.5700000000000003,3.1746031746031746e-06
2021-08-10,156.74,159.975,156.31,159.26,8666998,0.012192576576966832,0.23495412783312053,0.23308938254704561,0.20967446347729124,155.696,152.786,15.9750330373561,16.79,0.0008,0.07000000000000028,3.1746031746031746e-06
2021-08-11,160.0,161.5,159.08,161.16,9156458,0.011859573493847808,0.16366850737155636,0.23542046714441683,0.21100633001797922,157.68,153.08800000000002,16.029969980647145,16.06,0.0008,-0.7300000000000004,3.1746031746031746e-06
2021-08-12,161.88,162.37,160.5539,161.79,8849610,0.003901537694098855,0.17529132121672186,0.23552584658189069,0.20919124928826585,159.408,153.4045,15.995883948216488,15.59,0.0009,-0.46999999999999886,3.5714285714285714e-06
2021-08-13,161.79,162.16,159.57,159.98,8953523,-0.011250390596569574,0.15542638396488984,0.2221559973866419,0.20987574879778437,159.904,153.80800000000002,16.007557644083484,15.45,0.0008,-0.14000000000000057,3.1746031746031746e-06
2021-08-16,158.94,159.03,156.78,158.93,8759767,-0.006584953711947527,0.16911886160024753,0.1820717690938095,0.21027026676579863,160.224,154.406,15.98567986438532,16.12,0.0008,0.6700000000000017,3.1746031746031746e-06
2021-08-17,157.57,158.86,155.27,157.01,9347213,-0.012154356121298105,0.16517160466621453,0.18204386849232598,0.21028286396365484,159.77399999999997,154.77100000000002,16.050588781965416,17.91,0.0007000000000000001,1.7899999999999991,2.7777777777777783e-06
2021-08-18,156.31,158.01,155.34,155.58,8065493,-0.00914942880880207,0.10295745814824288,0.1726168613678529,0.2106272190635945,158.658,154.90699999999998,15.903105396005486,21.57,0.0007000000000000001,3.66,2.7777777777777783e-06
2021-08-19,153.16,155.56,153.01,154.28,9517737,-0.00839093543860102,0.03546070871583944,0.16874764540058804,0.21027976122475767,157.156,155.0745,16.068667668425995,21.67,0.0006,0.10000000000000142,2.3809523809523808e-06
2021-08-20,154.35,154.9,153.16,154.72,6974102,0.00284789836495712,0.09042327612138518,0.16846442601249464,0.21040862764990195,156.10399999999998,155.2785,15.757714131863574,18.56,0.0006,-3.110000000000003,2.3809523809523808e-06
2021-08-23,155.33,157.09,155.24,156.7,7934587,0.012716117656990801,0.16491983172185049,0.172321363771818,0.20958199739955682,155.658,155.531,15.88674186269901,17.15,0.0007000000000000001,-1.4100000000000001,2.7777777777777783e-06
2021-08-24,157.0,158.55,156.87,157.67,7670925,0.006171091887415263,0.15028330836701223,0.17266725214449824,0.2100677195657717,155.79,155.842,15.852947765811118,17.22,0.0006,0.07000000000000028,2.3809523809523808e-06
2021-08-25,158.51,161.78,157.8,160.92,11335040,0.020403105832197132,0.17149085353338042,0.18456657051677502,0.21317116238108239,156.858,156.303,16.24340937081035,16.79,0.0007000000000000001,-0.4299999999999997,2.7777777777777783e-06
2021-08-26,162.26,163.83,161.15,161.75,11027451,0.005144586299422606,0.11323137693507349,0.18359650786425483,0.21348501033462558,158.352,156.7405,16.215898267514497,18.84,0.0007000000000000001,2.0500000000000007,2.7777777777777783e-06
2021-08-27,161.75,163.16,161.26,163.05,8780185,0.008004968854318291,0.09933530892330106,0.17987917228199896,0.2141759222547333,160.018,157.304,15.98800803600435,16.39,0.0007000000000000001,-2.4499999999999993,2.7777777777777783e-06
2021-08-30,163.21,163.49,159.8801,160.44,7937561,-0.016136861333476093,0.20910490244582738,0.19143738461238685,0.21656845246316866,160.766,157.76749999999998,15.887116607192924,16.19,0.0008,-0.1999999999999993,3.1746031746031746e-06
2021-08-31,160.44,161.37,159.35,159.95,12340838,-0.0030587745063251357,0.21523903627459154,0.1899268321443799,0.2164624327051032,161.222,158.12050000000002,16.328424483374036,16.48,0.0007000000000000001,0.28999999999999915,2.7777777777777783e-06
2021-09-01,160.22,160.76,158.97,159.72,8729920,-0.0014389842005063226,0.14873959102093232,0.18416250403185308,0.21635398775242848,160.98200000000003,158.5445,15.982266763970818,16.11,0.0007000000000000001,-0.370000000000001,2.7777777777777783e-06
2021-09-02,160.02,161.61,159.43,160.46,8815634,0.004622408130489338,0.14730997298318724,0.18067155174810806,0.21513878653116017,160.724,158.91,15.992037294086547,16.41,0.0007000000000000001,0.3000000000000007,2.7777777777777783e-06
2021-09-03,160.39,160.89,159.145,159.49,7961223,-0.006063465990847242,0.12102431532286359,0.15512272708348726,0.21307708785533208,160.012,159.0095,15.890093189234737,16.41,0.0008,0.0,3.1746031746031746e-06
2021-09-07,159.99,161.3814,158.96,159.21,9290968,-0.0017571388267494147,0.06189075712800898,0.1552401860696183,0.21310108724197044,159.76600000000002,159.1035,16.044553303424212,18.14,0.0008,1.7300000000000004,3.1746031746031746e-06
2021-09-08,158.89,159.58,158.04,158.5,7852678,-0.004469492190578051,0.06481415502665877,0.14990388890333475,0.21034988405751398,159.476,159.06550000000001,15.87636517807817,17.96,0.0008,-0.17999999999999972,3.1746031746031746e-06
2021-09-09,158.27,160.8325,158.08,159.19,7904256,0.004343864049709321,0.07851696184706479,0.14412092935958667,0.20805296511244606,159.37000000000003,158.96699999999998,15.882911906549307,18.8,0.0007000000000000001,0.8399999999999999,2.7777777777777783e-06
2021-09-10,160.56,160.7193,157.22,157.36,8311551,-0.0115622832862408,0.09265486178035384,0.14809192404688376,0.20902313408824622,158.75,158.7455,15.933156792015346,20.95,0.0008,2.1499999999999986,3.1746031746031746e-06
2021-09-13,158.53,160.05,158.07,159.86,10052807,0.015762258117069366,0.16324412167141508,0.15510795428226434,0.2022369915963758,158.824,158.7395,16.12336245695399,19.37,0.0007000000000000001,-1.5799999999999983,2.7777777777777783e-06
2021-09-14,160.45,161.34,156.26,157.07,11685606,-0.017606866342932154,0.2091517793340358,0.16584159937204895,0.1983795737731302,158.39600000000002,158.6465,16.27386838597106,19.46,0.0007000000000000001,0.08999999999999986,2.7777777777777783e-06
2021-09-15,156.72,158.69,156.47,158.16,11691485,0.006915613007420494,0.21851384031239135,0.16197221635338346,0.19602844555505147,158.328,158.704,16.2743713570314,18.18,0.0007000000000000001,-1.2800000000000011,2.7777777777777783e-06
2021-09-16,159.41,160.855,157.22,158.09,10880895,-0.00044268775426505795,0.21453247964884423,0.15809100840030632,0.19598847564354485,158.108,158.8295,16.20251905703823,18.69,0.0007000000000000001,0.5100000000000016,2.7777777777777783e-06
2021-09-17,157.38,159.01,157.0,157.68,25608018,-0.0025968282636315686,0.19641942518005007,0.15492941351167216,0.1958112151005795,158.17200000000003,158.9995,17.05841606353693,20.81,0.0007000000000000001,2.1199999999999974,2.7777777777777783e-06
2021-09-20,153.89,154.56,150.49,152.96,15819905,-0.03039121354137355,0.23799097463650165,0.19071986148168887,0.20507772646847994,156.79199999999997,158.9115,16.57677951522886,25.71,0.0007000000000000001,4.900000000000002,2.7777777777777783e-06
2021-09-21,153.53,154.55,152.5774,152.98,8999860,0.0001307445906287053,0.22993131850891546,0.18421085044025945,0.20401705466505746,155.974,158.7255,16.012719579623948,24.36,0.0007000000000000001,-1.3500000000000014,2.7777777777777783e-06
2021-09-22,155.2,157.25,155.1,155.91,11236150,0.01897172379474017,0.28056244021031046,0.19621811010827064,0.20770714686697098,155.524,158.6375,16.234646817063762,20.87,0.0008,-3.4899999999999984,3.1746031746031746e-06
2021-09-23,158.0,161.71,157.67,161.18,12336136,0.03324283520790509,0.382346522846308,0.2184468727287704,0.218451839009762,156.142,158.6505,16.328043399367797,18.63,0.0008,-2.240000000000002,3.1746031746031746e-06
2021-09-24,161.44,163.59,160.82,163.04,10102432,0.011473816578049438,0.3803939882083314,0.22152643163581429,0.21890280812218446,157.214,158.715,16.128286744904937,17.75,0.0008,-0.879999999999999,3.1746031746031746e-06
2021-09-27,165.0,167.4,164.61,166.98,13220871,0.02387847529143982,0.1990156050398066,0.2354827744727346,0.22322891953345878,160.018,158.9115,16.397307275240184,18.76,0.0009,1.0100000000000016,3.5714285714285714e-06
2021-09-28,167.7,169.3,165.66,166.08,13387886,-0.005404444788330421,0.2308524448217594,0.22797019862909906,0.22305227698383276,162.638,159.19350000000003,16.40986082618896,23.25,0.0009,4.489999999999998,3.5714285714285714e-06
2021-09-29,166.21,166.9,165.04,165.95,7777078,-0.0007830618115402963,0.2581493624540032,0.22747909129789232,0.2199272420065371,164.64600000000002,159.49349999999998,15.866691247201171,22.56,0.0009,-0.6900000000000013,3.5714285714285714e-06
2021-09-30,166.92,166.99,162.79,163.69,13168016,-0.013712143009720299,0.23437318427135387,0.2339072537600871,0.22207191931026424,165.148,159.692,16.393301416965077,23.14,0.0009,0.5800000000000018,3.5714285714285714e-06
2021-10-01,164.0,168.3,163.6,167.13,11284976,0.020797557544570577,0.2629843799888335,0.24385612206392795,0.22230457700748663,165.96599999999998,160.02550000000002,16.23898284151463,21.15,0.0009,-1.990000000000002,3.5714285714285714e-06
2021-10-04,166.97,170.437,165.73,166.95,14120044,-0.0010775863111703594,0.20260020793533515,0.2422968682598323,0.2135034166361689,165.95999999999998,160.39849999999998,16.463105906171823,22.96,0.0009,1.8100000000000023,3.5714285714285714e-06
2021-10-05,167.21,170.14,166.67,168.66,12292877,0.010190487756832138,0.20677356541626052,0.24336207588959752,0.21260953379650255,166.476,160.871,16.324530546905123,21.3,0.0009,-1.6600000000000001,3.5714285714285714e-06
2021-10-06,167.99,169.1,166.0,169.02,8692607,0.002132196969840862,0.20436128048837762,0.2418401804657846,0.20995986874238995,167.09,161.397,15.977983452250573,21.0,0.001,-0.3000000000000007,3.968253968253968e-06
2021-10-07,171.2,171.51,169.54,170.09,10195443,0.006310657609664162,0.13463439650109912,0.24206281408710642,0.20995896305890738,168.36999999999998,161.942,16.137451413719532,19.54,0.001,-1.4600000000000009,3.968253968253968e-06
2021-10-08,170.02,171.34,169.295,170.22,8190144,0.0007640093228146702,0.07224158986439495,0.23589305381487038,0.20996032213517035,168.988,162.58499999999998,15.918442038092266,18.77,0.0009,-0.7699999999999996,3.5714285714285714e-06
2021-10-11,170.8,171.29,166.46,166.64,12154737,-0.02125592109609847,0.19440986501536967,0.24757008866150051,0.20906905243302168,168.926,162.924,16.31322952831193,20.0,0.0009,1.2300000000000004,3.5714285714285714e-06
2021-10-12,165.75,166.6898,164.77,165.36,13032633,-0.007710881579203524,0.17355840077103102,0.2394949141151515,0.1972711226940726,168.26600000000002,163.33849999999998,16.382967000828415,19.85,0.001,-0.14999999999999858,3.968253968253968e-06
2021-10-13,164.07,165.41,160.6,161.0,22753485,-0.026720550389049944,0.22351920803578276,0.2602642685911825,0.20278391659367806,166.66199999999998,163.48049999999998,16.940228878442518,18.64,0.0011,-1.2100000000000009,4.365079365079366e-06
2021-10-14,161.75,164.01,160.06,163.47,15180727,0.015225122278653762,0.26828129530554173,0.2650975707223511,0.200786551490411,165.33800000000002,163.74949999999998,16.535537220748083,16.86,0.001,-1.7800000000000011,3.968253968253968e-06
2021-10-15,165.35,167.17,164.14,166.61,14267441,0.019026264677860904,0.32986549892697326,0.2715119132880086,0.2019825650387045,164.616,164.196,16.473490646111976,16.3,0.0012,-0.5599999999999987,4.7619047619047615e-06
2021-10-18,166.48,168.6084,165.91,166.55,12672909,-0.00036018730128875776,0.2934981397155686,0.242235368779342,0.20188992548129886,164.598,164.8755,16.354977123418205,16.31,0.0011,0.00999999999999801,4.365079365079366e-06
2021-10-19,167.4,168.65,166.58,168.57,8053949,0.012055529152527696,0.29478401603187726,0.24323817698583874,0.20275776374480203,165.24,165.655,15.901673088116224,15.7,0.0011,-0.6099999999999994,4.365079365079366e-06
2021-10-20,168.3,170.87,167.46,170.84,8185565,0.013376352181049378,0.11620687982401472,0.23971568267517682,0.20403629712433446,167.208,166.4015,15.917882795116057,15.49,0.001,-0.20999999999999908,3.968253968253968e-06
2021-10-21,170.755,171.3293,168.68,169.5,8415166,-0.007874519152760866,0.17497488629099456,0.21793358892465026,0.2050388626815926,168.414,166.81750000000002,15.945546112091025,15.01,0.0012,-0.4800000000000004,4.7619047619047615e-06
2021-10-22,170.03,172.09,169.7,171.78,8817895,0.013361661517573727,0.15435170809654836,0.21906280555280178,0.20594794958668017,169.448,167.2545,15.992293737367117,15.43,0.0013,0.41999999999999993,5.158730158730158e-06
2021-10-25,172.71,172.96,170.48,170.94,10159202,-0.0049019706002067795,0.16902000415847485,0.20539914388669017,0.20540591536121028,170.326,167.45250000000001,16.133890453722838,15.24,0.0014000000000000002,-0.1899999999999995,5.555555555555557e-06
2021-10-26,171.0,172.4902,170.54,171.4,8015067,0.0026873884258075504,0.15780629492055787,0.20396625321908068,0.20502759715921715,170.892,167.7185,15.896833703317114,15.98,0.0014000000000000002,0.7400000000000002,5.555555555555557e-06
2021-10-27,170.32,170.7,167.34,167.83,9846993,-0.021048443843591478,0.2026152565585536,0.21919238884142248,0.2094899130657269,170.29000000000002,167.8125,16.102676687353277,16.98,0.0012,1.0,4.7619047619047615e-06
2021-10-28,168.3,170.51,167.96,170.36,7212937,0.014962282734924823,0.23432646064149187,0.21805288529815323,0.20964079164697155,170.46200000000002,168.14600000000002,15.791386777217804,16.53,0.0015,-0.4499999999999993,5.9523809523809525e-06
2021-10-29,171.18,172.24,169.39,169.89,8140070,-0.002762676261189531,0.20717765342728103,0.20686081486563523,0.2086911430238304,170.084,168.284,15.912309337450347,16.26,0.0015,-0.2699999999999996,5.9523809523809525e-06
2021-11-01,172.04,172.33,169.005,169.8,7363210,-0.0005298949165762383,0.205923529504206,0.2068033433356005,0.20141065030724187,169.85600000000002,168.4265,15.812006536927433,16.41,0.0015,0.14999999999999858,5.9523809523809525e-06
2021-11-02,169.8,171.69,168.92,170.47,7072025,0.003938054285586556,0.2076480500239448,0.20423131503154957,0.20142490633071966,169.67000000000002,168.517,15.771657418361242,16.03,0.0015,-0.379999999999999,5.9523809523809525e-06
2021-11-03,170.13,171.13,169.15,170.53,8402685,0.00035190616198939914,0.1112555449304268,0.20414425716729204,0.20015697610589744,170.21,168.59250000000003,15.944061855595791,15.1,0.0017000000000000001,-0.9300000000000015,6.746031746031747e-06
2021-11-04,170.0,170.2,166.4901,168.29,9574152,-0.01322255259984097,0.10302856819553706,0.20842973524463865,0.201017931582119,169.796,168.5025,16.074577525140295,15.44,0.0014000000000000002,0.33999999999999986,5.555555555555557e-06
2021-11-05,168.9,170.09,167.41,168.05,7975570,-0.0014271275538671126,0.10320528604647065,0.20839415371837092,0.20095450646323404,169.42800000000003,168.39399999999998,15.891893677435316,16.48,0.0014000000000000002,1.040000000000001,5.555555555555557e-06
2021-11-08,169.05,170.92,168.74,169.06,6413707,0.005992127329666879,0.11895163882123996,0.19463599937683554,0.19970254627228304,169.28,168.51500000000001,15.673947976869705,17.22,0.0016,0.7399999999999984,6.349206349206349e-06
2021-11-09,167.35,168.47,166.595,167.78,7620477,-0.007600084082633034,0.11774584941946986,0.19457272554655253,0.1998762513945108,168.74200000000002,168.63600000000002,15.846349524128826,17.78,0.0014000000000000002,0.5600000000000023,5.555555555555557e-06
2021-11-10,167.45,168.95,167.09,167.62,6999214,-0.0009540847473884143,0.11562295189074617,0.16572295530594836,0.1980608153619303,168.16,168.967,15.761308415000789,18.73,0.0017000000000000001,0.9499999999999993,6.746031746031747e-06
2021-11-11,167.52,168.68,166.9,167.61,5815267,-5.9660531592930084e-05,0.07668340118866067,0.1582770949305712,0.1969265007979961,168.024,169.174,15.575997258615974,17.66,0.0017000000000000001,-1.0700000000000003,6.746031746031747e-06
2021-11-12,167.65,167.74,165.72,166.86,7974426,-0.004484714665238632,0.0811749207608697,0.14467368883954998,0.19627205468103404,167.786,169.1865,15.891750229123232,16.29,0.0017000000000000001,-1.370000000000001,6.746031746031747e-06
2021-11-15,167.21,167.785,166.0,166.56,6492463,-0.0017995326072697648,0.04869332948961918,0.14482124967789098,0.1963472366372141,167.286,169.187,15.686152523619475,16.49,0.0018,0.1999999999999993,7.142857142857143e-06
2021-11-16,167.06,167.07,165.12,165.36,9706145,-0.007230689493145835,0.04650659888441916,0.1396205130177399,0.19561693073085454,166.80200000000002,169.0265,16.088269748048567,16.37,0.0017000000000000001,-0.11999999999999744,6.746031746031747e-06
2021-11-17,165.21,165.56,163.39,164.47,9909576,-0.005396732620335204,0.045443717442942656,0.12959401930697595,0.19572120492511286,166.17200000000003,168.708,16.109012120325275,17.11,0.0018,0.7399999999999984,7.142857142857143e-06
2021-11-18,164.39,164.85,162.56,163.05,8123567,-0.008671280517849444,0.041839084862867304,0.13011103635019997,0.19226157625426957,165.26000000000002,168.3855,15.910279901394425,17.59,0.0018,0.4800000000000004,7.142857142857143e-06
2021-11-19,161.3,162.11,159.45,160.92,12193634,-0.013149555153740864,0.06639234465922704,0.12257262392887415,0.1939082986861413,164.072,167.84250000000003,16.316424570238087,17.91,0.0018,0.3200000000000003,7.142857142857143e-06
2021-11-22,164.16,165.98,162.99,164.35,14551672,0.021090953028641068,0.21572023489937533,0.14969494470492484,0.19805068023702016,163.63,167.513,16.493216459069004,19.17,0.002,1.2600000000000016,7.936507936507936e-06
2021-11-23,165.5,168.555,165.37,168.28,12362344,0.023630958612091815,0.2771450771616863,0.17470092392091696,0.20084681889002212,164.214,167.357,16.33016563602661,19.38,0.0021,0.2099999999999973,8.333333333333332e-06
2021-11-24,168.46,169.44,166.44,166.96,9629790,-0.007874995953374835,0.2826611318269572,0.16022720655556663,0.2014830662050584,164.712,167.3135,16.080371976682954,18.58,0.0024,-0.8000000000000007,9.523809523809523e-06
2021-11-26,162.14,162.65,158.82,161.93,13619276,-0.030590119683565873,0.3692683395250662,0.1828237850190841,0.2114258600637883,164.488,166.892,16.42699670015087,28.62,0.002,10.040000000000003,7.936507936507936e-06
2021-11-29,163.31,164.78,159.817,161.23,12104369,-0.004332226109731063,0.35665120113461724,0.1829342832679655,0.21142754569162422,164.55,166.459,16.30907701977547,22.96,0.0021,-5.66,8.333333333333332e-06
2021-11-30,159.155,160.63,158.29,158.83,18922616,-0.014997469128584557,0.314144006091918,0.18788744944740438,0.2133205903224939,163.446,165.9105,16.75586837841487,27.19,0.0024,4.23,9.523809523809523e-06
2021-12-01,161.0,163.27,157.8,157.89,12258685,-0.005935859813266553,0.17104331054234245,0.18607534851579502,0.21363349346765964,161.368,165.2815,16.321745223339544,31.12,0.0025,3.9299999999999997,9.92063492063492e-06
2021-12-02,159.83,163.25,158.8,161.21,12969926,0.020809274854110014,0.29720305268479796,0.20534892350528589,0.21768774767128926,160.21800000000002,164.8155,16.37814385080218,27.95,0.0027,-3.1700000000000017,1.0714285714285714e-05
2021-12-03,161.5,161.829,157.19,158.29,12681765,-0.018279069190260216,0.24370055206340266,0.20949215417588754,0.22080000210008754,159.49,164.3155,16.355675692870143,30.67,0.0026,2.7200000000000024,1.0317460317460317e-05
2021-12-06,161.01,162.61,159.46,160.16,11186493,0.011744521869263534,0.26991042535090776,0.21597344858356515,0.22079612038595858,159.276,163.921,16.230217626340814,27.18,0.0028000000000000004,-3.490000000000002,1.1111111111111113e-05
2021-12-07,161.88,163.39,161.16,162.57,9851554,0.014935362679221964,0.2578136414177325,0.22280982247150619,0.22055506312012355,160.024,163.5965,16.10313976720191,21.89,0.0031,-5.289999999999999,1.2301587301587301e-05
2021-12-08,162.66,163.27,160.17,160.71,11705673,-0.011507179685153825,0.27471221356901815,0.22454707545155528,0.2187893586812437,160.58800000000002,163.243,16.275584154050513,19.9,0.0029,-1.990000000000002,1.1507936507936508e-05
2021-12-09,159.65,160.93,158.65,160.46,11189642,-0.001556808235468718,0.22806494791303245,0.2245145972655577,0.21839731658812514,160.438,162.88500000000002,16.230499086925565,21.58,0.0028000000000000004,1.6799999999999997,1.1111111111111113e-05
2021-12-10,161.32,161.702,159.13,159.82,10405374,-0.003996508379193337,0.1762898301782555,0.22445573159774787,0.21856618320606358,160.744,162.4955,16.157832961421462,18.69,0.0027,-2.889999999999997,1.0714285714285714e-05
2021-12-13,159.5,159.79,157.2846,157.92,12068987,-0.011959606261145329,0.1733944263805075,0.22694007164438254,0.2199126154688577,160.296,162.0485,16.306149662459674,20.31,0.0027,1.6199999999999974,1.0714285714285714e-05
2021-12-14,157.45,160.89,157.3,159.13,12563560,0.0076329025369211365,0.1281373306670255,0.2299162361280714,0.2110788177219426,159.608,161.677,16.34631111833339,21.89,0.0026,1.5800000000000018,1.0317460317460317e-05
2021-12-15,159.85,159.85,157.35,157.94,14014167,-0.007506264152657609,0.11653892866660658,0.22999697708222924,0.2117396882238014,159.054,161.30599999999998,16.455579304496386,19.29,0.0029,-2.6000000000000014,1.1507936507936508e-05
2021-12-16,160.39,161.825,158.7,160.41,19542759,0.015517823559314883,0.18001875413453253,0.2380956855582862,0.2105700319888987,159.044,161.103,16.788115392154978,20.57,0.0026,1.2800000000000011,1.0317460317460317e-05
2021-12-17,159.315,159.38,155.18,156.76,28138027,-0.023017064297319253,0.24509009216972533,0.24921245327344935,0.20465853946045168,158.432,160.7885,17.152632493475306,21.57,0.0027,1.0,1.0714285714285714e-05
2021-12-20,154.51,154.7,151.84,153.94,15147982,-0.01815305722525929,0.26137739073533983,0.2527973118742545,0.20627784910319527,157.636,160.4395,16.533377879727436,22.87,0.0027,1.3000000000000007,1.0714285714285714e-05
2021-12-21,155.41,157.18,155.09,156.09,11291338,0.013869847864150596,0.2833530024807736,0.24515063721744704,0.20210860636827135,157.028,160.0265,16.239546441061343,21.01,0.0029,-1.8599999999999994,1.1507936507936508e-05
2021-12-22,155.75,157.055,155.24,156.7,7272989,0.0039003853916532993,0.28566196541120953,0.22646541490691544,0.20216649904044165,156.78000000000003,159.44750000000002,15.799677906692251,18.63,0.0028000000000000004,-2.3800000000000026,1.1111111111111113e-05
2021-12-23,157.61,159.12,157.21,157.26,8055154,0.0035673372013947467,0.2511189974672706,0.22721800654581456,0.2023800637099749,156.15,158.9625,15.901822692970356,17.96,0.0031,-0.6699999999999982,1.2301587301587301e-05
2021-12-27,157.6,158.2,156.34,158.16,6189234,0.005706692298991524,0.188933437803506,0.20409954123553653,0.20103622987767217,156.43,158.77399999999997,15.638321889022752,17.68,0.0033,-0.28000000000000114,1.3095238095238094e-05
2021-12-28,158.2,160.15,158.08,158.64,6342743,0.0030303053491790633,0.07150789150379426,0.20426349809048489,0.19620889013924478,157.37,158.6445,15.662821882689723,17.54,0.0039000000000000003,-0.14000000000000057,1.5476190476190476e-05
2021-12-29,158.85,159.63,158.15,158.56,6398927,-0.0005044136298625718,0.03606213037619855,0.19727074687832946,0.19620980260841586,157.86399999999998,158.631,15.67164087802402,16.95,0.0038,-0.5899999999999999,1.5079365079365079e-05
2021-12-30,159.11,160.24,158.37,158.48,6948171,-0.0005046681913824538,0.04308661158689453,0.19607269018908163,0.19485680258914967,158.21999999999997,158.6605,15.75398901743924,17.33,0.0038,0.379999999999999,1.5079365079365079e-05
2021-12-31,158.45,159.29,157.96,158.35,5724199,-0.0008206294056466456,0.04586436406334936,0.18029664863203504,0.19474557371456033,158.438,158.51749999999998,15.560213184952133,17.22,0.0039000000000000003,-0.10999999999999943,1.5476190476190476e-05
2022-01-03,159.86,162.64,159.51,161.7,13128118,0.020934993598412388,0.14862863825593758,0.18384628225166097,0.19936960378717888,159.146,158.688,16.390266900133362,16.6,0.004,-0.6199999999999974,1.5873015873015872e-05
2022-01-04,164.31,168.58,164.23,167.83,20195802,0.0372087957370269,0.27377151531329036,0.22177223604033647,0.21407265351180232,160.98399999999998,159.07150000000001,16.820985318991315,16.91,0.0038,0.3099999999999987,1.5079365079365079e-05
2022-01-05,167.82,168.3589,163.73,163.78,17539410,-0.024427498478045786,0.37318296990290345,0.23569726088484474,0.21549674192982896,162.028,159.132,16.679960906942334,19.73,0.0040999999999999995,2.8200000000000003,1.6269841269841268e-05
2022-01-06,166.91,167.37,163.87,165.52,14047498,0.010567969595245433,0.36837830088411383,0.2339613939335725,0.21606289168734472,163.436,159.3725,16.45795485959439,19.61,0.0045000000000000005,-0.120000000000001,1.785714285714286e-05
2022-01-07,165.665,167.53,165.06,167.16,13913345,0.009859404142426982,0.3586772658543442,0.23550395180889155,0.20963897567346682,165.198,159.70749999999998,16.448359009469065,18.76,0.0043,-0.8499999999999979,1.7063492063492063e-05
2022-01-10,169.07,169.31,165.53,167.32,12922455,0.0009567089942829317,0.35117730820770654,0.23447260500191544,0.20742254380513628,166.322,160.0825,16.374477053747952,19.4,0.0046,0.639999999999997,1.8253968253968254e-05
2022-01-11,168.26,168.5246,166.31,167.49,11704529,0.0010155014163812884,0.22543988856721658,0.22845824226280348,0.2037619992500375,166.254,160.561,16.275486418883517,18.41,0.0046,-0.9899999999999984,1.8253968253968254e-05
2022-01-12,168.46,169.59,167.18,168.44,12568011,0.005655955303348283,0.07335136610461096,0.22802720048235678,0.2040782793096053,167.186,161.0265,16.34666533415591,17.62,0.0048,-0.7899999999999991,1.9047619047619046e-05
2022-01-13,168.34,169.81,167.89,168.23,13623418,-0.0012475125626579932,0.07097192753351654,0.22532595268221883,0.20258975543575627,167.728,161.541,16.42730078168054,20.31,0.004699999999999999,2.6899999999999977,1.8650793650793647e-05
2022-01-14,160.76,161.03,156.895,157.89,40158362,-0.06343350269727177,0.46338177837718547,0.32159286627433054,0.23879438289016092,165.87399999999997,161.41500000000002,17.508341245663352,19.19,0.0051,-1.1199999999999974,2.023809523809524e-05
2022-01-18,155.78,155.78,150.54,151.27,31450099,-0.0428322684596892,0.4930801426166769,0.3464844093987327,0.2532084413072069,162.66400000000002,161.1405,17.263912688959504,22.79,0.0058,3.599999999999998,2.3015873015873015e-05
2022-01-19,151.57,152.23,148.55,148.93,22160010,-0.015589922676331717,0.46119700227558513,0.34499446348997265,0.25270807030810466,158.952,160.89,16.913799871106793,23.85,0.005699999999999999,1.0600000000000023,2.2619047619047616e-05
2022-01-20,148.99,150.61,147.36,147.66,14860843,-0.008564063266756817,0.4131265311123397,0.340770079723574,0.2529755355923427,154.796,160.4685,16.514240325119932,25.59,0.006,1.7399999999999984,2.380952380952381e-05
2022-01-21,147.5,147.51,144.27,145.08,20705401,-0.0176270192163178,0.36389894836866316,0.343730913460021,0.2546371616592749,150.166,159.8875,16.845905142076845,28.85,0.0058,3.2600000000000016,2.3015873015873015e-05
2022-01-24,142.28,145.48,139.57,144.95,28503121,-0.0008964590470372617,0.25101365208348453,0.3428169279673517,0.25179482619788673,147.57800000000003,159.272,17.165524148015162,29.9,0.0058,1.0499999999999972,2.3015873015873015e-05
2022-01-25,143.65,146.85,140.79,146.53,18915869,0.0108413302822694,0.18491091074166943,0.3452361716538179,0.25071748428989726,146.63,158.69050000000001,16.755511757367724,31.16,0.006500000000000001,1.2600000000000016,2.5793650793650796e-05
2022-01-26,148.72,150.57,145.96,147.92,20709097,0.009441401428935616,0.19152842757933985,0.34766461934487247,0.25190991701459803,146.428,158.15449999999998,16.84608363029659,31.96,0.006999999999999999,0.8000000000000007,2.7777777777777776e-05
2022-01-27,149.42,150.38,144.13,145.31,17544523,-0.017802195746264838,0.22219107567535362,0.35109406571784607,0.25386856881701947,145.95800000000003,157.492,16.680252379397043,30.49,0.0075,-1.4700000000000024,2.9761904761904762e-05
2022-01-28,144.19,146.76,142.17,146.61,14116969,0.008906608617568723,0.1914364778255308,0.35404281774230295,0.2546178595169505,146.264,156.89849999999998,16.462888106929945,27.66,0.0075,-2.8299999999999983,2.9761904761904762e-05
2022-01-31,145.64,148.79,144.67,148.6,13985745,0.013482132333485478,0.20406493996272249,0.3592901307886789,0.25666259919727386,146.994,156.411,16.453549154561504,24.83,0.0078000000000000005,-2.830000000000002,3.095238095238095e-05
2022-02-01,148.69,151.47,148.3,151.15,14584935,0.01701458894180825,0.21937889817363637,0.35605547954256817,0.2586366764751217,147.918,155.8835,16.4954997046405,21.96,0.0078000000000000005,-2.8699999999999974,3.095238095238095e-05
2022-02-02,150.5,150.94,148.07,149.94,12441136,-0.008037507150551152,0.23749732132058884,0.32227780444219506,0.25895164122725617,148.322,154.989,16.336518959434017,22.09,0.0076,0.129999999999999,3.0158730158730158e-05
2022-02-03,150.0,151.65,148.285,148.7,12474882,-0.008304360608806691,0.19078977985517212,0.3148038395332893,0.2587479500733292,149.0,154.23499999999999,16.339227740639284,24.35,0.0078000000000000005,2.2600000000000016,3.095238095238095e-05
2022-02-04,149.1,153.5,148.7673,152.56,16654409,0.02562710782605423,0.24400515720577515,0.32880031363364154,0.2646456986767571,150.19,153.58700000000002,16.628185544140926,23.22,0.0089,-1.1300000000000026,3.531746031746032e-05
2022-02-07,153.27,153.62,150.85,153.07,12572283,0.003337371811452173,0.2401296951520638,0.3259364786564186,0.2648354616392864,151.084,152.8825,16.34700518698668,22.86,0.0088,-0.35999999999999943,3.4920634920634925e-05
2022-02-08,155.0,158.48,154.8,155.95,20411387,0.01864010995019652,0.24508419961234365,0.3356913142257531,0.2680274335012234,152.04399999999998,152.31400000000002,16.831603489360944,21.44,0.0091,-1.4199999999999982,3.6111111111111116e-05
2022-02-09,156.59,157.4305,155.82,156.6,9131135,0.0041593405028904715,0.2135484336785439,0.3364391702556828,0.26816060585150514,153.376,151.7695,16.027200560288218,19.96,0.0091,-1.4800000000000004,3.6111111111111116e-05
2022-02-10,156.66,159.03,155.22,155.95,16455635,-0.004159340502890532,0.19388702443409372,0.33474975282172703,0.2682320892875383,154.82599999999996,151.145,16.616178529709195,23.91,0.011399999999999999,3.9499999999999993,4.523809523809523e-05
2022-02-11,155.61,158.19,152.97,153.92,16830005,-0.013102456136415953,0.18599496333506457,0.3361682670385908,0.26907418738912164,155.098,150.42950000000002,16.638673863255477,27.36,0.010700000000000001,3.4499999999999993,4.2460317460317464e-05
2022-02-14,152.73,153.68,150.3178,152.49,17026491,-0.009333966790475335,0.20047951434685732,0.25540965340349076,0.2694575081265257,154.982,150.15949999999998,16.650280983257712,28.33,0.0113,0.9699999999999989,4.484126984126984e-05
2022-02-15,154.51,155.94,153.85,154.72,9500867,0.014518011578063256,0.17599058420676825,0.21014952288990613,0.2709203839230468,154.73600000000002,150.332,16.066893615564435,25.7,0.0111,-2.629999999999999,4.404761904761905e-05
2022-02-16,153.74,156.1,153.74,155.0,9076526,0.0018080852142625383,0.17190084282980067,0.2006527674276682,0.26975735534278533,154.416,150.6355,16.021202078248816,24.29,0.0109,-1.4100000000000001,4.3253968253968256e-05
2022-02-17,153.0,153.73,150.665,151.43,11367457,-0.02330164495068239,0.23042560048618216,0.21708766224869366,0.26983515644228234,153.512,150.824,16.246265181960272,28.11,0.0105,3.8200000000000003,4.166666666666667e-05
2022-02-18,152.13,154.14,151.13,152.14,11733315,0.0046776776005909414,0.22989994872987937,0.20547626741796776,0.2650902428895206,153.156,151.177,16.277942789398995,27.75,0.0103,-0.35999999999999943,4.0873015873015874e-05
2022-02-22,150.6,153.24,150.41,151.87,11218553,-0.0017762578269764193,0.22149412256221812,0.20568572301311325,0.26477600650307265,153.03199999999998,151.523,16.23307948361007,28.81,0.011699999999999999,1.0599999999999987,4.642857142857142e-05
2022-02-23,153.12,153.3,147.97,148.69,11799031,-0.02116129003304674,0.21045022922507933,0.2190600196977375,0.2610421858981886,151.82600000000002,151.63100000000003,16.283527967419904,31.02,0.0116,2.210000000000001,4.603174603174603e-05
2022-02-24,142.94,144.99,139.78,144.55,25655100,-0.02823813324677671,0.22987863237648462,0.23910403494613183,0.2667164479702639,149.73600000000002,151.4625,17.060252940226263,30.32,0.0108,-0.6999999999999993,4.2857142857142856e-05
2022-02-25,145.25,150.1269,144.91,147.97,18367679,0.023384082052087737,0.32824098303599136,0.2456703031014476,0.2701932843916875,149.044,151.59550000000002,16.726103101903426,27.59,0.0113,-2.7300000000000004,4.484126984126984e-05
2022-02-28,143.55,145.06,140.88,141.8,31315344,-0.04259193641641569,0.4061569219609935,0.28782350803699175,0.28308459544983217,146.976,151.355,17.2596187590322,30.15,0.0101,2.5599999999999987,4.0079365079365075e-05
2022-03-01,140.04,140.48,133.58,136.45,36840448,-0.03845936694367976,0.4194409030167266,0.30977760206914917,0.28887358943805247,143.892,150.7475,17.422106929972337,33.32,0.0091,3.1700000000000017,3.6111111111111116e-05
2022-03-02,137.29,140.04,136.6076,139.28,19405581,0.02052804830558626,0.5146356402128769,0.31321069719639166,0.2909206478699747,142.01,150.154,16.78107126307385,30.74,0.0106,-2.580000000000002,4.2063492063492065e-05
2022-03-03,139.84,140.98,137.06,138.29,16640804,-0.007133365983366652,0.4969687908792819,0.31307594849439685,0.2896442323630758,140.75799999999998,149.5715,16.627368309497786,30.48,0.0108,-0.259999999999998,4.2857142857142856e-05
2022-03-04,134.94,135.42,132.4,134.4,21020675,-0.028532501387517735,0.41464960646210497,0.3247431954340266,0.29219016829861877,138.044,148.8565,16.861017035171518,31.98,0.0105,1.5,4.166666666666667e-05
2022-03-07,132.17,132.69,128.9513,129.21,27560052,-0.03938144035492021,0.4037406586782179,0.3252643177810577,0.30103691136922395,135.526,147.689,17.131877890900405,36.45,0.010700000000000001,4.470000000000002,4.2460317460317464e-05
2022-03-08,129.64,131.79,127.27,128.3,19207816,-0.007067716112538128,0.36620331158026753,0.3224086987712002,0.30108619026889805,133.89600000000002,146.4505,16.770827837495403,35.13,0.011200000000000002,-1.3200000000000003,4.444444444444445e-05
2022-03-09,132.9,135.24,132.44,133.44,17536202,0.03928066698884575,0.4789955768260523,0.35263816966183037,0.31371934437037075,132.728,145.325,16.679777987824117,32.45,0.0115,-2.6799999999999997,4.563492063492063e-05
2022-03-10,131.86,133.45,130.325,131.86,15604247,-0.011911184925282902,0.47929562240303997,0.35001727257842014,0.3137134578265492,131.442,144.088,16.563053678757946,30.23,0.011899999999999999,-2.2200000000000024,4.722222222222222e-05
2022-03-11,132.485,134.08,128.4249,128.89,20061789,-0.02278142626846556,0.4664931925229596,0.35311344418557217,0.31549519684605326,130.33999999999997,142.735,16.81432751897419,30.75,0.012199999999999999,0.5199999999999996,4.841269841269841e-05
2022-03-14,129.46,132.92,129.23,130.17,15786898,0.009881961061680747,0.38399311209222914,0.3593976210633802,0.31656579147366787,130.532,141.54749999999999,16.574690913480765,31.77,0.0128,1.0199999999999996,5.0793650793650794e-05
2022-03-15,131.8,133.55,131.13,132.48,15096604,0.01759040215858063,0.38927693803815194,0.37097040189851105,0.3171178666953842,131.368,140.547,16.529980375828956,29.83,0.0128,-1.9400000000000013,5.0793650793650794e-05
2022-03-16,134.87,138.49,134.43,138.4,20354896,0.04371635254661982,0.4133984785854011,0.40626733904478995,0.32857909089153037,132.35999999999999,139.731,16.828832030596413,26.67,0.013500000000000002,-3.1599999999999966,5.3571428571428575e-05
2022-03-17,136.86,140.19,135.9205,140.15,17050454,0.012565234427228112,0.37662614055119414,0.41063058625650095,0.32819003050291684,134.018,138.9885,16.651687388905273,25.67,0.013000000000000001,-1.0,5.158730158730159e-05
2022-03-18,140.19,140.85,138.46,140.1,22981425,-0.0003568242678360376,0.2614709268398826,0.4051338739630595,0.32662376005862426,136.26,138.422,16.95019683890618,23.87,0.0129,-1.8000000000000007,5.1190476190476193e-05
2022-03-21,140.35,140.76,138.7301,139.65,12407732,-0.0032171609517754637,0.29704237502706954,0.40388722254170684,0.3264187271618449,138.156,137.7975,16.333830384636844,23.53,0.013999999999999999,-0.33999999999999986,5.555555555555555e-05
2022-03-22,142.27,143.93,141.7202,142.62,13298395,0.021044458208971866,0.30061954983128586,0.41376840373448476,0.3296229620365778,140.18400000000003,137.33499999999998,16.403153909218236,22.94,0.0159,-0.5899999999999999,6.30952380952381e-05
2022-03-23,140.98,141.585,139.1999,139.78,12093218,-0.020113992551174572,0.25051014550531037,0.41317976803689566,0.3314114092676867,140.45999999999998,136.8895,16.308155357562672,23.57,0.0152,0.629999999999999,6.0317460317460316e-05
2022-03-24,140.3,140.71,139.11,140.69,10017625,0.00648913034013897,0.23772975694534484,0.40341852158527114,0.331713941565696,140.56799999999998,136.69650000000001,16.1198565995778,21.67,0.0155,-1.8999999999999986,6.150793650793651e-05
2022-03-25,141.09,143.18,140.8,141.92,8186674,0.008704630172147364,0.24365598168071761,0.39475193046178364,0.3324275601505542,140.93200000000002,136.39399999999998,15.918018268340177,20.81,0.0167,-0.860000000000003,6.626984126984126e-05
2022-03-28,140.0,140.97,137.895,140.87,10818077,-0.0074260392890538,0.25166674028658814,0.36555047893639303,0.33261069018816164,141.176,136.34750000000003,16.196729089154864,19.63,0.0169,-1.1799999999999997,6.706349206349206e-05
2022-03-29,143.35,143.595,140.24,141.18,11316503,0.002198192695110687,0.18813694713921097,0.33664819595001194,0.33271250513068584,140.88799999999998,136.584,16.241772660751515,18.9,0.0167,-0.7300000000000004,6.626984126984126e-05
2022-03-30,141.9,142.12,139.91,140.54,8771027,-0.004543526203274602,0.11015944346843125,0.329746907429747,0.32931943908712435,141.04000000000002,136.647,15.986964461255083,19.33,0.016399999999999998,0.4299999999999997,6.507936507936507e-05
2022-03-31,139.83,140.345,136.26,136.32,17353942,-0.030487082683046014,0.23635507791855598,0.34684722794846545,0.32377429392827506,140.166,136.54850000000002,16.669330243161035,20.56,0.0163,1.2300000000000004,6.468253968253968e-05
2022-04-01,137.4,137.41,133.8,135.31,15721297,-0.007436620805452703,0.1961037043752973,0.3321825287871166,0.32093590632544916,138.844,136.594,16.570526847923194,19.63,0.0172,-0.9299999999999997,6.825396825396825e-05
2022-04-04,134.12,136.94,132.89,135.91,17422937,0.004424459691703137,0.2206571326036834,0.2972716482191378,0.3200574068984704,137.852,136.929,16.6732981144885,18.57,0.0172,-1.0599999999999987,6.825396825396825e-05
2022-04-05,134.07,135.4,133.01,133.34,11926484,-0.01909064477734193,0.21541893097470488,0.3053718720374619,0.32047800356766115,136.28400000000002,137.18099999999998,16.294272031440556,21.03,0.0177,2.460000000000001,7.023809523809524e-05
2022-04-06,131.58,132.56,130.96,131.49,12914733,-0.013971454091086476,0.206660420186925,0.27607451546287987,0.32099794775203744,134.47400000000002,137.0835,16.373879310663067,22.1,0.0179,1.0700000000000003,7.103174603174603e-05
2022-04-07,130.95,131.92,128.73,131.09,12994231,-0.0030466928891096237,0.14586547196506705,0.27309245823337047,0.3208338844156906,133.428,137.04500000000002,16.380016047700337,21.55,0.0178,-0.5500000000000007,7.063492063492064e-05
2022-04-08,131.67,133.9,131.49,133.49,13126938,0.018142458457923262,0.23558870905767088,0.26696218031670643,0.3234627031367016,133.064,137.275,16.390177012684575,21.16,0.0181,-0.39000000000000057,7.182539682539683e-05
2022-04-11,133.0,134.9,132.57,133.0,10466429,-0.003677440445887305,0.22699968483536434,0.26582269697901023,0.3234166993281891,132.482,137.4165,16.163683454946195,24.37,0.018500000000000003,3.210000000000001,7.341269841269842e-05
2022-04-12,132.14,134.58,130.7,131.54,12989862,-0.011038140348548891,0.1995477189461722,0.2616236299599604,0.2991484524849905,132.12199999999999,137.36950000000002,16.37967976503377,24.26,0.0177,-0.10999999999999943,7.023809523809524e-05
2022-04-13,126.94,129.25,126.01,127.3,30838027,-0.03276448230984407,0.29028633135297993,0.22964377796400076,0.29409782899105613,131.284,136.8145,17.244259129256214,21.82,0.0178,-2.4400000000000013,7.063492063492064e-05
2022-04-14,126.5,128.3,125.02,126.12,18835190,-0.00931267088650067,0.2890273711219275,0.2214705071969169,0.29321875711994794,130.29000000000002,136.113,16.751237486660266,22.7,0.0184,0.879999999999999,7.301587301587302e-05
2022-04-18,125.67,129.24,125.54,128.46,11834444,0.018383737152786496,0.29038992508136424,0.23647159960225517,0.29613103974741467,129.28400000000002,135.531,16.28652482052797,22.17,0.0184,-0.5299999999999976,7.301587301587302e-05
2022-04-19,128.45,131.32,128.23,131.12,15015448,0.020495362605927738,0.354926228596567,0.2524043247301904,0.298015465497522,128.908,135.1045,16.524590095784294,21.37,0.0194,-0.8000000000000007,7.698412698412698e-05
2022-04-20,132.52,133.51,131.34,131.58,12034940,0.0035020972222775753,0.3487431949771303,0.23733157112970138,0.2982015264444896,128.916,134.5525,16.303324643727805,20.32,0.019299999999999998,-1.0500000000000007,7.658730158730158e-05
2022-04-21,132.22,132.81,129.96,130.56,12174182,-0.007782140442055075,0.22304864985933862,0.23017499757397153,0.29732057744418083,129.568,134.0915,16.314828037817474,22.68,0.020099999999999996,2.3599999999999994,7.976190476190474e-05
2022-04-22,130.28,130.52,126.6879,126.81,14318842,-0.029142987968988614,0.3247693172145643,0.24417166671746396,0.3015069982986364,129.706,133.39749999999998,16.47708685030516,28.21,0.0206,5.530000000000001,8.174603174603175e-05
2022-04-25,126.01,127.115,123.11,126.77,17149031,-0.000315482296173013,0.2869757326161587,0.23941506025724546,0.29985808104926326,129.368,132.64000000000001,16.657452228522228,27.02,0.0203,-1.1900000000000013,8.055555555555556e-05
2022-04-26,124.64,126.41,122.87,123.02,16842345,-0.03002747717041311,0.25233337249239274,0.2546057431304739,0.3042410820752993,127.748,131.7475,16.6394068088653,33.52,0.0199,6.5000000000000036,7.896825396825397e-05
2022-04-27,122.33,123.56,121.22,121.42,17215247,-0.013091334077934173,0.20871809650468373,0.2532399508700553,0.3029922509752598,125.71600000000001,130.7595,16.661306002604196,31.6,0.0197,-1.9200000000000017,7.817460317460317e-05
2022-04-28,122.81,123.65,121.14,123.34,13019941,0.015689159861058715,0.30958788131538617,0.2662632100303984,0.30262339498754615,124.272,129.89950000000002,16.381992663244414,29.99,0.0204,-1.610000000000003,8.095238095238096e-05
2022-04-29,123.05,123.61,118.9,119.36,14874811,-0.03280063310789605,0.32358357481917416,0.26913555248875703,0.3084473694474517,122.78200000000001,129.05149999999998,16.515179803432893,33.4,0.021,3.41,8.333333333333334e-05
2022-05-02,119.88,120.71,118.22,120.45,18544958,0.009090592605429581,0.3509172027255874,0.2748230565378538,0.30942129531120716,121.518,128.3085,16.735708504141872,32.34,0.021,-1.0599999999999952,8.333333333333334e-05
2022-05-03,121.53,124.17,120.78,123.03,15720935,0.02119349901119716,0.35719549795897837,0.2891821498125029,0.30776697488783045,121.52000000000001,127.6645,16.570503821568067,29.25,0.0216,-3.0900000000000034,8.571428571428571e-05
2022-05-04,122.8,127.4,122.74,127.1,17061624,0.03254595012333069,0.3964684886119019,0.31287697315568763,0.3162768277829527,122.65599999999999,127.3525,16.652342288932136,25.42,0.0207,-3.8299999999999983,8.214285714285714e-05
2022-05-05,125.25,126.1,122.16,123.92,15055401,-0.025337982086795066,0.4562737251717854,0.32095157331591406,0.316207788236743,122.772,126.974,16.52724735521246,31.2,0.0208,5.779999999999998,8.253968253968253e-05
2022-05-06,123.8,124.29,121.18,123.72,14417942,-0.0016152482917443833,0.3530280859377715,0.3209869437253732,0.31580568822872773,123.644,126.6055,16.483983961189228,30.19,0.0208,-1.009999999999998,8.253968253968253e-05
2022-05-09,122.11,123.33,120.5,121.86,14312300,-0.015148102996520595,0.3852146091651171,0.31372068103153233,0.3166419436905138,123.926,126.024,16.476629865381973,34.75,0.0199,4.559999999999999,7.896825396825397e-05
2022-05-10,123.11,123.78,117.56,118.89,16382441,-0.024674148949895024,0.38130287913775734,0.3216912458081084,0.3189252517631258,123.098,125.3185,16.611720648485367,32.99,0.020099999999999996,-1.759999999999998,7.976190476190474e-05
2022-05-11,119.3,122.89,117.94,118.14,14630299,-0.006328333991364156,0.16914271988456478,0.32107053183602113,0.31878223015720036,121.306,124.64849999999998,16.498605210244744,32.56,0.0199,-0.4299999999999997,7.896825396825397e-05
2022-05-12,117.0,118.32,115.37,118.04,16318801,-0.0008468118043504446,0.16052391293052884,0.3045165641695076,0.31646452693939925,120.13,124.1855,16.607828436664064,31.77,0.0196,-0.7900000000000027,7.777777777777778e-05
2022-05-13,119.41,120.25,117.96,119.09,10443203,0.008855959705165678,0.20491611958458805,0.30695484555539443,0.3173937599424085,119.204,123.83400000000002,16.161461894131318,28.87,0.0204,-2.8999999999999986,8.095238095238096e-05
2022-05-16,118.54,119.46,117.23,118.26,10269025,-0.006993919387220604,0.19394763594120806,0.29669855950878327,0.3149945628435161,118.48400000000001,123.324,16.144642640689106,27.47,0.0207,-1.4000000000000021,8.214285714285714e-05
2022-05-17,121.04,122.97,120.81,122.18,11160151,0.03260977682893705,0.2611445472917058,0.3127214400205887,0.3234157643220692,119.14200000000001,122.877,16.22786004529185,26.1,0.0216,-1.3699999999999974,8.571428571428571e-05
2022-05-18,121.3,121.97,119.53,120.09,12664912,-0.017253905549028947,0.30073209201575046,0.31519947359977146,0.32458509859632845,119.532,122.30249999999998,16.354345893111105,30.96,0.0216,4.859999999999999,8.571428571428571e-05
2022-05-19,118.19,119.65,117.63,118.31,12765769,-0.014933163407020476,0.328260208466325,0.31718227965524853,0.323420384329898,119.58600000000001,121.69000000000001,16.362277849694742,29.35,0.021099999999999997,-1.6099999999999994,8.373015873015872e-05
2022-05-20,119.46,119.67,115.02,117.34,13150099,-0.008232594767857575,0.32309149178924174,0.3044362537005222,0.3195417157258547,119.23600000000002,121.2165,16.39193984507682,29.43,0.0207,0.0799999999999983,8.214285714285714e-05
2022-05-23,120.46,126.57,120.45,124.6,24376725,0.06003290285563878,0.5447507169463935,0.3798381354565738,0.3408182146776109,120.50399999999999,121.10799999999999,17.00913934157493,28.48,0.0209,-0.9499999999999993,8.293650793650792e-05
2022-05-24,124.36,127.49,123.11,126.36,19324922,0.01402636958053179,0.5121119717113944,0.36694615909138006,0.33227488783931375,121.34,121.275,16.776906116207105,29.45,0.0202,0.9699999999999989,8.015873015873015e-05
2022-05-25,126.28,127.86,125.17,127.24,12780385,0.006940090947058851,0.467603504853634,0.363369536382818,0.3238720984724202,122.77000000000001,121.566,16.363422131655526,28.37,0.020099999999999996,-1.0799999999999983,7.976190476190474e-05
2022-05-26,128.37,130.1939,128.21,129.44,15990944,0.01714238642923829,0.40423610065754145,0.3641134237883045,0.3229766094884389,124.99600000000001,121.87100000000001,16.587533119965588,27.5,0.0199,-0.870000000000001,7.896825396825397e-05
2022-05-27,130.16,131.27,129.14,131.27,11177759,0.014038817505134577,0.33888516321546297,0.3412758429951539,0.32423340365745246,127.782,122.46650000000002,16.229436558371805,25.72,0.020099999999999996,-1.7800000000000011,7.976190476190474e-05
2022-05-31,130.18,133.15,129.71,132.23,17015042,0.007286559753415312,0.0720772003448411,0.341031905012371,0.31945457993410425,129.308,123.05549999999998,16.649608334324324,26.19,0.0208,0.4700000000000024,8.253968253968253e-05
2022-06-01,132.87,132.87,128.67,129.91,10768023,-0.017700927561089926,0.21765980815432245,0.343964070042662,0.3110982137227416,130.01799999999997,123.39950000000002,16.19209146682276,25.69,0.0216,-0.5,8.571428571428571e-05
2022-06-02,129.9,132.01,128.67,132.0,8374794,0.015960019578729306,0.2303604471055115,0.32962921888195,0.31241198069553106,130.96999999999997,123.6445,15.940737038357968,24.72,0.0215,-0.9700000000000024,8.53174603174603e-05
2022-06-03,131.21,131.77,129.99,130.16,8596022,-0.014037459675588474,0.25214043867963215,0.3195342791903765,0.30309407187448656,131.11399999999998,123.9565,15.966810096071184,24.79,0.0218,0.07000000000000028,8.650793650793651e-05
2022-06-06,131.09,132.39,129.46,129.73,11323459,-0.003309095327861318,0.2246799716021245,0.319876933231241,0.3022118767085423,130.80599999999998,124.25699999999999,16.242387149434744,25.07,0.0223,0.28000000000000114,8.849206349206349e-05
2022-06-07,128.83,130.32,128.6159,130.07,6722167,0.0026173994927284304,0.21425346822672978,0.31311611556312907,0.29859258050962745,130.374,124.66749999999999,15.720921130755075,24.02,0.0226,-1.0500000000000007,8.968253968253968e-05
2022-06-08,129.0,129.45,126.9,128.0,8422110,-0.016042503156032145,0.20744319027326688,0.30427702165452725,0.29970897439259786,129.99200000000002,125.123,15.94637094864935,23.96,0.0229,-0.05999999999999872,9.087301587301587e-05
2022-06-09,127.37,128.1,125.27,125.31,13565478,-0.02123959674242349,0.15519298486606098,0.31519731479508817,0.30038378637920576,128.654,125.48150000000001,16.42303874119853,26.09,0.0235,2.129999999999999,9.325396825396825e-05
2022-06-10,122.59,123.4,119.32,119.55,12951760,-0.04705597327285999,0.30684807427857175,0.3618052648216401,0.30036574690765233,126.532,125.55699999999999,16.37674224421116,27.75,0.0258,1.6600000000000001,0.00010238095238095239
2022-06-13,116.86,117.95,115.06,115.99,16805564,-0.0302307134105489,0.29021179407290004,0.37633735429676707,0.30401673318103734,123.78400000000002,125.402,16.63722058001822,34.02,0.028900000000000002,6.270000000000003,0.00011468253968253969
2022-06-14,115.55,117.32,113.22,114.06,13357912,-0.016779354765392038,0.2051013033189729,0.3798807966613691,0.3052320024538989,120.582,125.19200000000001,16.40761942643347,32.69,0.0315,-1.3300000000000054,0.000125
2022-06-15,115.62,116.95,113.1683,115.41,14083548,0.011766379703920558,0.3418736564344419,0.3615990727441546,0.30681653501869666,118.064,124.85349999999998,16.46051786558673,29.62,0.029300000000000003,-3.0699999999999967,0.00011626984126984129
2022-06-16,113.86,114.2593,111.87,113.43,16724855,-0.017305098861362177,0.3426283582589925,0.3616261636081729,0.30393793028854316,115.68800000000002,124.52050000000001,16.63240649428478,32.95,0.0288,3.330000000000002,0.00011428571428571428
2022-06-17,113.54,114.63,112.16,113.03,30919865,-0.0035326363683115,0.2530990060954782,0.3588284438383238,0.30203409350715243,114.38400000000001,124.25649999999999,17.246909415567885,31.13,0.0286,-1.8200000000000038,0.0001134920634920635
2022-06-21,115.865,117.03,115.04,115.83,11680485,0.024470328741615015,0.2895037945009095,0.37023222054464733,0.30679486636938896,114.352,124.181,16.27343005847486,30.19,0.0292,-0.9399999999999977,0.00011587301587301588
2022-06-22,114.88,116.1999,114.39,115.18,9848572,-0.005627476865728336,0.25863304310529395,0.2927544294949422,0.3058158817960717,114.576,123.71000000000001,16.102837028019145,28.95,0.0279,-1.240000000000002,0.00011071428571428572
2022-06-23,115.01,115.18,111.48,113.92,11851541,-0.010999674414860773,0.25468971839233284,0.2857898606327786,0.3061004243899615,114.27800000000002,123.08800000000001,16.287968459284755,29.05,0.0278,0.10000000000000142,0.0001103174603174603
2022-06-24,113.23,117.82,112.83,117.32,14841090,0.02940879644558451,0.2971350425685157,0.3086449907830903,0.3132743143251781,115.056,122.59199999999998,16.51291024314095,27.23,0.028300000000000002,-1.8200000000000003,0.00011230158730158731
2022-06-27,118.06,118.5,115.6417,116.38,11280485,-0.008044544880726388,0.3084759953068987,0.2984799513579533,0.3134260374570024,115.726,121.939,16.238584799563768,26.95,0.028900000000000002,-0.28000000000000114,0.00011468253968253969
2022-06-28,117.67,119.29,115.6,115.82,11615519,-0.004823437430880142,0.2639083104111848,0.28963449475658537,0.3082331649561173,115.724,121.1665,16.26785260678716,28.36,0.0288,1.4100000000000001,0.00011428571428571428
2022-06-29,116.0,116.82,114.73,115.3,9338432,-0.004499834522630316,0.2625158448050396,0.2853119296773648,0.30809979591197284,115.748,120.32000000000001,16.049648916025934,28.16,0.0288,-0.1999999999999993,0.00011428571428571428
2022-06-30,113.17,114.075,110.93,112.61,15172611,-0.023606905566079146,0.3077810743165476,0.28903684558296844,0.31068881614498206,115.48599999999999,119.455,16.53500245253291,28.71,0.027999999999999997,0.5500000000000007,0.0001111111111111111
2022-07-01,112.65,114.415,111.16,114.05,10573577,0.01270642702146273,0.2050130978942939,0.28579981304997,0.31054771742664916,114.832,118.5575,16.173868711194498,26.7,0.0279,-2.0100000000000016,0.00011071428571428572
2022-07-05,110.77,112.71,109.3,112.62,12515590,-0.012617628903924556,0.21086023653723301,0.2854005820987004,0.3103483919381744,114.08,117.68050000000001,16.34248562516468,27.54,0.0277,0.8399999999999999,0.00010992063492063491
2022-07-06,111.73,112.99,110.785,111.89,10656197,-0.006503074006842651,0.2103210861306191,0.28504248747149835,0.3104513239568952,113.29400000000001,116.7885,16.18165215882866,26.73,0.0282,-0.8099999999999987,0.0001119047619047619
2022-07-07,113.5,114.9,113.4,114.72,10347385,0.024978131031680315,0.3113846899345696,0.3057601054337471,0.31271359341181965,113.178,116.021,16.152244388747665,26.08,0.0287,-0.6500000000000021,0.00011388888888888889
2022-07-08,115.16,115.65,113.61,114.36,8807840,-0.00314300939719914,0.24453607126955945,0.3037185853267443,0.31270710304751587,113.52799999999999,115.33899999999998,15.991152791915393,24.64,0.0296,-1.4399999999999977,0.00011746031746031746
2022-07-11,113.55,114.23,112.215,112.86,7944573,-0.013203254913117014,0.24943732867161494,0.299552991204456,0.31299045977638495,113.29,114.7165,15.887999612015275,26.17,0.0297,1.5300000000000011,0.00011785714285714286
2022-07-12,112.58,115.18,112.26,112.97,11250917,0.0009741841978434143,0.23133041706954918,0.25595442005835506,0.30665387100463165,113.35999999999999,114.3875,16.235960194403965,27.29,0.030699999999999998,1.1199999999999974,0.00012182539682539682
2022-07-13,111.75,112.4769,110.38,111.91,12979883,-0.009427319908901574,0.23784342442125805,0.23631612734113916,0.3066656535252052,113.364,114.18350000000001,16.378911255332106,26.82,0.0321,-0.46999999999999886,0.00012738095238095236
2022-07-14,107.99,108.23,106.06,108.0,26204846,-0.035563749705716026,0.22590743366583474,0.26030741308060146,0.3112509025164755,112.02000000000001,113.88050000000001,17.081454913460057,26.4,0.0316,-0.4200000000000017,0.0001253968253968254
2022-07-15,109.16,113.88,107.67,112.95,18863886,0.04481401578979264,0.47000630321398795,0.3069669257371796,0.3228302063667486,111.73799999999999,113.75750000000001,16.75275985848403,24.23,0.031200000000000002,-2.169999999999998,0.0001238095238095238
2022-07-18,114.77,115.8401,111.29,111.79,13977903,-0.010323131631777836,0.46629713897080466,0.3030469119578581,0.32297818249259963,111.524,113.67549999999999,16.452988283518813,25.3,0.0313,1.0700000000000003,0.00012420634920634922
2022-07-19,113.13,114.935,112.67,114.56,11862269,0.024476591930101037,0.5037845337315335,0.3156559695062878,0.32755095682005264,111.84200000000001,113.752,16.288873248581105,24.5,0.0318,-0.8000000000000007,0.0001261904761904762
2022-07-20,114.1,114.7389,113.48,114.54,11667540,-0.00017459624662418362,0.4938259916923434,0.3028759859634997,0.3227098287203247,112.36800000000001,113.6875,16.272321185126778,23.88,0.0318,-0.620000000000001,0.0001261904761904762
2022-07-21,114.44,115.53,113.37,115.32,11595860,0.006786765804490108,0.3459695302813159,0.303326462079164,0.32316752867816045,113.83200000000002,113.69449999999999,16.26615869582214,23.11,0.0311,-0.7699999999999996,0.0001234126984126984
2022-07-22,115.24,116.25,113.67,114.76,7645542,-0.004867881657037311,0.21370381728040322,0.30113397300377026,0.3177756720911159,114.194,113.7365,15.84963329084276,23.03,0.0301,-0.0799999999999983,0.00011944444444444444
2022-07-25,115.84,116.46,114.77,115.22,9394033,0.004000353191072917,0.17787751557674572,0.28150019837291523,0.3169638070524985,114.88000000000002,113.6315,16.055585258443468,23.36,0.030699999999999998,0.3299999999999983,0.00012182539682539682
2022-07-26,114.58,115.58,113.03,113.42,10675119,-0.01574560171835507,0.14058351197217195,0.2853918024466088,0.31649442607074263,114.652,113.4835,16.183426264557813,24.69,0.030600000000000002,1.3300000000000018,0.00012142857142857144
2022-07-27,114.01,115.74,113.3,115.24,9274454,0.015919167630445662,0.1911014355101727,0.2914180810126971,0.31155811652792426,114.792,113.45449999999998,16.04277429680046,23.24,0.03,-1.4500000000000028,0.00011904761904761905
2022-07-28,115.25,115.98,113.53,114.81,10384770,-0.003738322110607104,0.1863292958156824,0.2912833295761776,0.3109651243130921,114.69000000000001,113.42999999999999,16.155850867719217,22.33,0.029300000000000003,-0.9100000000000001,0.00011626984126984129
2022-07-29,115.59,116.5,114.785,115.36,12944544,0.004779085430918351,0.18592885181077806,0.27817894069096893,0.30781024051842576,114.81000000000002,113.5675,16.37618494459136,21.33,0.0298,-1.0,0.00011825396825396825
2022-08-01,114.5,115.105,113.07,114.21,14740406,-0.010018814474123349,0.19811860149477428,0.2774133876398898,0.3002209223105005,114.60799999999999,113.57549999999999,16.506102988443825,22.84,0.0298,1.5100000000000016,0.00011825396825396825
2022-08-02,113.92,114.395,112.27,112.43,14942854,-0.01570805330084737,0.19795173217641446,0.27949711199219834,0.2976312144135826,114.41,113.56599999999999,16.51974375021471,23.93,0.030899999999999997,1.0899999999999999,0.0001226190476190476
2022-08-03,113.45,114.0976,111.71,113.61,14394499,0.010440724820144858,0.1688149343915653,0.28080437185275214,0.29865609871638116,114.08399999999999,113.652,16.482356677671447,21.95,0.031400000000000004,-1.9800000000000004,0.00012460317460317462
2022-08-04,112.85,113.32,111.0214,112.36,18033854,-0.011063528345770238,0.17895147589343816,0.26845362735625933,0.29797074583194955,113.59400000000001,113.53399999999999,16.70776132719021,21.44,0.0311,-0.509999999999998,0.0001234126984126984
2022-08-05,112.53,116.1899,112.05,115.76,14174642,0.029811080087185554,0.3037837301868604,0.2896750852055468,0.30066642797057413,113.674,113.604,16.466965151527237,21.15,0.0329,-0.2900000000000027,0.00013055555555555555
2022-08-08,116.25,116.7,114.18,114.35,10339584,-0.012255161854438337,0.309119374899149,0.28909449352717415,0.30140623925344373,113.702,113.67850000000001,16.151490194126907,21.29,0.033,0.14000000000000057,0.00013095238095238096
2022-08-09,114.75,115.99,114.37,115.38,10233754,0.008967108359953214,0.2768434756832421,0.29059956483902843,0.30203443995425827,114.292,113.799,16.141202030536284,21.77,0.0333,0.4800000000000004,0.00013214285714285715
2022-08-10,117.96,119.37,117.5,118.39,12847258,0.02575323059480144,0.3140216067695466,0.30043326388976604,0.3061978179427701,115.248,114.123,16.36864096132163,19.74,0.0326,-2.030000000000001,0.00012936507936507936
2022-08-11,119.9,121.2,119.31,120.14,11684856,0.014673469998470539,0.2634145987869678,0.26630175279621576,0.307331379623872,116.804,114.72999999999999,16.273804202387506,20.2,0.0325,0.46000000000000085,0.00012896825396825398
2022-08-12,120.67,122.25,119.44,122.13,9906716,0.016428321760981714,0.22521996254511276,0.2265746692449576,0.3017963777640736,118.078,115.18900000000001,16.1087234689449,19.53,0.0326,-0.6699999999999982,0.00012936507936507936
2022-08-15,121.14,122.72,120.6,122.46,8456202,0.002698394866811327,0.13681285203931476,0.22035709764481998,0.2996889335605689,119.7,115.72250000000001,15.95041069461018,19.95,0.0323,0.41999999999999815,0.0001281746031746032
2022-08-16,122.29,124.2389,121.87,123.63,9554966,0.009508787969027356,0.13568064318964335,0.20849855686857505,0.29855759679392885,121.35,116.176,16.072571577303766,19.69,0.0326,-0.259999999999998,0.00012936507936507936
2022-08-17,122.3,123.16,121.6948,122.59,8149335,-0.008447779911932757,0.1609528063220561,0.21262278858837536,0.29858552161204027,122.19000000000001,116.5785,15.91344688679596,19.9,0.0327,0.2099999999999973,0.00012976190476190477
2022-08-18,122.24,122.47,120.55,121.64,9531752,-0.007779591297739021,0.1718342721263679,0.215804922456316,0.2722386884572128,122.49000000000001,116.8945,16.070139099237462,19.56,0.032400000000000005,-0.33999999999999986,0.0001285714285714286
2022-08-19,120.62,120.99,118.11,118.63,13464469,-0.025056457136151993,0.2082408102143064,0.23609913199478913,0.2751592986074599,121.79,117.088,16.415564847876524,20.6,0.0326,1.0400000000000027,0.00012936507936507936
2022-08-22,116.75,117.16,115.5,116.67,8967607,-0.0166599688372462,0.20367906962591073,0.24461717777538983,0.2764790319883127,120.63199999999999,117.1605,16.00912942029397,23.8,0.0332,3.1999999999999993,0.00013174603174603174
2022-08-23,116.69,117.29,115.3827,115.52,7607042,-0.00990576169124956,0.11629613402350575,0.2402733084099679,0.2742600422360472,119.00999999999999,117.2655,15.844584955194643,24.11,0.0329,0.3099999999999987,0.00013055555555555555
2022-08-24,115.29,116.41,114.45,115.8,9771264,0.002420889994378885,0.16276657234957423,0.2337850792186064,0.27240411615154475,117.652,117.2935,16.094956391290374,22.82,0.0335,-1.2899999999999991,0.00013293650793650793
2022-08-25,116.16,118.74,115.68,118.55,10758870,0.023470247372519557,0.299919046907963,0.24720492666720367,0.2767675827365989,117.03399999999999,117.4805,16.191241088595714,21.78,0.0333,-1.0399999999999991,0.00013214285714285715
2022-08-26,119.46,119.99,114.6,114.67,11276212,-0.03327637446120145,0.33760634954382696,0.27595555031008945,0.2823688223423761,116.242,117.446,16.238205932032663,25.56,0.0336,3.7799999999999976,0.0001333333333333333
2022-08-29,114.0,114.86,113.46,114.39,7785336,-0.002444775512630972,0.32631972928699243,0.2737181951778706,0.2798546502682609,115.78599999999999,117.455,15.867752522241801,26.21,0.034300000000000004,0.6500000000000021,0.00013611111111111113
2022-08-30,115.0,115.58,113.36,114.41,10745404,0.00017482517527036726,0.3225488747744744,0.2672994552156832,0.2788413023540322,115.56400000000001,117.55400000000002,16.18998868623513,26.21,0.0348,0.0,0.00013809523809523808
2022-08-31,114.48,115.03,113.339,113.73,10738299,-0.005961269516499334,0.3209090422847036,0.2658493934725624,0.2789413633543317,115.15,117.55999999999999,16.189327254613307,25.87,0.035,-0.33999999999999986,0.0001388888888888889
2022-09-01,113.29,114.63,111.91,114.51,9979823,0.006834937228894878,0.24530340552533753,0.2635043966313189,0.2793856280118761,114.34200000000001,117.66749999999999,16.11607591265943,25.56,0.0351,-0.3100000000000023,0.0001392857142857143
2022-09-02,115.87,117.45,113.185,113.71,10666594,-0.007010807788616729,0.08812717862536609,0.2415078137909033,0.27807382087935756,114.15,117.56500000000001,16.182627359572685,25.47,0.0347,-0.08999999999999986,0.0001376984126984127
2022-09-06,114.33,114.745,112.07,113.74,9735952,0.00026379424202213587,0.08874476432796408,0.23775557045575357,0.27518726015811257,114.02000000000001,117.53449999999998,16.091335983481226,26.91,0.0361,1.4400000000000013,0.00014325396825396825
2022-09-07,113.13,116.11,112.76,115.9,10647866,0.018812608467052527,0.16873030919315254,0.2452770213156201,0.261499061774642,114.31800000000001,117.5605,16.180870054454985,24.64,0.036000000000000004,-2.2699999999999996,0.00014285714285714287
2022-09-08,115.28,118.79,114.63,118.6,11434984,0.02302873621791885,0.19899593163889454,0.2416803423816172,0.25841175901263674,115.292,117.57099999999998,16.252187986225096,23.61,0.036000000000000004,-1.0300000000000011,0.00014285714285714287
2022-09-09,119.14,120.05,118.67,119.17,9302228,0.004794558539089718,0.20051913846702474,0.2362563855491931,0.2560679629637661,116.224,117.5225,16.045764499323674,22.79,0.036699999999999997,-0.8200000000000003,0.00014563492063492063
2022-09-12,120.62,121.55,119.79,120.58,8614630,0.011762387958544675,0.15005399560089758,0.23239597967816114,0.2560672282996939,117.598,117.44499999999998,15.968972478675951,23.87,0.037000000000000005,1.0800000000000018,0.00014682539682539685
2022-09-13,118.07,118.92,115.78,116.39,12904575,-0.03536681210737446,0.37146857915864356,0.2624791289006092,0.26405163042359264,118.128,117.1415,16.37309245762083,27.27,0.0392,3.3999999999999986,0.00015555555555555556
2022-09-14,116.7,117.84,114.88,116.12,9345718,-0.002322481797455802,0.35024344378490413,0.25860596022277627,0.26398571357702644,118.172,116.766,16.050428828451096,26.16,0.0395,-1.1099999999999994,0.00015674603174603175
2022-09-15,116.12,119.38,115.755,117.87,10821438,0.014958183082048838,0.3208133630909178,0.26548124081804875,0.2609916367307229,118.026,116.53,16.19703972458519,26.27,0.04,0.10999999999999943,0.00015873015873015873
2022-09-16,117.39,117.4,115.37,117.08,14844136,-0.00672486041479302,0.3175811748300398,0.26520100537762936,0.26110758976801934,117.60799999999999,116.30199999999999,16.51311546307161,26.3,0.039599999999999996,0.030000000000001137,0.00015714285714285713
2022-09-19,116.0,118.73,115.51,118.16,8201305,0.009182176399439282,0.3101916330697359,0.2531413576592054,0.2606616537243193,117.124,116.27850000000001,15.91980384591351,25.76,0.0405,-0.5399999999999991,0.0001607142857142857
2022-09-20,117.41,117.69,114.64,115.83,9619026,-0.019916039278869684,0.2174682411913916,0.2561951125990049,0.25695921593038673,117.01200000000001,116.2365,16.079253570114776,27.16,0.0403,1.3999999999999986,0.00015992063492063492
2022-09-21,116.54,116.6,112.42,112.49,12606281,-0.029259270139520187,0.2974405559407462,0.27432696563833486,0.26332027930041646,116.28600000000002,116.085,16.349705739779306,27.99,0.0408,0.8299999999999983,0.00016190476190476192
2022-09-22,113.38,113.6,111.07,111.21,11525303,-0.011444022973983987,0.2295899581327322,0.27622149410803887,0.2641257499707555,114.954,115.85549999999998,16.260055437173843,27.35,0.0408,-0.639999999999997,0.00016190476190476192
2022-09-23,110.05,110.3399,107.16,109.14,18138572,-0.018788844072664682,0.22931851365708072,0.26499678240905306,0.2666206656179232,113.36599999999999,115.38499999999999,16.713551278494165,29.92,0.0415,2.5700000000000003,0.00016468253968253969
2022-09-26,108.0,109.605,106.06,106.79,15753581,-0.021767172574632038,0.10141667126862118,0.2509892377404794,0.2659777762251752,111.09200000000001,114.99100000000001,16.572578262471758,32.26,0.0417,2.3399999999999963,0.00016547619047619047
2022-09-27,107.75,108.17,104.65,105.85,12793612,-0.008841291602579767,0.13004646876879278,0.25163853944254544,0.264938866532153,109.096,114.56400000000001,16.364456541816708,32.6,0.0416,0.3400000000000034,0.00016507936507936506
2022-09-28,105.95,108.73,105.64,107.99,12762596,0.020015632663794164,0.26363664880700544,0.26535987629809854,0.2673847634948818,108.196,114.24299999999998,16.362029263463985,30.18,0.039900000000000005,-2.4200000000000017,0.00015833333333333335
2022-09-29,106.95,107.28,104.398,106.16,12713926,-0.01709124022071627,0.27100678862404065,0.26997073476309613,0.2692403695132752,107.18599999999999,113.86450000000002,16.35820848610604,31.84,0.0398,1.6600000000000001,0.00015793650793650795
2022-09-30,106.06,107.62,104.4,104.5,15973415,-0.015760318619086347,0.26511128158397995,0.27047403194128616,0.26544946546246273,106.258,113.364,16.586436335778103,31.62,0.0405,-0.21999999999999886,0.0001607142857142857
2022-10-03,105.62,108.36,104.46,107.73,12248137,0.030441025501235553,0.34875062635539833,0.29733541740569835,0.2733953198559459,106.446,113.06500000000001,16.32088440175677,30.1,0.0401,-1.5199999999999996,0.0001591269841269841
2022-10-04,110.61,112.99,109.86,112.77,16013586,0.04572224933809515,0.44591780717122576,0.34354208782147416,0.2884151657885774,107.83,113.01650000000002,16.588948044901368,29.07,0.0415,-1.0300000000000011,0.00016468253968253969
2022-10-05,109.75,110.95,108.83,110.39,10943502,-0.021330796213935972,0.49670019536335863,0.3432742814825076,0.2916928297083783,108.30999999999999,112.74100000000001,16.208256413423147,28.55,0.0414,-0.5199999999999996,0.00016428571428571428
2022-10-06,109.46,110.19,107.94,108.14,11521415,-0.02059286607640151,0.5067636665530916,0.33518351102490496,0.29405913167079156,108.70599999999999,112.218,16.25971803555016,30.52,0.04190000000000001,1.9699999999999989,0.0001662698412698413
2022-10-07,107.52,107.71,105.265,105.98,11681088,-0.020176286889242747,0.5182836129560562,0.33759575875604514,0.2878638643130583,109.002,111.55850000000001,16.27348168171103,31.36,0.0424,0.8399999999999999,0.00016825396825396826
2022-10-10,106.73,107.31,104.52,104.99,8931729,-0.009385289537766236,0.4581668007309682,0.3312362730033227,0.27259715791860606,108.454,110.77900000000002,16.005120551132602,32.45,0.0424,1.0900000000000034,0.00016825396825396826
2022-10-11,104.37,104.54,101.85,101.96,12739700,-0.029284528018935226,0.11250469248873458,0.3249528575906105,0.2780180962749329,106.292,110.05749999999998,16.360233659950346,33.63,0.042800000000000005,1.1799999999999997,0.00016984126984126986
2022-10-12,101.8,104.73,101.28,103.61,13180960,0.016053270755745714,0.2784804564719235,0.3345787485834035,0.2751735157898326,104.936,109.43199999999999,16.394283922018882,33.57,0.042800000000000005,-0.060000000000002274,0.00016984126984126986
2022-10-13,101.98,109.9,101.76,109.37,22398706,0.05410277908347406,0.5331557527711053,0.39076857314487073,0.29797517739947743,105.18199999999999,109.00699999999999,16.9245137472995,31.94,0.0446,-1.629999999999999,0.00017698412698412697
2022-10-14,111.962,115.24,110.724,111.19,33420141,0.016503820368023277,0.4983592155514069,0.3970653628817074,0.29968820475184976,106.224,108.7125,17.324669300153143,32.02,0.045,0.08000000000000185,0.00017857142857142857
2022-10-17,115.41,117.01,114.32,115.86,22276272,0.041142115953320214,0.5061400607333556,0.42485699998109644,0.31149597129696843,108.398,108.5975,16.919032634067857,31.37,0.045,-0.6500000000000021,0.00017857142857142857
2022-10-18,119.66,120.14,116.96,118.84,21539680,0.02539548492592886,0.2633572749755742,0.42850468006538944,0.3156807945824518,111.774,108.748,16.885407373500456,30.5,0.045,-0.870000000000001,0.00017857142857142857
2022-10-19,117.99,118.83,115.6701,116.51,17072035,-0.019800944362557176,0.44726130849846546,0.4208095018023873,0.31668084927467066,114.354,108.949,16.65295230266215,30.76,0.046,0.26000000000000156,0.00018253968253968252
2022-10-20,117.16,118.71,115.65,116.13,12207437,-0.003266852974183459,0.3801077120342916,0.41840173108604073,0.31511451733723617,115.70599999999999,109.19500000000001,16.317555914142808,29.98,0.0466,-0.7800000000000011,0.00018492063492063493
2022-10-21,116.46,122.39,116.33,122.23,20593310,0.05119426253150513,0.47417699206897196,0.4448286807122751,0.33189853623790605,117.91400000000002,109.8495,16.84047682373319,29.69,0.0458,-0.28999999999999915,0.00018174603174603174
2022-10-24,122.07,123.1,121.33,122.38,12624177,0.0012264422452228992,0.43982412977620805,0.4333626773017592,0.3318076072140092,119.218,110.62899999999999,16.35112434288205,29.85,0.0461,0.16000000000000014,0.00018293650793650796
2022-10-25,121.85,123.2707,120.89,122.7,11289101,0.0026113936824714076,0.4220636156292491,0.42976742524408396,0.33102734982731796,119.98999999999998,111.47149999999999,16.239348304965997,28.46,0.046,-1.3900000000000006,0.00018253968253968252
2022-10-26,123.0,125.2,122.88,124.11,11671494,0.011425917424564011,0.35245119874262515,0.4274950232096186,0.3297778335284419,121.50999999999999,112.2775,16.272660016634358,27.28,0.0454,-1.1799999999999997,0.00018015873015873017
2022-10-27,125.2,126.2,124.21,124.6,10727612,0.003940337211922941,0.33525557625121377,0.41822162561251736,0.3293062440937009,123.204,113.19949999999999,16.188331536250086,27.39,0.045,0.10999999999999943,0.00017857142857142857
2022-10-28,125.29,126.28,124.05,126.08,11859472,0.011808019756216249,0.07995794256896405,0.40878356334267013,0.32890335427026807,123.974,114.27849999999998,16.28863743114992,25.75,0.0455,-1.6400000000000006,0.00018055555555555555
2022-10-31,125.7,127.43,125.59,125.88,13295173,-0.0015875539133629174,0.09250226823526592,0.40266798997231124,0.32378575258550285,124.674,115.186,16.402911594985277,25.88,0.0466,0.129999999999999,0.00018492063492063493
2022-11-01,126.87,128.28,126.33,128.15,13386945,0.017872380613874052,0.12029871309717065,0.37932570067942634,0.3242467202340861,125.76399999999998,115.955,16.40979053629616,25.81,0.0475,-0.07000000000000028,0.0001884920634920635
2022-11-02,127.65,130.36,126.64,126.97,16546085,-0.009250614728380083,0.16998749751656791,0.36992292334489724,0.3246996931358798,126.33599999999998,116.78399999999999,16.62166007591235,25.86,0.047599999999999996,0.05000000000000071,0.00018888888888888888
2022-11-03,126.31,128.18,125.91,127.2,12474358,0.0018098128243216754,0.1711430157966046,0.35604964228904706,0.32077499089237976,126.856,117.73700000000001,16.339185735351744,25.3,0.0478,-0.5599999999999987,0.0001896825396825397
2022-11-04,129.49,130.83,128.46,130.68,14354353,0.02699093582684769,0.2357876606403009,0.3455484763875134,0.323962797993329,127.77600000000002,118.97200000000001,16.479563799117862,24.55,0.047599999999999996,-0.75,0.00018888888888888888
2022-11-07,131.0,132.29,130.4816,131.37,12011157,0.005266182748547255,0.2245064034915755,0.3382156416860574,0.32255599185665645,128.87400000000002,120.29099999999998,16.301346525802458,24.35,0.048,-0.1999999999999993,0.00019047619047619048
2022-11-08,131.24,132.06,130.14,131.45,9884053,0.0006087816944735184,0.21241255425652433,0.30584418768258925,0.32254338866570825,129.534,121.76550000000002,16.1064332082778,25.54,0.04769999999999999,1.1899999999999977,0.00018928571428571426
2022-11-09,131.32,131.43,129.22,129.74,9493961,-0.013094103390980757,0.22979572952468158,0.3188328127073964,0.3233758992926744,130.08800000000002,123.072,16.06616647022737,26.09,0.0475,0.5500000000000007,0.0001884920634920635
2022-11-10,132.63,135.25,132.53,135.08,16351589,0.04033474773245769,0.33976657482129324,0.2973053416984531,0.33273334141538635,131.66400000000002,124.3575,16.609835637129574,23.53,0.045899999999999996,-2.5599999999999987,0.00018214285714285712
2022-11-11,135.19,136.17,133.7805,135.3,10704664,0.0016273396593754076,0.3162659018572423,0.2980470739865422,0.33215666022263085,132.58800000000002,125.56300000000002,16.18619009231109,22.52,0.045899999999999996,-1.0100000000000016,0.00018214285714285712
2022-11-14,134.8,135.73,133.91,133.91,11085604,-0.010326602669267637,0.3399757818222727,0.2818448970469611,0.3284255144330052,133.096,126.46549999999999,16.22115788759504,23.73,0.0463,1.2100000000000009,0.00018373015873015874
2022-11-15,134.68,135.71,131.6,132.94,14038346,-0.007270033894039038,0.34915610284188126,0.2777569341321958,0.3267037311091194,133.394,127.17049999999999,16.45730314335443,24.54,0.046,0.8099999999999987,0.00018253968253968252
2022-11-16,133.0,133.56,132.03,133.12,7893359,0.0013530784594627384,0.3232494288525639,0.2617833402009951,0.3257387826120161,134.07,128.001,15.881532330995872,24.11,0.0462,-0.4299999999999997,0.00018333333333333334
2022-11-17,132.0,132.89,131.28,132.54,8824558,-0.004366490412817759,0.08361239169071179,0.26236505206710053,0.32603053881035754,133.56199999999998,128.8215,15.993049074543505,23.93,0.046799999999999994,-0.17999999999999972,0.0001857142857142857
2022-11-18,134.57,134.67,132.28,133.84,9468537,0.00976057001848792,0.12602891310803283,0.20362527134014394,0.3234195303604538,133.27,129.402,16.063484965371394,23.12,0.047400000000000005,-0.8099999999999987,0.00018809523809523813
2022-11-21,133.74,134.56,132.75,133.05,7800517,-0.0059200592548703124,0.11105463487121975,0.206722889783467,0.31542760670771197,133.098,129.9355,15.869700571514544,22.36,0.0475,-0.7600000000000016,0.0001884920634920635
2022-11-22,134.0,135.27,133.69,135.04,9185670,0.014846033423948708,0.14253685654628048,0.2100271965236639,0.3162644061391858,133.518,130.5525,16.033155218990057,21.29,0.0479,-1.0700000000000003,0.00019007936507936508
2022-11-23,134.94,136.5,134.86,136.48,7316204,0.01060705289572192,0.15018497159680824,0.20970398520601716,0.31662178572156113,134.19,131.171,15.805602172193806,20.35,0.0475,-0.9399999999999977,0.0001884920634920635
2022-11-25,136.48,137.14,136.055,136.74,3220496,0.0019032287422791447,0.1309536252715902,0.20993291137974512,0.3160872313311257,135.03000000000003,131.778,14.98504594292515,20.5,0.047599999999999996,0.14999999999999858,0.00018888888888888888
2022-11-28,136.07,136.71,134.19,134.35,9907551,-0.017632977424147742,0.20691928814151228,0.2222655102829498,0.3188084889563077,135.132,132.1915,16.10880775164892,22.21,0.047599999999999996,1.7100000000000009,0.00018888888888888888
2022-11-29,134.66,136.64,134.41,136.56,7925322,0.016315743424685017,0.22139890872080878,0.22622572840862837,0.31936895134605203,135.834,132.7255,15.885573507817032,21.89,0.0478,-0.3200000000000003,0.0001896825396825397
2022-11-30,136.09,138.18,133.19,138.18,14761248,0.011793104574463654,0.2139619123732121,0.22230214864232278,0.3198127891742653,136.462,133.227,16.507515926407738,20.58,0.047400000000000005,-1.3100000000000023,0.00018809523809523813
2022-12-01,138.18,138.66,135.43,136.24,8858472,-0.014139146706215952,0.24063377968523839,0.22673225335576094,0.3200911087227073,136.414,133.6905,15.996884847211629,19.84,0.0466,-0.7399999999999984,0.00018492063492063493
2022-12-02,134.49,135.35,133.34,135.16,8932057,-0.00795877450834379,0.24495731868185666,0.23033431297182363,0.3179760113274506,136.098,134.0885,16.00515727347131,19.06,0.046900000000000004,-0.7800000000000011,0.00018611111111111112
2022-12-05,134.24,134.57,130.6,131.37,10154531,-0.028441492364672423,0.29451713024140613,0.23779245925802342,0.32404542790769264,135.502,134.123,16.133430567784362,20.75,0.04769999999999999,1.6900000000000013,0.00018928571428571426
2022-12-06,133.39,135.11,129.87,131.59,13966691,0.0016732586806325344,0.24324425928626026,0.2371309750217294,0.3233561812235606,134.50799999999998,134.13400000000001,16.452185838466175,22.17,0.0473,1.4200000000000017,0.0001876984126984127
2022-12-07,131.31,133.08,130.33,131.5,11739425,-0.0006841765442300501,0.1918775728000819,0.23713741382062276,0.31416823923303494,133.172,134.1365,16.278463393311277,22.68,0.0467,0.509999999999998,0.0001853174603174603
2022-12-08,132.33,132.98,131.43,132.88,8907257,0.010439613687220073,0.23273865689764547,0.23457717802679925,0.3145008217361825,132.5,134.2935,16.00237689570831,22.29,0.0471,-0.39000000000000057,0.0001869047619047619
2022-12-09,132.2,133.76,132.0,132.16,7957818,-0.005433155532371495,0.23139878398664052,0.18412705924334058,0.31375626755768826,131.9,134.1475,15.88966539963963,22.83,0.0472,0.5399999999999991,0.0001873015873015873
2022-12-12,132.4,134.65,131.6,134.21,8841631,0.01539242763704678,0.134514888225451,0.19308904040706493,0.31443066084035254,132.46800000000002,134.09300000000002,15.994981919857821,25.0,0.0475,2.1700000000000017,0.0001884920634920635
2022-12-13,136.885,137.09,133.08,134.08,10025383,-0.0009691006759416066,0.1389720522430853,0.1895357211292798,0.31416643832637237,132.966,134.10150000000002,16.120630734915913,22.55,0.0464,-2.4499999999999993,0.00018412698412698412
2022-12-14,133.78,135.71,132.76,133.41,9966115,-0.005009543543058261,0.15057319050277873,0.18854294012880363,0.3111744054903534,133.348,134.125,16.114701396990306,21.14,0.0464,-1.4100000000000001,0.00018412698412698412
2022-12-15,131.145,132.08,129.05,130.1,12090286,-0.02512370767225519,0.2292582626867118,0.20869815125486887,0.3094906896864733,132.792,133.974,16.307912878225157,22.83,0.04650000000000001,1.6899999999999977,0.00018452380952380955
2022-12-16,129.15,129.9,128.425,129.29,21133707,-0.00624544225199768,0.2295994072047436,0.2091885465143705,0.30867805164860024,132.218,133.8115,16.866379811971044,22.62,0.0461,-0.2099999999999973,0.00018293650793650796
2022-12-19,129.65,131.33,129.09,130.06,9017156,0.00593793917454389,0.1834491953688974,0.20695016249823972,0.3055341030973794,131.388,133.6225,16.014639542986707,22.42,0.0464,-0.1999999999999993,0.00018412698412698412
2022-12-20,130.97,132.05,130.2,130.69,8549927,0.004832224167938703,0.198074153877084,0.20737678115496327,0.3011853496208998,130.70999999999998,133.50449999999998,15.961433302864798,21.48,0.0464,-0.9400000000000013,0.00018412698412698412
2022-12-21,132.18,132.98,131.77,132.16,8051704,0.011185203163723416,0.22952263771438472,0.2040720950680811,0.30051407691173,130.45999999999998,133.3605,15.90139430401296,20.07,0.046,-1.4100000000000001,0.00018253968253968252
2022-12-22,131.1,131.3,128.41,130.66,8651131,-0.011414780360063643,0.14835052248702443,0.20231183498744895,0.3001285315623828,130.572,133.0695,15.973200621805924,21.97,0.0464,1.8999999999999986,0.00018412698412698412
2022-12-23,130.58,131.44,129.64,131.28,5091905,0.004733917369231114,0.13511140811841746,0.2033164122519499,0.29715174019149987,130.97,132.7965,15.443162581768977,20.87,0.0466,-1.0999999999999979,0.00018492063492063493
2022-12-27,131.57,132.22,130.55,131.74,5410991,0.003497836430711573,0.132923965648182,0.19550436263929594,0.2944176915806891,131.30599999999998,132.666,15.503942813344983,21.65,0.0475,0.7799999999999976,0.0001884920634920635
2022-12-28,131.85,133.41,131.01,132.46,8827738,0.005450429844286412,0.1336581420729663,0.18634448312472718,0.28918932541578796,131.66000000000003,132.46099999999998,15.993409367622025,22.14,0.0471,0.490000000000002,0.0001869047619047619
2022-12-29,132.93,133.27,132.31,133.22,6585228,0.005721183928199832,0.11627946166469012,0.18177967515781704,0.27550725609735155,131.872,132.21300000000002,15.700339516705903,21.44,0.0471,-0.6999999999999993,0.0001869047619047619
2022-12-30,132.81,134.33,132.44,134.1,9292519,0.006583893302599407,0.018383046544220533,0.17800901660802887,0.27097638087976167,132.56,132.10600000000002,16.044720225811126,21.67,0.0473,0.23000000000000043,0.0001876984126984127
2023-01-03,135.24,136.74,133.89,135.12,11054778,0.0075774822119119515,0.024070402873027204,0.1782549018642589,0.2665057983733206,133.328,132.10399999999998,16.218373290660924,22.9,0.0472,1.2299999999999969,0.0001873015873015873
2023-01-04,135.99,137.68,135.57,136.38,11687643,0.00928183459296213,0.02474624694790941,0.14580724538875814,0.2620279534864774,134.256,132.3545,16.274042687798346,22.01,0.0471,-0.889999999999997,0.0001869047619047619
2023-01-05,135.66,135.71,133.7004,135.35,8381265,-0.007581091032196616,0.10765311120885913,0.14962448602623263,0.26165414503421436,134.834,132.5425,15.941509415719697,22.46,0.0478,0.4499999999999993,0.0001896825396825397
2023-01-06,136.125,138.38,134.49,137.94,10029076,0.018954791942834965,0.1508562679050694,0.16173098862907323,0.25381972249883394,135.77800000000002,132.8645,16.120999032065363,21.13,0.0471,-1.3300000000000018,0.0001869047619047619
2023-01-09,138.6,138.88,136.88,137.37,8482297,-0.004140792666031388,0.17049156251551634,0.16038220388722063,0.2534499961726232,136.43200000000002,133.089,15.953491843730225,21.97,0.046900000000000004,0.8399999999999999,0.00018611111111111112
2023-01-10,137.79,138.72,137.31,138.6,9048665,0.008914071418689093,0.17211060725637486,0.16004988350752392,0.2318259362436566,137.128,133.411,16.01812779098272,20.58,0.047400000000000005,-1.3900000000000006,0.00018809523809523813
2023-01-11,138.9,139.75,138.1,139.63,8703698,0.007403980198300404,0.1697261247998236,0.15382596183446567,0.23046692973056268,137.778,133.682,15.97925855078474,21.09,0.0473,0.5100000000000016,0.0001876984126984127
2023-01-12,140.0,140.86,139.22,139.49,11001666,-0.0010031528499594604,0.14422366280027926,0.15383466633944132,0.21709386851321524,138.606,133.9525,16.213557273840017,18.83,0.0466,-2.2600000000000016,0.00018492063492063493
2023-01-13,135.6,143.49,134.8,143.01,20200047,0.024921643780700043,0.1797643051596843,0.17148011756820092,0.21688803197296327,139.61999999999998,134.4325,16.8211954891014,18.35,0.046900000000000004,-0.4799999999999969,0.00018611111111111112
2023-01-17,141.17,141.54,139.225,140.8,14292881,-0.01557411416090186,0.23509285865704785,0.15267660687186807,0.21514898928121493,140.306,134.96750000000003,16.475272139102728,19.36,0.0467,1.009999999999998,0.0001853174603174603
2023-01-18,138.92,140.73,136.41,136.57,13392601,-0.030503140033608978,0.33734425718624617,0.19309599985304207,0.2256082491545481,139.9,135.3315,16.410212948243256,20.34,0.0463,0.9800000000000004,0.00018373015873015874
2023-01-19,135.32,135.9,133.59,134.75,13303371,-0.013416093901226575,0.32936894633659813,0.20090652516848007,0.20412719200979873,138.924,135.56599999999997,16.40352801972338,20.52,0.04650000000000001,0.17999999999999972,0.00018452380952380955
2023-01-20,135.16,135.49,133.55,135.08,13092492,0.0024459857282604423,0.3342747873333108,0.20060265473135763,0.20413231524837347,138.042,135.7855,16.38754949409874,19.85,0.046799999999999994,-0.6699999999999982,0.0001857142857142857
2023-01-23,135.115,137.96,134.82,137.27,10487128,0.016082593746201246,0.2841931940281531,0.20440667973175425,0.20626034260484893,136.894,136.041,16.165659158329927,19.81,0.047,-0.0400000000000027,0.0001865079365079365
2023-01-24,140.29,140.29,135.0,138.45,6944991,0.008559460353402557,0.2961002487012662,0.19938920682873842,0.20577621848571667,136.424,136.4305,15.753531238273414,19.2,0.047,-0.6099999999999994,0.0001865079365079365
2023-01-25,138.05,139.12,137.25,139.12,8967007,0.004827620429056775,0.1725778293075695,0.19940094259110536,0.20582325410365757,136.93400000000003,136.8225,16.009062510574005,19.08,0.0467,-0.120000000000001,0.0001853174603174603
2023-01-26,139.42,140.06,138.36,139.98,7487631,0.006162685215365917,0.08293938867029216,0.19973096501287602,0.20497859345024813,137.98000000000002,137.2345,15.828763017079169,18.73,0.046799999999999994,-0.34999999999999787,0.0001857142857142857
2023-01-27,140.61,141.255,139.7499,140.32,7489946,0.002425973362479442,0.08301805848636452,0.19953397509799028,0.20486505116319573,139.028,137.6275,15.829072145854596,18.51,0.046799999999999994,-0.21999999999999886,0.0001857142857142857
2023-01-30,139.23,140.09,138.91,139.13,6729255,-0.008516780770087478,0.10552105448946159,0.20321382948730243,0.2031591141828579,139.4,137.92299999999997,15.721974997127866,19.94,0.0471,1.4299999999999997,0.0001869047619047619
2023-01-31,139.88,140.07,138.25,139.96,9188738,0.005947919645702012,0.09771206501167688,0.20304309875744359,0.2021506861686781,139.702,138.21599999999998,16.033489161724813,19.4,0.046799999999999994,-0.5400000000000027,0.0001857142857142857
2023-02-01,138.21,140.875,138.12,139.59,8841846,-0.0026471129748204866,0.09929804314675865,0.20265384301676123,0.20233940155959568,139.796,138.4395,15.99500623634264,17.87,0.0466,-1.5299999999999976,0.00018492063492063493
2023-02-02,140.0,140.46,138.0,138.94,11822064,-0.004667369259932073,0.0910080562236235,0.20171256405348367,0.19562789766215963,139.588,138.5675,16.285478173987393,18.73,0.0464,0.8599999999999994,0.00018412698412698412
2023-02-03,138.18,142.33,138.13,141.09,11501232,0.015355799360331473,0.15195558390599523,0.20527665704488282,0.19764534172662554,139.74200000000002,138.8545,16.257964718030205,18.33,0.0479,-0.40000000000000213,0.00019007936507936508
2023-02-06,140.23,142.24,140.0313,141.92,8406231,0.0058655339362029685,0.1268799198945516,0.1960535842755117,0.19787282959226174,140.3,139.05349999999999,15.944483774540783,19.43,0.048499999999999995,1.1000000000000014,0.00019246031746031743
2023-02-07,141.38,144.34,141.18,143.65,10447888,0.012116266864029295,0.13983089667146256,0.19841392899463128,0.19679443734191002,141.03799999999998,139.3675,16.161910410685916,18.66,0.048799999999999996,-0.7699999999999996,0.00019365079365079365
2023-02-08,142.65,144.04,142.2763,142.64,6957965,-0.007055811870413703,0.15777799067609954,0.1993795134222666,0.18033089859692666,141.64799999999997,139.5695,15.755397604500287,19.63,0.0487,0.9699999999999989,0.00019325396825396824
2023-02-09,143.12,143.34,139.87,140.42,6443109,-0.015686041965782153,0.2085537313899459,0.20691758251206444,0.1834986394492852,141.94400000000002,139.60899999999998,15.678521745562655,20.71,0.048799999999999996,1.0800000000000018,0.00019365079365079365
2023-02-10,139.78,141.28,138.59,141.04,6582853,0.004405606500512017,0.176847476537648,0.20736223114663402,0.18222464331950022,141.934,139.6865,15.69997879595612,20.53,0.0489,-0.17999999999999972,0.00019404761904761905
2023-02-13,141.3,142.73,140.74,142.57,7134607,0.010789569076254873,0.19021083104876624,0.1907359842660034,0.18253959409895207,142.064,139.6645,15.780467726787435,20.34,0.049100000000000005,-0.19000000000000128,0.00019484126984126987
2023-02-14,142.5,143.81,141.595,143.2,9249399,0.004409147360675576,0.1682121766922152,0.1823126211035138,0.18266040683681958,141.974,139.78449999999998,16.0400691344048,18.91,0.0499,-1.4299999999999997,0.000198015873015873
2023-02-15,141.61,143.89,141.3,143.8,6731172,0.004181190760401332,0.15986794551242783,0.1398351371961984,0.18238429418577617,142.206,140.14600000000002,15.722259832075965,18.23,0.0496,-0.6799999999999997,0.00019682539682539682
2023-02-16,142.91,143.39,141.676,141.82,8165306,-0.013864797411095777,0.14749109205352207,0.1405232610283482,0.18415404878886696,142.486,140.4995,15.915404760720586,20.17,0.0499,1.9400000000000013,0.000198015873015873
2023-02-17,140.98,142.83,140.07,142.24,7948829,0.0029571238897438627,0.14634694461153833,0.14052962439053845,0.1836343259222724,142.726,140.85750000000002,15.888535180183968,20.02,0.05,-0.15000000000000213,0.0001984126984126984
2023-02-21,140.69,141.34,138.75,139.63,9996283,-0.018519704811491147,0.1764219884367893,0.14981114423648215,0.18569635619938477,142.138,140.9755,16.11772388186075,22.87,0.0507,2.8500000000000014,0.0002011904761904762
2023-02-22,138.92,139.43,137.435,138.56,11107501,-0.007692622139978268,0.15946225827803226,0.14982926201587968,0.18525276514752773,141.20999999999998,140.981,16.223131203821456,22.29,0.0507,-0.5800000000000018,0.0002011904761904762
2023-02-23,138.73,140.17,137.94,139.67,8068010,0.00797905250355494,0.17694191755110594,0.15157240704484468,0.185901398641404,140.38400000000001,141.0085,15.903417417520023,21.14,0.050300000000000004,-1.1499999999999986,0.00019960317460317463
2023-02-24,139.11,141.36,138.93,140.93,9126888,0.008980815885739958,0.1856867195441331,0.1533629796981389,0.18287991538552104,140.206,141.05599999999998,16.026735340140714,21.67,0.050499999999999996,0.5300000000000011,0.0002003968253968254
2023-02-27,142.11,143.31,141.7201,142.16,10014654,0.008689870642976029,0.19794288942171176,0.15608166067604054,0.18077158589779402,140.19,141.14799999999997,16.11955997830752,20.95,0.050300000000000004,-0.7200000000000024,0.00019960317460317463
2023-02-28,142.94,143.76,141.9001,143.35,11019757,0.008336008482983014,0.1150857942984498,0.15440704275680656,0.18000019977451154,140.934,141.359,16.21520031062922,20.7,0.050199999999999995,-0.25,0.0001992063492063492
2023-03-01,142.1,143.4583,141.8,142.55,7139155,-0.005596376970697714,0.1002269288742847,0.1554247089788608,0.1778485200565084,141.73200000000003,141.4885,15.781104979973232,20.58,0.0506,-0.120000000000001,0.0002007936507936508
2023-03-02,142.24,142.43,139.54,141.07,11107549,-0.010436594272270129,0.14764249134197024,0.16018039039457121,0.1784385418931147,142.012,141.5625,16.223135525216186,19.59,0.0504,-0.9899999999999984,0.0002
2023-03-03,141.51,143.74,141.08,143.66,9513063,0.018193175560244558,0.18489122211187917,0.17056516440240366,0.17134769301481037,142.558,141.7985,16.068176464683223,18.49,0.050300000000000004,-1.1000000000000014,0.00019960317460317463
2023-03-06,143.44,144.04,142.66,142.82,9261255,-0.0058643005256916285,0.18963588163439793,0.16450760246120713,0.17200839578186752,142.69,141.885,16.041350126596782,18.61,0.050499999999999996,0.120000000000001,0.0002003968253968254
2023-03-07,142.01,142.31,137.81,138.62,11747620,-0.029848719631125183,0.2716595591474607,0.19533207108371003,0.18349327063851315,141.744,141.72,16.279161224846284,19.59,0.052199999999999996,0.9800000000000004,0.00020714285714285713
2023-03-08,138.0,138.59,136.885,137.8,10002548,-0.0059330179102804114,0.27158307678577115,0.1894601488670784,0.1829165455851081,140.794,141.4275,16.118350418502313,19.11,0.0525,-0.4800000000000004,0.00020833333333333332
2023-03-09,136.76,137.35,129.215,130.34,25888097,-0.055656937675323974,0.44459612609946025,0.2684652731001691,0.21597134027440026,138.648,140.8125,17.0692938457431,22.61,0.0518,3.5,0.00020555555555555556
2023-03-10,128.96,135.26,127.82,133.65,37599655,0.02507802168069365,0.47912685361834967,0.2844732653917313,0.2198414994048177,136.64600000000002,140.474,17.442505432786113,24.8,0.049,2.1900000000000013,0.00019444444444444446
2023-03-13,131.21,133.88,129.41,131.25,42901132,-0.018120541113194912,0.47316208335402643,0.2884610886197563,0.22292954804369625,134.332,139.9845,17.574408770496504,26.52,0.043,1.7199999999999989,0.0001706349206349206
2023-03-14,135.28,135.53,131.29,134.62,29648116,0.025352093110833855,0.5360683493780298,0.3023891987765505,0.22882788780320937,133.53199999999998,139.587,17.204909140073827,23.73,0.044500000000000005,-2.789999999999999,0.0001765873015873016
2023-03-15,130.98,130.99,126.73,128.26,34280607,-0.04839654086185033,0.6153533479600753,0.3411436470586106,0.24425737860315955,131.624,138.84,17.35009035865494,26.14,0.04190000000000001,2.41,0.0001662698412698413
2023-03-16,128.01,131.95,126.02,130.75,24570587,0.01922764922431542,0.5210820622535954,0.35085502723859846,0.24714287793872647,131.706,138.1875,17.01706063513587,22.99,0.0449,-3.150000000000002,0.0001781746031746032
2023-03-17,128.38,128.48,125.45,125.81,38395982,-0.0385142705819927,0.5286163388627305,0.3697435702408144,0.25922011261781963,130.138,137.387,17.46346337666662,25.51,0.0426,2.520000000000003,0.00016904761904761904
2023-03-20,126.99,129.47,126.01,127.14,22875505,0.010516009145223113,0.5468158615580277,0.37312741894897805,0.25998510187671503,129.316,136.632,16.94557724538491,24.15,0.0434,-1.360000000000003,0.00017222222222222224
2023-03-21,130.59,131.73,130.19,130.55,17807808,0.02646745363687524,0.5509331913522,0.38641998413106887,0.26475132075311736,128.502,136.178,16.69514757076818,21.38,0.046799999999999994,-2.7699999999999996,0.0001857142857142857
2023-03-22,130.56,130.655,127.08,127.18,17250168,-0.026152889305876108,0.4582921725982268,0.394632598340994,0.2691039492270847,128.286,135.60899999999998,16.663332440524652,22.26,0.045599999999999995,0.8800000000000026,0.00018095238095238093
2023-03-23,127.9,129.53,126.02,126.84,16677640,-0.0026769561691151874,0.4200935482378238,0.3920446525115938,0.2689227280278513,127.50400000000002,134.9675,16.62957945807412,22.61,0.0438,0.34999999999999787,0.0001738095238095238
2023-03-24,125.63,125.68,123.11,124.91,22326916,-0.015332971692328763,0.32985413519175694,0.3901898745654893,0.27046967904996777,127.324,134.16649999999998,16.921303504112558,21.74,0.0432,-0.870000000000001,0.00017142857142857143
2023-03-27,126.79,129.38,126.29,128.49,18853935,0.028257602317571393,0.3890830015395789,0.40585087820991866,0.2767188257811446,127.59400000000001,133.483,16.752232203388,20.6,0.0451,-1.139999999999997,0.00017896825396825398
2023-03-28,128.71,129.3417,127.744,128.88,10820466,0.003030658573329512,0.3273350731240654,0.4039616742196871,0.27651503225004415,127.25999999999999,132.7595,16.19694989884706,19.97,0.0455,-0.6300000000000026,0.00018055555555555555
2023-03-29,130.1,130.22,127.77,129.14,14595260,0.00201534832960184,0.25190315468614455,0.4047954165852333,0.27616976081157035,127.652,132.089,16.496207376431652,19.12,0.045899999999999996,-0.8499999999999979,0.00018214285714285712
2023-03-30,129.95,130.12,127.65,128.75,12134675,-0.0030245476544753236,0.2524133357620921,0.4043152267710928,0.27567857128183415,128.034,131.473,16.31157761474876,19.02,0.0463,-0.10000000000000142,0.00018373015873015874
2023-03-31,129.66,130.34,128.8514,130.31,13105215,0.012043687612969147,0.1956648027157961,0.40029266350065784,0.27616785542060573,129.11399999999998,130.8055,16.388520800556993,18.7,0.0464,-0.3200000000000003,0.00018412698412698412
2023-04-03,129.91,131.44,129.41,130.16,11775388,-0.001151764246032333,0.09236600199811976,0.4004879221956882,0.2758035632940442,129.448,130.17249999999999,16.281522148491607,18.55,0.046,-0.14999999999999858,0.00018253968253968252
2023-04-04,130.5,130.59,127.41,128.42,11579916,-0.01345832054488014,0.14595828827249457,0.3909165954983568,0.2739551729902619,129.356,129.6625,16.264782776196803,19.0,0.045,0.4499999999999993,0.00017857142857142857
2023-04-05,126.8,128.15,126.46,127.61,9614692,-0.006327404620017281,0.14812665910890735,0.39094735481920595,0.2740923211305953,129.05,129.153,16.078802903210608,19.08,0.0443,0.0799999999999983,0.00017579365079365078
2023-04-06,127.0,128.08,126.8553,127.47,8760220,-0.001097694951055126,0.14823304557949182,0.33964071539602614,0.27327672607688097,128.794,129.0095,15.985731576752471,18.4,0.0451,-0.6799999999999997,0.00017896825396825398
2023-04-10,126.54,128.23,126.22,127.89,9477292,0.0032894766503987053,0.10171902340533284,0.3258830659014727,0.2728406159061527,128.31,128.72150000000002,16.06440917941589,18.97,0.04650000000000001,0.5700000000000003,0.00018452380952380955
2023-04-11,128.3,128.94,127.54,128.52,10516267,0.004914014802429163,0.11910627893120229,0.3211838482217546,0.27315259079878007,127.982,128.585,16.168433854391676,19.1,0.0467,0.13000000000000256,0.0001853174603174603
2023-04-12,129.18,130.43,128.0603,128.5,11820995,-0.00015562991238329488,0.06926628075961107,0.3057649134081209,0.2676237112806951,127.998,128.27900000000002,16.285387745756363,19.09,0.0464,-0.010000000000001563,0.00018412698412698412
2023-04-13,128.46,129.04,126.83,128.99,12450242,0.0038059776417704153,0.04165651373211173,0.25304787458789135,0.26630206483776586,128.274,128.3155,16.337250618437086,17.8,0.0466,-1.2899999999999991,0.00018492063492063493
2023-04-14,135.15,139.12,134.9001,138.73,43931328,0.07279471611558926,0.4966636676431919,0.35651943665598534,0.3001746604844377,130.526,128.7145,17.598138245406272,17.07,0.04769999999999999,-0.7300000000000004,0.00018928571428571426
2023-04-17,139.95,140.06,137.66,139.83,15961327,0.007897800960125352,0.4897192455520441,0.32122300616252614,0.29920312208756145,132.914,129.4155,16.585679291892962,16.95,0.048,-0.120000000000001,0.00019047619047619048
2023-04-18,140.27,141.78,139.03,141.4,13760139,0.011165354409713071,0.481252717313827,0.32137155187940003,0.29996344911293665,135.49,130.1285,16.437286492162634,16.83,0.0481,-0.120000000000001,0.00019087301587301586
2023-04-19,141.23,141.5,140.4,141.22,9158112,-0.0012737953742716285,0.4841284208331229,0.3121072970802301,0.2982814214675365,138.03400000000002,130.66199999999998,16.03015060186888,16.46,0.0484,-0.36999999999999744,0.00019206349206349205
2023-04-20,139.91,141.43,139.84,140.81,10586245,-0.002907494158980546,0.4994009267583038,0.29269601000013146,0.2978790725581753,140.398,131.3435,16.175066074907054,17.17,0.04769999999999999,0.7100000000000009,0.00018928571428571426
2023-04-21,139.74,141.11,138.78,140.54,11842537,-0.001919318165168736,0.10263171039917578,0.2924415900119481,0.29776018457835973,140.76,132.0285,16.287208438115464,16.77,0.0478,-0.40000000000000213,0.0001896825396825397
2023-04-24,140.455,141.1,140.04,140.73,7567666,0.0013510152444246857,0.0911982671405693,0.28279662638328246,0.2975096942498812,140.94,132.8195,15.839395255547565,16.89,0.047599999999999996,0.120000000000001,0.00018888888888888888
2023-04-25,139.6,139.96,137.625,137.67,10629325,-0.021983643933624494,0.1497456127341805,0.28647092946833447,0.3008774132299523,140.194,133.27849999999998,16.179127248772318,18.76,0.046,1.870000000000001,0.00018253968253968252
2023-04-26,137.62,137.8093,134.0,135.23,14238908,-0.017882484589583424,0.1667431547681524,0.29632614962007725,0.3025749354370775,138.996,133.59599999999998,16.47148877561437,18.84,0.0464,0.0799999999999983,0.00018412698412698412
2023-04-27,136.0,137.91,135.66,137.05,9041092,0.013368790263526593,0.23015130184963378,0.29885792023952334,0.3036280146440601,138.244,133.9915,16.01729052153323,17.03,0.0478,-1.8099999999999987,0.0001896825396825397
2023-04-28,136.56,138.32,135.67,138.24,9887262,0.008645482306950716,0.25148728673552884,0.29862284163955005,0.3041446889197224,137.78400000000002,134.46599999999998,16.10675781997188,15.78,0.048,-1.2500000000000018,0.00019047619047619048
2023-05-01,142.26,143.37,140.83,141.2,20415762,0.021186020003396155,0.3077318375856895,0.3037879560170991,0.3071095052897457,137.878,135.0105,16.83181780753519,16.08,0.048600000000000004,0.29999999999999893,0.00019285714285714286
2023-05-02,141.4,142.41,138.43,138.92,14113447,-0.016279097183268393,0.2829460101244334,0.31183803134071403,0.3073148772210378,138.128,135.44850000000002,16.462638588820237,17.78,0.047400000000000005,1.7000000000000028,0.00018809523809523813
2023-05-03,138.44,138.6687,135.76,135.98,12930906,-0.021390411777559713,0.29896772672862765,0.3186733694506311,0.31005924521977124,138.278,135.8265,16.37513081789885,18.34,0.047,0.5599999999999987,0.0001865079365079365
2023-05-04,134.96,135.72,131.81,134.12,17089164,-0.013772894500285716,0.2908152804793105,0.3225922245984587,0.31002357120020235,137.69199999999998,136.152,16.653955136399663,20.09,0.045899999999999996,1.75,0.00018214285714285712
2023-05-05,136.44,137.88,135.912,136.74,11261394,0.0193463908876201,0.32837370562556134,0.32770048230806714,0.312584418115143,137.392,136.6155,16.23689097407882,17.19,0.0473,-2.8999999999999986,0.0001876984126984127
2023-05-08,137.49,137.97,136.475,137.07,7484872,0.002410431757641927,0.2651681547838764,0.32772318321215993,0.3110762364781214,136.56599999999997,137.0745,15.828394474821241,16.98,0.0479,-0.21000000000000085,0.00019007936507936508
2023-05-09,135.93,136.95,135.21,136.41,7343573,-0.004826687738260953,0.24899996335076466,0.3289739497391193,0.3110421568008762,136.06400000000002,137.469,15.809336066890586,17.71,0.0481,0.7300000000000004,0.00019087301587301586
2023-05-10,137.95,138.06,134.87,136.48,8133416,0.0005130272383399569,0.19290165819796454,0.3288979988833011,0.3101528079149289,136.164,137.868,15.911491565478094,16.94,0.047,-0.7699999999999996,0.0001865079365079365
2023-05-11,135.0,136.81,134.9,136.05,7057277,-0.0031556185141134977,0.15324950141726956,0.3296027947300664,0.3100051147390198,136.55,138.221,15.769569841019353,16.93,0.047,-0.010000000000001563,0.0001865079365079365
2023-05-12,136.82,136.99,133.13,134.1,9988598,-0.014436674941622589,0.10401459421863254,0.2055209687813699,0.31105987991690937,136.022,137.9895,16.116954800435767,17.03,0.0475,0.10000000000000142,0.0001884920634920635
2023-05-15,134.27,135.67,133.96,135.23,7639451,0.008391242197635608,0.13182034045924557,0.2058337364500749,0.3105220846789236,135.654,137.7595,15.848836299922004,17.12,0.0473,0.08999999999999986,0.0001876984126984127
2023-05-16,135.46,135.9382,133.96,134.32,6483267,-0.006752019715983066,0.1344568085274686,0.20077580812380622,0.31065874238188673,135.236,137.40550000000002,15.68473510794581,17.99,0.048799999999999996,0.8699999999999974,0.00019365079365079365
2023-05-17,135.9,138.5899,135.46,138.45,12711522,0.030284236847685525,0.2761476348752522,0.23225656060871186,0.3149439674330629,135.63000000000002,137.267,16.35801938422613,16.87,0.0492,-1.1199999999999974,0.00019523809523809525
2023-05-18,138.27,139.73,137.76,139.5,10999607,0.007555351644449623,0.2718688400603031,0.23407348908652478,0.3149327479513067,136.32,137.20149999999998,16.213370102851684,16.05,0.050199999999999995,-0.8200000000000003,0.0001992063492063492
2023-05-19,139.79,140.49,138.125,139.18,13492239,-0.0022965418447163117,0.22714847294381466,0.23410835145511386,0.3145403170646779,137.33599999999998,137.13349999999997,16.41762518920779,16.81,0.050199999999999995,0.759999999999998,0.0001992063492063492
2023-05-22,141.0,141.64,137.66,138.03,11402476,-0.008297006581217146,0.2522400804867833,0.23560430724851286,0.31441255092157555,137.89600000000002,136.99849999999998,16.2493410827642,17.21,0.0507,0.40000000000000213,0.0002011904761904762
2023-05-23,137.54,139.03,136.455,136.59,9514897,-0.010487314820686459,0.2635055413116786,0.22531318087868452,0.3145147539487815,138.35,136.9445,16.06836923364066,18.53,0.0506,1.3200000000000003,0.0002007936507936508
2023-05-24,135.4,136.35,135.08,135.34,8577997,-0.009193607210720973,0.11838814686500934,0.2183722135384543,0.31442346077391314,137.728,136.95,15.96471099432703,20.03,0.0512,1.5,0.00020317460317460318
2023-05-25,134.82,136.27,134.58,135.67,8472505,0.0024353356931376365,0.0867843474035346,0.2129017387037134,0.3143482643323891,136.96200000000002,136.881,15.952336772607755,19.14,0.0524,-0.8900000000000006,0.00020793650793650794
2023-05-26,136.11,137.6,135.63,136.94,8579941,0.009317407195699711,0.13826325235288547,0.21329780249003796,0.31437516972079926,136.51399999999998,136.816,15.964937594983626,17.95,0.0525,-1.1900000000000013,0.00020833333333333332
2023-05-30,136.8,137.72,136.02,137.46,7399867,0.003790092000542407,0.13706218847435778,0.19827924250914405,0.31209562170461325,136.4,136.629,15.81697258503991,17.46,0.052199999999999996,-0.48999999999999844,0.00020714285714285713
2023-05-31,136.73,136.84,134.4044,135.71,13750897,-0.0128127096001798,0.14794887084253716,0.1951732672327116,0.3129071631019131,136.224,136.4685,16.436614616312692,17.94,0.0518,0.4800000000000004,0.00020555555555555556
2023-06-01,136.52,138.23,135.445,137.58,12248094,0.013685310004588717,0.15966899854666433,0.18649334359640155,0.3083618435105797,136.672,136.5485,16.32088089101261,15.65,0.051100000000000007,-2.290000000000001,0.0002027777777777778
2023-06-02,139.56,141.48,139.34,140.47,12922471,0.020788376744950227,0.20127150262326265,0.1914869720675009,0.31106320898488804,137.632,136.86599999999999,16.374478291902008,14.6,0.052199999999999996,-1.0500000000000007,0.00020714285714285713
2023-06-05,140.11,140.11,138.13,139.09,8511900,-0.009872737223779644,0.23098754931708027,0.1849929646818193,0.28926024946796103,138.06199999999998,136.9835,15.956975742374253,14.73,0.051699999999999996,0.13000000000000078,0.00020515873015873015
2023-06-06,138.68,140.1,138.2066,139.34,9329541,0.0017957839829340968,0.23105460502844888,0.18493714572704975,0.2849138015184924,138.43800000000002,137.097,16.048696375471877,13.96,0.052000000000000005,-0.7699999999999996,0.00020634920634920637
2023-06-07,139.55,141.27,138.83,140.69,9281389,0.00964189878714888,0.18671109105028502,0.1862035398053936,0.2827557731005039,139.43400000000003,137.311,16.043521770286077,13.94,0.0516,-0.02000000000000135,0.00020476190476190477
2023-06-08,140.67,140.89,139.4807,140.73,7370043,0.00028427261935446015,0.18158925641645962,0.18622211934808436,0.27822492457087267,140.064,137.5235,15.812934098612542,13.65,0.0512,-0.28999999999999915,0.00020317460317460318
2023-06-09,140.35,141.8,140.21,141.01,7253946,0.001987648840662486,0.1107664309792492,0.1853976162630239,0.25869438881018664,140.17199999999997,137.7715,15.797056154628542,13.83,0.051699999999999996,0.17999999999999972,0.00020515873015873015
2023-06-12,141.07,141.32,139.76,141.0,7600196,-7.09194709704047e-05,0.0630124469456748,0.17546775497388184,0.2560812777145086,140.554,138.1165,15.8436845943977,15.01,0.0518,1.1799999999999997,0.00020555555555555556
2023-06-13,140.48,142.87,140.14,142.02,7701567,0.007208002375779398,0.06936393264449114,0.17499125290275017,0.24253609132575793,141.09,138.456,15.85693437261278,14.61,0.0526,-0.40000000000000036,0.00020873015873015873
2023-06-14,143.0,143.61,140.7,141.49,9068729,-0.003738849546086631,0.06326979801943623,0.173207595516889,0.24216240008951637,141.25,138.8145,16.02034267996757,13.88,0.0527,-0.7299999999999986,0.0002091269841269841
2023-06-15,140.59,143.4,140.03,143.09,9343096,0.011244759710782716,0.09425603259456065,0.14348048082908513,0.23749925112859174,141.722,139.04649999999998,16.05014823279455,14.5,0.0521,0.6199999999999992,0.00020674603174603175
2023-06-16,143.05,143.965,142.5,143.26,13813512,0.0011873582676615146,0.09513909217024005,0.14177364847153395,0.23039165490662145,142.172,139.2345,16.44115780152668,13.54,0.0524,-0.9600000000000009,0.00020793650793650794
2023-06-20,142.61,143.0,141.04,142.53,8431008,-0.005108657319365436,0.1112889654557429,0.14307311908769216,0.23065553497849337,142.478,139.402,15.947426895783499,13.88,0.0524,0.34000000000000163,0.00020793650793650794
2023-06-21,142.9,144.02,141.691,142.32,9926459,-0.0014744605093600243,0.1032500076411275,0.13906696935323296,0.2279546478164104,142.538,139.6165,16.11071437625261,13.2,0.0525,-0.6800000000000015,0.00020833333333333332
2023-06-22,142.31,142.6,138.95,139.58,10076325,-0.01944012976857395,0.1769672555293841,0.15232716706910385,0.225590607864285,142.156,139.766,16.125699170797503,12.91,0.0529,-0.28999999999999915,0.00020992063492063494
2023-06-23,138.54,139.18,137.62,138.85,9919539,-0.005243699836197097,0.12653410039560228,0.14941028004895504,0.2259689955394614,141.308,139.9415,16.110017006407016,13.44,0.0525,0.5299999999999994,0.00020833333333333332
2023-06-26,138.87,140.01,137.69,139.19,8429727,0.0024456924865006394,0.13127361655993447,0.14941134656480143,0.22597700808302854,140.494,140.1175,15.947274945112017,14.25,0.0527,0.8100000000000005,0.0002091269841269841
2023-06-27,139.0,139.84,138.54,139.2,8154024,7.184166101012129e-05,0.13788875955499616,0.14638921118574735,0.2258159370990277,139.82800000000003,140.2305,15.914022105697695,13.74,0.0533,-0.5099999999999998,0.00021150793650793651
2023-06-28,139.16,139.21,137.96,138.59,7558644,-0.004391813819608068,0.1350786773787056,0.14706575461125918,0.22498680618911934,139.082,140.28699999999998,15.838202366988511,13.43,0.053200000000000004,-0.3100000000000005,0.00021111111111111113
2023-06-29,140.07,143.56,139.85,143.43,15423230,0.034327177225410635,0.2612138087044221,0.18191804468198813,0.23504380425047866,139.852,140.673,16.551385372387138,13.54,0.0541,0.10999999999999943,0.00021468253968253968
2023-06-30,144.6,146.0,143.66,145.44,14212816,0.013916519123046945,0.24685684602984118,0.18210386033872228,0.23423800880796525,141.17000000000002,141.066,16.469654650742747,13.59,0.054000000000000006,0.05000000000000071,0.0002142857142857143
2023-07-03,146.19,147.48,146.0,146.61,8021622,0.008012369521004613,0.24023070217623868,0.17063033543878733,0.23388440619233156,142.654,141.373,15.897651203783084,13.57,0.054299999999999994,-0.019999999999999574,0.00021547619047619047
2023-07-05,144.94,145.43,144.36,144.64,8935519,-0.013528103306306993,0.2910482047071844,0.1744929156203356,0.23603617200762728,143.742,141.65050000000002,16.00554479106668,14.18,0.054000000000000006,0.6099999999999994,0.0002142857142857143
2023-07-06,143.02,143.39,141.4401,143.21,9714100,-0.009935812153254986,0.30770426988412525,0.17953240009463106,0.23730570668000764,144.666,141.844,16.089088996255263,15.44,0.054400000000000004,1.2599999999999998,0.0002158730158730159
2023-07-07,143.91,145.8436,143.0,144.34,8981456,0.00785954315351592,0.19334505900853852,0.17855197798764125,0.23754291451816598,144.848,142.0265,16.010672565220055,14.83,0.0541,-0.6099999999999994,0.00021468253968253968
2023-07-10,144.5,145.99,144.5,145.15,9100060,0.0055960628265117225,0.16615605367186126,0.1791533682143336,0.23761917418648293,144.79000000000002,142.2475,16.023791564871935,15.07,0.0538,0.2400000000000002,0.0002134920634920635
2023-07-11,146.335,147.82,145.705,147.42,11265592,0.015517965290503822,0.1959640750557981,0.18590598494145869,0.23919993169185347,144.952,142.568,16.237263682620352,14.84,0.054400000000000004,-0.23000000000000043,0.0002158730158730159
2023-07-12,147.45,149.87,147.0,148.15,11323228,0.004939618258431531,0.14679260749141962,0.18593684752552259,0.1888119098431112,145.654,142.9255,16.24236674909981,13.54,0.0535,-1.3000000000000007,0.0002123015873015873
2023-07-13,148.7,149.37,147.75,148.87,11234925,0.004848167869391589,0.07157254706232781,0.18532753412601083,0.1884456846227061,146.786,143.268,16.234537788011863,13.61,0.0527,0.07000000000000028,0.0002091269841269841
2023-07-14,151.55,152.89,148.41,149.77,27028429,0.006027342115338453,0.07257448489080964,0.184307658147881,0.18755911728226587,147.872,143.682,17.11239979595683,13.34,0.053399999999999996,-0.2699999999999996,0.0002119047619047619
2023-07-17,150.35,153.75,150.35,153.38,17262394,0.023817718332408862,0.1337614416318818,0.19688327218007792,0.1932465005970437,149.518,144.19650000000001,16.664040936202916,13.48,0.0533,0.14000000000000057,0.00021150793650793651
2023-07-18,153.38,154.4,152.82,153.66,13491725,0.0018238671027756643,0.14000015256385898,0.19679824511069943,0.19304164685890512,150.76600000000002,144.7165,16.417587092507095,13.3,0.053200000000000004,-0.17999999999999972,0.00021111111111111113
2023-07-19,152.75,155.205,152.22,154.25,12510000,0.003832293346008324,0.14187841293882,0.1941497319544193,0.19297202926062895,151.98600000000002,145.3025,16.342038882443095,13.76,0.053200000000000004,0.4599999999999991,0.00021111111111111113
2023-07-20,154.53,156.59,154.41,156.15,9935907,0.012242420943590392,0.14100891305498864,0.19516840392132456,0.19421065445996888,153.44199999999998,145.994,16.111665723208212,13.99,0.0535,0.23000000000000043,0.0002123015873015873
2023-07-21,155.8,156.14,154.69,154.95,10636378,-0.0077145994953304355,0.1884099894501194,0.17981723347026546,0.18889700111935886,154.478,146.7625,16.179790570390097,13.6,0.0535,-0.39000000000000057,0.0002123015873015873
2023-07-24,154.97,158.785,154.73,158.0,14381425,0.019492548793209535,0.16482468782592946,0.18214267688080724,0.18764452438305212,155.402,147.71999999999997,16.481448001314114,13.91,0.0538,0.3100000000000005,0.0002134920634920635
2023-07-25,157.3,157.7198,155.96,156.82,9944679,-0.007496382224190912,0.1907185128961987,0.18836159474396047,0.18739908480812797,156.034,148.60150000000002,16.112548192222885,13.86,0.0538,-0.05000000000000071,0.0002134920634920635
2023-07-26,156.71,158.25,156.275,157.76,8728593,0.005976240051549329,0.1911561203360795,0.18707398476689024,0.18708933644749315,156.736,149.52949999999998,15.982114746441885,13.19,0.0537,-0.6699999999999999,0.00021309523809523808
2023-07-27,157.77,158.78,155.5538,156.02,10778406,-0.01109068669415806,0.2030215954368386,0.19353180920455848,0.18477955839490182,156.70999999999998,150.401,16.193055246092513,14.41,0.054000000000000006,1.2200000000000006,0.0002142857142857143
2023-07-28,157.28,157.6,156.4401,156.91,9105974,0.005688188410809629,0.193712735332775,0.1618976784924357,0.18111674750006043,157.102,151.075,16.02444123961252,13.33,0.0537,-1.08,0.00021309523809523808
2023-07-31,157.18,159.38,157.151,157.96,8894353,0.0066694438474717965,0.13557114811946727,0.15830577192803813,0.17463233527957595,157.094,151.701,16.0009271389436,13.63,0.0537,0.3000000000000007,0.00021309523809523808
2023-08-01,157.43,158.0,156.15,157.18,6855682,-0.004950190980419755,0.1277401267134611,0.16075617077250287,0.1720382313889455,157.166,152.2295,15.740588355453585,13.93,0.0538,0.29999999999999893,0.0002134920634920635
2023-08-02,155.56,155.69,153.94,155.4,8303708,-0.011389207504481755,0.1394390446260371,0.15790869607156863,0.17082029856924819,156.69400000000002,152.76749999999998,15.932212719993053,16.09,0.0536,2.16,0.0002126984126984127
2023-08-03,155.0,156.92,154.35,156.35,6087542,0.0060946459703030845,0.1297704036003814,0.14974126925019762,0.1710127042722602,156.76000000000002,153.4245,15.621754945733166,15.92,0.0537,-0.16999999999999993,0.00021309523809523808
2023-08-04,156.4,157.8,155.695,156.02,6209397,-0.0021128797436830615,0.12137454807633387,0.15085590981359936,0.17062688613197044,156.582,154.0085,15.641574347745735,17.1,0.0533,1.1800000000000015,0.00021150793650793651
2023-08-07,156.6,157.7,156.6,156.76,7251832,0.0047317691712636094,0.11408302373919386,0.15075748104944486,0.17066369492349573,156.342,154.589,15.796764684565376,15.77,0.053,-1.3300000000000018,0.00021031746031746032
2023-08-08,154.32,155.98,152.59,155.88,8623379,-0.0056294928609222274,0.11546145563085942,0.14770228867231153,0.17107683275504132,156.082,155.012,15.969987561189395,15.99,0.0535,0.22000000000000064,0.0002123015873015873
2023-08-09,155.32,155.52,153.47,153.79,6277813,-0.013498445018676315,0.12704711446010522,0.15826605614746245,0.1706959251843683,155.76,155.294,15.65253222938418,15.96,0.0535,-0.02999999999999936,0.0002123015873015873
2023-08-10,154.38,155.44,153.09,153.56,5995076,-0.001496665319235141,0.1059413709458218,0.15828400901911965,0.17038728599684028,155.202,155.5285,15.606449023594422,15.85,0.0533,-0.11000000000000121,0.00021150793650793651
2023-08-11,153.03,154.52,152.63,154.45,5180690,0.005779049231993587,0.12586706382513888,0.1581933029529492,0.16953403917084947,154.888,155.7625,15.46044880999792,14.84,0.0536,-1.0099999999999998,0.0002126984126984127
2023-08-14,153.61,154.9178,152.92,154.77,5044282,0.002069724560077719,0.11804274369255349,0.13465454980367322,0.15920777935885,154.49,155.832,15.433765882513669,14.82,0.0537,-0.019999999999999574,0.00021309523809523808
2023-08-15,152.85,153.2664,150.2301,150.83,10300303,-0.02578676914450724,0.20547659808222812,0.16349918523114523,0.16850307702319514,153.48000000000002,155.6905,16.147683870242908,16.46,0.0536,1.6400000000000006,0.0002126984126984127
2023-08-16,150.6,150.96,149.68,150.19,6978235,-0.004252215562671586,0.19615560256147077,0.16289365887387497,0.16872895252814415,152.76000000000002,155.4875,15.758306577433215,16.78,0.0537,0.3200000000000003,0.00021309523809523808
2023-08-17,150.88,151.2622,148.4,148.63,9953912,-0.01044116305668581,0.19712159235197946,0.15763474276780917,0.1693043979408422,151.774,155.1115,16.11347619769449,17.89,0.0536,1.1099999999999994,0.0002126984126984127
2023-08-18,147.65,149.5,147.4437,148.97,8517460,0.002284947230698048,0.18453926381662117,0.15721607046313132,0.1675421195316236,150.67800000000003,154.8125,15.957628732292553,17.3,0.0535,-0.5899999999999999,0.0002123015873015873
2023-08-21,149.65,150.105,148.02,149.48,8327018,0.003417661225781536,0.1890104380660658,0.13719282295499433,0.16610881456761703,149.61999999999998,154.3865,15.935015966858469,17.13,0.0537,-0.1700000000000017,0.00021309523809523808
2023-08-22,149.26,149.6394,145.85,146.38,9681972,-0.0209566244442021,0.15949959366932015,0.15096918175187035,0.17243730077787256,148.73000000000002,153.8645,16.085776157513124,16.97,0.053899999999999997,-0.16000000000000014,0.00021388888888888887
2023-08-23,146.35,147.585,145.46,147.37,7858021,0.006740451052090528,0.18421898275172255,0.15162463393626593,0.17200372953214393,148.166,153.345,15.877045351532706,15.98,0.0535,-0.9899999999999984,0.0002123015873015873
2023-08-24,147.5,149.41,146.9875,147.23,6534026,-0.0009504413478544772,0.1747106673621456,0.1490593179655497,0.1719759535605484,147.886,152.90550000000002,15.692533850321032,17.2,0.053899999999999997,1.2199999999999989,0.00021388888888888887
2023-08-25,147.28,148.6199,145.85,147.05,6695537,-0.0012233248773130207,0.17116482596761176,0.14576057542826304,0.16958208242306194,147.502,152.4125,15.716951743002108,15.68,0.054400000000000004,-1.5199999999999996,0.0002158730158730159
2023-08-28,147.57,148.61,147.13,147.56,5094201,0.003462207728470791,0.17126366464704526,0.1432908646639702,0.1676863355142222,147.118,151.89249999999998,15.443613391929187,15.08,0.054400000000000004,-0.5999999999999996,0.0002158730158730159
2023-08-29,147.71,148.85,147.18,148.76,6336962,0.008099396328394314,0.06799975924493717,0.14880587623107944,0.1633037884373154,147.594,151.4715,15.66191003175935,14.45,0.0537,-0.6300000000000008,0.00021309523809523808
2023-08-30,148.62,149.15,147.19,148.16,6277318,-0.004041498158999961,0.07555165268255229,0.14539655959279085,0.16208500844200957,147.752,151.1095,15.652453377160295,13.88,0.053899999999999997,-0.5699999999999985,0.00021388888888888887
2023-08-31,148.26,148.35,145.96,146.33,10933938,-0.012428425793534039,0.12356744060772817,0.14593344546762702,0.164411242053276,147.572,150.6085,16.207382088035054,13.57,0.0537,-0.3100000000000005,0.00021309523809523808
2023-09-01,146.09,148.08,145.7,146.82,7903496,0.0033430015783000467,0.12775581472293154,0.147800945990262,0.1634710525356953,147.526,150.1485,15.882815751194569,13.09,0.0536,-0.4800000000000004,0.0002126984126984127
2023-09-05,147.16,148.2099,145.01,145.2,7854739,-0.011095244291939593,0.1416952242469493,0.14744149395417958,0.16525168673120336,147.054,149.57049999999998,15.876627601876027,14.01,0.0542,0.9199999999999999,0.00021507936507936506
2023-09-06,144.7,145.54,144.11,144.96,8629164,-0.0016542600960263538,0.1046689575253537,0.14747329356172625,0.16528219221427815,146.294,149.02450000000002,15.970658186988365,14.45,0.054400000000000004,0.4399999999999995,0.0002158730158730159
2023-09-07,144.13,145.2683,143.39,143.72,8373738,-0.008590880049351235,0.10653075284769614,0.14410881013551188,0.16631822928568757,145.406,148.521,15.94061093775388,14.4,0.054000000000000006,-0.049999999999998934,0.0002142857142857143
2023-09-08,143.37,144.12,142.65,143.83,7110254,0.0007650843704799206,0.09786181343567292,0.14472442825609486,0.16570128124323819,144.906,148.03449999999998,15.777048525473251,13.84,0.0542,-0.5600000000000005,0.00021507936507936506
2023-09-11,144.75,145.05,143.69,144.46,6854220,0.0043706060069029495,0.10251459603492592,0.14363831064052796,0.16570906339270405,144.434,147.535,15.740375078946498,13.8,0.054000000000000006,-0.03999999999999915,0.0002142857142857143
2023-09-12,144.5,147.32,144.05,146.34,8363165,0.012930028833183175,0.1257950086715308,0.15387500439571503,0.16621768760910652,144.662,147.1135,15.939347501931081,14.23,0.0542,0.4299999999999997,0.00021507936507936506
2023-09-13,147.34,147.7,145.82,146.41,8325914,0.0004782237495067751,0.12324294140105001,0.12788546744552654,0.16620922527973855,144.952,146.89249999999998,15.934883377594113,13.48,0.0542,-0.75,0.00021507936507936506
2023-09-14,147.84,149.895,147.52,149.25,10034931,0.019211847067320625,0.1306870791174466,0.14686981236213914,0.170214844497378,146.058,146.8455,16.121582664254706,12.82,0.0542,-0.6600000000000001,0.00021507936507936506
2023-09-15,148.92,149.7256,148.31,148.81,19863383,-0.002952427830752614,0.14475592115336686,0.14235730471168703,0.17032491745671074,147.05400000000003,146.8545,16.80438854447146,13.79,0.054299999999999994,0.9699999999999989,0.00021547619047619047
2023-09-18,148.16,149.14,147.75,149.12,6512360,0.002081026495322098,0.14805924306374094,0.14231687750010713,0.16506153655433883,147.98600000000002,146.86200000000002,15.689212467691771,14.0,0.054400000000000004,0.21000000000000085,0.0002158730158730159
2023-09-19,149.5,149.72,147.21,148.93,7945606,-0.0012749540395047615,0.14252629310957945,0.14181817407758926,0.16460963941869977,148.504,146.8345,15.888129629430617,14.11,0.0545,0.10999999999999943,0.00021626984126984128
2023-09-20,149.65,150.25,148.135,148.3,7334257,-0.0042391477538898,0.15243566558371907,0.1200925513209334,0.1649577502909587,148.882,146.9305,15.808066669268326,15.14,0.0547,1.0300000000000011,0.00021706349206349206
2023-09-21,147.58,148.855,146.63,147.14,8053410,-0.00785273463976821,0.0581987155966693,0.12144340631421904,0.16595625695499613,148.46,146.919,15.901606162185015,17.54,0.0546,2.3999999999999986,0.00021666666666666668
2023-09-22,147.29,147.51,145.19,145.73,7071975,-0.009628919958513053,0.07564286631333546,0.12608847447459248,0.16701650655585923,147.844,146.844,15.771650348225494,17.2,0.0546,-0.33999999999999986,0.00021666666666666668
2023-09-25,145.35,146.52,143.7,146.45,7044672,0.004928478728137282,0.0915306904389764,0.1275110675924919,0.15203297614907746,147.31,146.814,15.767782144388626,16.9,0.0545,-0.3000000000000007,0.00021626984126984128
2023-09-26,144.6,145.84,144.23,144.93,7468405,-0.010433206039317394,0.09953193394912563,0.1316829949302606,0.15093635350116955,146.51,146.6825,15.826192013560535,18.94,0.0545,2.0400000000000027,0.00021626984126984128
2023-09-27,145.19,146.09,144.5115,145.78,6717822,0.005847768719641787,0.128714073641316,0.12987235398234154,0.15050655796000575,146.006,146.5335,15.720274552822403,18.22,0.054900000000000004,-0.7200000000000024,0.00021785714285714287
2023-09-28,146.28,148.87,146.01,147.59,8868063,0.012339523239617584,0.16080591923836046,0.13759138161174542,0.14998059466171343,146.096,146.505,15.997966953887962,17.34,0.0546,-0.879999999999999,0.00021666666666666668
2023-09-29,148.6,148.76,144.86,145.02,11917826,-0.017566495250237856,0.1981792793707035,0.14467784119229674,0.1529977962602216,145.954,146.4395,16.29354582041742,17.52,0.0546,0.17999999999999972,0.00021666666666666668
2023-10-02,144.83,145.6223,142.63,143.77,9170644,-0.008656863508945484,0.1961340664603743,0.14676101219587345,0.15321451296701302,145.418,146.28699999999998,16.03151807077434,17.61,0.054900000000000004,0.08999999999999986,0.00021785714285714287
2023-10-03,143.2,143.59,142.355,142.71,9431118,-0.007400201322201292,0.19067434664584185,0.143965957302118,0.1534779748902255,144.97400000000002,146.1625,16.059525205376495,19.78,0.054900000000000004,2.1700000000000017,0.00021785714285714287
2023-10-04,143.19,143.47,141.93,143.35,8128748,0.004474593217078924,0.1868309468014645,0.14515906350741237,0.1502569039641489,144.488,146.082,15.91091747212518,18.58,0.0542,-1.2000000000000028,0.00021507936507936506
2023-10-05,142.04,143.1,140.83,142.9,8576237,-0.0031441073935570404,0.12789201662303223,0.14242335307356846,0.1499275504734102,143.55,146.041,15.964505797172068,18.49,0.053899999999999997,-0.08999999999999986,0.00021388888888888887
2023-10-06,142.91,145.88,142.14,145.1,10270621,0.01527807495432039,0.15734400393399162,0.15278412535004146,0.15303819365605864,143.56599999999997,146.10449999999997,16.144798047457382,17.45,0.054299999999999994,-1.0399999999999991,0.00021547619047619047
2023-10-09,143.66,145.395,143.5005,144.77,6964907,-0.002276883724189849,0.14057346803227638,0.15233711415306664,0.15248747104880428,143.76600000000002,146.12,15.756394812630228,17.7,0.054299999999999994,0.25,0.00021547619047619047
2023-10-10,145.42,146.77,145.28,145.65,11288769,0.006060207239491479,0.11828146100595208,0.14650776539220126,0.14449231079439823,144.35399999999998,146.0855,16.239318895637304,17.03,0.0537,-0.6699999999999982,0.00021309523809523808
2023-10-11,146.51,147.23,145.02,146.15,8698175,0.0034270081518113543,0.11829419196280568,0.1470713349689636,0.14465684313821367,144.91400000000002,146.07250000000002,15.978623791505042,16.09,0.0538,-0.9400000000000013,0.0002134920634920635
2023-10-12,146.3,146.96,145.13,145.81,10484436,-0.002329087229061033,0.11535516904278328,0.12825001125809277,0.14435852824801623,145.496,145.90050000000002,16.165402429741178,16.69,0.054299999999999994,0.6000000000000014,0.00021547619047619047
2023-10-13,148.5,153.11,147.84,148.0,29487199,0.014907869435921149,0.1130890483975378,0.14007480455064789,0.14549683409379738,146.07600000000002,145.85999999999999,17.199466794930835,19.32,0.0541,2.629999999999999,0.00021468253968253968
2023-10-16,149.45,149.52,146.72,147.85,12663461,-0.0010140274656288567,0.10898369273832982,0.1398155654021097,0.14480145900248953,146.692,145.79649999999998,16.3542313180453,17.21,0.0542,-2.1099999999999994,0.00021507936507936506
2023-10-17,147.57,149.31,146.79,147.53,11482739,-0.002166701369010588,0.11563356165325413,0.13992303125567015,0.13851571392605155,147.068,145.72650000000002,16.256355509248074,17.88,0.0548,0.6699999999999982,0.00021746031746031747
2023-10-18,146.59,147.48,145.37,145.91,9620257,-0.011041551653544536,0.1495003871744219,0.14436482005791018,0.13939800833467875,147.02,145.607,16.07938153746176,19.22,0.0547,1.3399999999999999,0.00021706349206349206
2023-10-19,145.48,147.02,144.88,145.29,11143631,-0.004258248192683612,0.15173720803778348,0.14259280729194435,0.13872338858155595,146.916,145.5145,16.22637868190505,21.4,0.054400000000000004,2.1799999999999997,0.0002158730158730159
2023-10-20,144.57,145.14,142.12,142.95,13332867,-0.01623682631492664,0.10298475131625377,0.14986587125535475,0.1406507197915137,145.906,145.37550000000002,16.40574274779846,21.71,0.0541,0.3100000000000023,0.00021468253968253968
2023-10-23,142.94,143.68,140.73,141.0,10133410,-0.013735028390152407,0.09621744246705298,0.1546995736297378,0.14206125023128954,144.536,145.103,16.131348443469193,20.37,0.0542,-1.3399999999999999,0.00021507936507936506
2023-10-24,141.19,141.73,140.36,141.17,8881354,0.001204947517939997,0.11375805667292209,0.15166761858788946,0.14111097852484505,143.26399999999998,144.915,15.999464580822321,18.97,0.0541,-1.4000000000000021,0.00021468253968253968
2023-10-25,140.57,141.18,139.51,140.4,8242565,-0.00546934630439741,0.11376013006540385,0.14988920786030158,0.14116333539060588,142.16199999999998,144.64600000000002,15.924822139853859,20.19,0.054299999999999994,1.2200000000000024,0.00021547619047619047
2023-10-26,139.76,141.665,139.43,140.76,9109431,0.0025608208616736505,0.13505987497015562,0.1413617340868068,0.14004083176531681,141.256,144.30450000000002,16.024820808449064,20.68,0.053899999999999997,0.48999999999999844,0.00021388888888888887
2023-10-27,138.95,139.1,135.19,135.69,17434717,-0.03668344029552287,0.2546000491971106,0.17970681880542655,0.1564209591280677,139.804,143.83800000000002,16.673974006242343,21.27,0.053899999999999997,0.5899999999999999,0.00021388888888888887
2023-10-30,136.44,138.04,136.04,137.42,9855540,0.012669057445068382,0.29823597228576304,0.1871061121888775,0.15942617801700498,139.088,143.5205,16.103544291588342,19.75,0.0541,-1.5199999999999996,0.00021468253968253968
2023-10-31,137.71,139.24,137.4728,139.06,9672460,0.011863565067941964,0.3212420313776281,0.19250232690399555,0.1613923595931,138.666,143.33800000000002,16.08479323011274,18.14,0.054400000000000004,-1.6099999999999994,0.0002158730158730159
2023-11-01,139.25,140.53,138.47,138.94,9432048,-0.0008633094061369258,0.32068595918697046,0.19130904542485683,0.16122965423321176,138.374,143.1175,16.05962381024492,16.87,0.0537,-1.2699999999999996,0.00021309523809523808
2023-11-02,140.09,141.48,139.23,141.42,10186175,0.017692000911359723,0.351065350123351,0.20296579144031968,0.16430243052102347,138.506,143.0435,16.136541966722852,15.66,0.0538,-1.2100000000000009,0.0002134920634920635
2023-11-03,142.19,143.77,141.85,143.0,9538719,0.011110444083812619,0.10876826581160581,0.19916675530595565,0.16628938836681945,139.968,142.9385,16.07086975767898,14.91,0.0529,-0.75,0.00020992063492063494
2023-11-06,143.17,144.19,142.79,144.08,7625063,0.007524070607793356,0.10841990381418963,0.20118472412202293,0.1666397222055121,141.3,142.904,15.846951142718698,14.89,0.0533,-0.019999999999999574,0.00021150793650793651
2023-11-07,143.51,144.2612,142.82,144.01,6297915,-0.00048595925840948966,0.1253383631820061,0.1998034611222437,0.16651052547040418,142.29000000000002,142.822,15.655729184203983,14.81,0.0533,-0.08000000000000007,0.00021150793650793651
2023-11-08,144.11,144.84,143.62,144.72,7618169,0.004918099477748396,0.10802563426557896,0.20026827211612658,0.1588609330543086,143.446,142.7505,15.84604661007496,14.45,0.053399999999999996,-0.3600000000000012,0.0002119047619047619
2023-11-09,145.44,145.6499,143.7,144.29,7992477,-0.00297567777787535,0.09140003834017188,0.20036008590473464,0.1587601548656029,144.02,142.6745,15.894011282214151,15.29,0.053899999999999997,0.8399999999999999,0.00021388888888888887
2023-11-10,144.94,146.48,144.0765,146.43,7983935,0.014722335258001592,0.11063066223261558,0.200171549938125,0.16050987337169997,144.706,142.596,15.892941955657731,14.17,0.0538,-1.1199999999999992,0.0002134920634920635
2023-11-13,145.7,146.25,145.16,145.78,6676364,-0.004448862613099008,0.12355114676983703,0.20065171746645372,0.16064909558531096,145.046,142.4925,15.714084085944368,14.76,0.0537,0.5899999999999999,0.00021309523809523808
2023-11-14,146.68,149.25,146.52,148.44,9927723,0.018082200238329925,0.16129487296572945,0.2112870237884412,0.16487771415606226,145.932,142.53799999999998,16.11084170459096,14.16,0.0524,-0.5999999999999996,0.00020793650793650794
2023-11-15,148.46,150.16,148.46,149.74,8365296,0.008719620610142483,0.16185677780739272,0.20883846073566917,0.1600012268790514,146.93599999999998,142.7295,15.939602277311975,14.18,0.0527,0.019999999999999574,0.0002091269841269841
2023-11-16,150.09,151.525,150.09,151.45,8126188,0.011355080670707092,0.1373339704517749,0.2106772604904089,0.16106094616637734,148.368,143.0375,15.910602490876263,14.32,0.052300000000000006,0.14000000000000057,0.00020753968253968256
2023-11-17,152.2,152.86,151.54,152.82,7814064,0.009005220746174452,0.12992328868843991,0.20037747872185935,0.16197954690880315,149.64600000000002,143.531,15.87143574499105,13.8,0.0524,-0.5199999999999996,0.00020793650793650794
2023-11-20,152.08,153.75,151.92,153.29,7020349,0.0030707939585953854,0.08614396724954829,0.189996305302286,0.1620097619278139,151.148,144.1455,15.764323489865955,13.41,0.0525,-0.39000000000000057,0.00020833333333333332
2023-11-21,153.2,153.63,152.57,152.97,7083506,-0.0020897284428419765,0.08663169516018372,0.19103730093375895,0.1620039278609095,152.054,144.7355,15.773279540840077,13.35,0.0524,-0.0600000000000005,0.00020793650793650794
2023-11-22,153.41,153.88,152.9,153.33,5175135,0.0023506377131239115,0.08588823191017307,0.18787926254295748,0.161294141947343,152.772,145.382,15.45937598373197,12.85,0.0526,-0.5,0.00020873015873015873
2023-11-24,153.59,154.438,153.275,153.54,3496941,0.0013686579514544694,0.06385463725912173,0.18808200347674414,0.16102374525477336,153.19,146.021,15.067399144298953,12.46,0.0527,-0.3899999999999988,0.0002091269841269841
2023-11-27,153.43,153.53,152.71,153.19,6259116,-0.0022821383751476434,0.03987161464288271,0.11334019897291142,0.15884673768315188,153.264,146.896,15.64954951904713,12.69,0.0524,0.22999999999999865,0.00020793650793650794
2023-11-28,153.22,153.87,152.72,153.54,6582937,0.002282138375147703,0.03693246173395551,0.11129187141590229,0.15878802660447858,153.314,147.702,15.699991556299405,12.69,0.0521,0.0,0.00020674603174603175
2023-11-29,154.17,155.625,154.0,154.32,9126053,0.005067249197721177,0.042038512603721725,0.10876087464944217,0.1570857344409564,153.584,148.46499999999997,16.026643848035352,12.98,0.0512,0.2900000000000009,0.00020317460317460318
2023-11-30,154.91,156.13,154.381,156.08,9869790,0.011340327717382297,0.08069914927502636,0.10835424236644975,0.15839446579757735,154.134,149.322,16.10498913458757,12.92,0.0516,-0.0600000000000005,0.00020476190476190477
2023-12-01,155.82,157.86,155.82,156.84,8916001,0.00485748110927516,0.0785150264307627,0.09885884834072654,0.15722585095153735,154.794,150.09300000000002,16.003358085645807,12.63,0.050499999999999996,-0.28999999999999915,0.0002003968253968254
2023-12-04,156.02,158.05,155.88,157.99,9607465,0.007305562460626798,0.053877540919824336,0.0967283923711778,0.1576738203900912,155.754,150.8425,16.07805095842725,13.08,0.051,0.4499999999999993,0.00020238095238095236
2023-12-05,157.26,158.5,156.97,157.97,9135597,-0.0001265983037518521,0.06614640958043594,0.09786967993837212,0.15760138134468032,156.64000000000001,151.537,16.027689098696595,12.85,0.0506,-0.23000000000000043,0.0002007936507936508
2023-12-06,158.84,159.22,156.0,156.31,9282393,-0.010563926673626014,0.13384294701339036,0.11053651910844994,0.1576721728208699,157.038,152.152,16.043629937899873,12.97,0.0507,0.120000000000001,0.0002011904761904762
2023-12-07,156.69,157.31,156.15,156.79,8130874,0.00306611546497922,0.1105133037868276,0.11054974394988762,0.15771788265730946,157.18,152.7555,15.911178978820983,13.06,0.050499999999999996,0.08999999999999986,0.0002003968253968254
2023-12-08,157.26,158.78,156.98,158.52,7369370,0.010973437949875212,0.13092792317817775,0.10995374265306594,0.1545583612117587,157.51600000000002,153.467,15.812842778829255,12.35,0.0513,-0.7100000000000009,0.00020357142857142856
2023-12-11,158.52,159.3,158.15,159.1,8093908,0.0036521670215068427,0.12422878953787832,0.10340061928116859,0.1544288171084957,157.738,154.10049999999998,15.906622237909069,12.63,0.051399999999999994,0.28000000000000114,0.00020396825396825393
2023-12-12,159.23,160.645,158.88,160.52,10222978,0.00888561005497484,0.13338850331209637,0.09945243410330937,0.15523826261304988,158.248,154.8375,16.140148489726663,12.07,0.051399999999999994,-0.5600000000000005,0.00020396825396825393
2023-12-13,160.52,162.03,159.77,161.06,12379098,0.00335842096868278,0.05841244213375465,0.08626115327381458,0.15520961939160371,159.198,155.4685,16.331519963115618,12.19,0.049400000000000006,0.11999999999999922,0.00019603174603174606
2023-12-14,161.83,164.8399,161.705,163.99,13642990,0.018028483987955445,0.09585551852801497,0.09837960852450653,0.15848654307053237,160.638,156.18099999999998,16.428736394568123,12.48,0.049,0.2900000000000009,0.00019444444444444446
2023-12-15,163.08,165.28,162.39,165.23,20309348,0.00753299230754501,0.09444859837620802,0.09577155998821983,0.15766998888084363,161.98,156.87,16.82659183062867,12.28,0.0495,-0.20000000000000107,0.00019642857142857144
2023-12-18,165.92,167.13,165.63,166.23,8469608,0.006033928884468486,0.08839775327788879,0.09442905248204933,0.15602335491948777,163.406,157.5405,15.951994784565503,12.56,0.0495,0.28000000000000114,0.00019642857142857144
2023-12-19,166.0,168.47,165.55,168.45,9267002,0.013266598305193807,0.09405570921397069,0.09959799482065042,0.1575756524915556,164.992,158.2985,16.04197047638838,12.53,0.0493,-0.030000000000001137,0.00019563492063492062
2023-12-20,167.99,169.41,166.45,166.55,10734709,-0.011343405212873124,0.17715493672855442,0.11255720982612005,0.1579013081904969,166.09,158.97750000000002,16.18899288133561,13.67,0.048799999999999996,1.1400000000000006,0.00019365079365079365
2023-12-21,166.84,168.09,165.675,167.5,7601678,0.005687786625432477,0.1464589964614142,0.11243252402758057,0.1578863703551613,166.792,159.686,15.843879570359835,13.65,0.0484,-0.019999999999999574,0.00019206349206349205
2023-12-22,167.5,168.23,167.23,167.4,6576322,-0.0005971932097461632,0.1463003531354933,0.1133528119935693,0.15659875932230366,167.226,160.37900000000002,15.6989861804561,13.03,0.0482,-0.620000000000001,0.00019126984126984127
2023-12-26,167.46,168.765,167.18,168.39,4683605,0.005896559566842635,0.1461009010716561,0.11072071864231565,0.15130680431708673,167.658,161.139,15.35957867051101,12.99,0.0483,-0.03999999999999915,0.00019166666666666667
2023-12-27,167.84,169.47,167.58,169.4,5678572,0.005980064595736465,0.11921362566299842,0.11041396372083029,0.1496656091658732,167.848,161.93200000000002,15.552210350638228,12.43,0.0479,-0.5600000000000005,0.00019007936507936508
2023-12-28,169.35,170.66,168.995,170.3,6320129,0.005298805450688544,0.0450122269727735,0.11042125533560858,0.14824890407444397,168.598,162.731,15.659250177307136,12.47,0.0482,0.040000000000000924,0.00019126984126984127
2023-12-29,170.0,170.69,169.63,170.1,6435102,-0.0011750882668266056,0.05772627012053498,0.10971418800219732,0.14845205957249782,169.118,163.43200000000002,15.677278249702592,12.45,0.0479,-0.02000000000000135,0.00019007936507936508
2024-01-02,169.09,172.17,168.91,172.08,9977424,0.011572985557658564,0.07181573774164893,0.11271462913569757,0.1489762645683617,170.054,164.19400000000002,16.115835498737454,13.2,0.048,0.75,0.00019047619047619048
2024-01-03,171.86,172.04,170.37,171.33,9852335,-0.00436796361459336,0.09986866871827217,0.116598309799523,0.14754896917160076,170.642,164.86100000000002,16.10321904089254,14.04,0.0481,0.8399999999999999,0.00019087301587301586
2024-01-04,170.64,173.35,170.54,171.41,11972545,0.0004668261740842023,0.09877405530874714,0.11633490688591046,0.14725501760964668,171.044,165.533,16.298126669805328,14.13,0.048499999999999995,0.09000000000000163,0.00019246031746031743
2024-01-05,171.47,173.38,171.47,172.27,10038385,0.00500466593931219,0.09824319249629361,0.10266013175442823,0.14717153276043202,171.43800000000002,166.331,16.121926802715347,13.35,0.0484,-0.7800000000000011,0.00019206349206349205
2024-01-08,172.02,172.36,169.485,172.02,11229916,-0.0014522643349442826,0.09887856953915798,0.10493559730594167,0.14742190134408373,171.82200000000003,167.0925,16.23409184672227,13.08,0.0482,-0.2699999999999996,0.00019126984126984127
2024-01-09,171.62,171.79,170.095,170.66,9923630,-0.007937476014894765,0.0776570353361779,0.1110766254643276,0.14868437208698665,171.538,167.6995,16.110429339745302,12.76,0.0482,-0.3200000000000003,0.00019126984126984127
2024-01-10,170.0,171.08,168.95,171.02,9670218,0.0021072356193704354,0.07702069007390815,0.11121881880647033,0.14646465470450515,171.476,168.2955,16.084561411125726,12.69,0.0482,-0.07000000000000028,0.00019126984126984127
2024-01-11,170.33,170.36,168.6401,170.3,11919498,-0.004218921059166627,0.08092786023605307,0.11269584626133913,0.1469311443509247,171.25400000000002,168.7845,16.293686104620694,12.44,0.0475,-0.25,0.0001884920634920635
2024-01-12,173.8,176.31,168.9,169.05,19436504,-0.007367058514747588,0.06660767634867824,0.1184721159234259,0.1479975032930085,170.60999999999999,169.18400000000003,16.782663505433298,12.7,0.04650000000000001,0.2599999999999998,0.00018452380952380955
2024-01-16,164.87,168.09,164.3,167.99,17206420,-0.006290075331772181,0.06481591586656876,0.10685973680815931,0.14648483344763197,169.804,169.384,16.660793127955014,13.84,0.047,1.1400000000000006,0.0001865079365079365
2024-01-17,167.34,169.07,166.49,167.09,11107466,-0.005371864416070813,0.05915760623859373,0.10654174682430924,0.14671695617826072,169.09,169.477,16.223128052792692,14.79,0.048,0.9499999999999993,0.00019047619047619048
2024-01-18,167.12,167.53,165.24,167.42,9382255,0.00197303582585817,0.05825293250529449,0.10473415155304446,0.14152882560024424,168.37,169.5365,16.054330697207,14.13,0.048,-0.6599999999999984,0.00019047619047619048
2024-01-19,167.55,170.57,167.08,170.31,13115664,0.017114680618834397,0.16256844705205628,0.1116853053829743,0.14040644857360052,168.372,169.6295,16.389317799052208,13.3,0.0484,-0.8300000000000001,0.00019206349206349205
2024-01-22,170.46,171.9803,169.71,170.11,12837505,-0.001175019229252989,0.1503462174781509,0.10280390876360444,0.14063163702334766,168.584,169.8075,16.36788152270281,13.19,0.0483,-0.11000000000000121,0.00019166666666666667
2024-01-23,169.67,169.75,168.44,168.99,8360829,-0.006605745046759227,0.151356913338128,0.1047040711758183,0.14094660776715998,168.78400000000002,169.882,15.939068142824016,12.55,0.0481,-0.6399999999999988,0.00019087301587301586
2024-01-24,169.36,171.01,168.8627,170.5,9620140,0.008895755148839214,0.1462106558648623,0.10879576661966964,0.14144225615607883,169.466,170.03699999999998,16.07936937555055,13.14,0.0483,0.5899999999999999,0.00019166666666666667
2024-01-25,172.31,172.99,170.905,172.94,8873481,0.014209416808712771,0.160425220442934,0.1174953763011792,0.11639342494491775,170.57,170.2645,15.9985777237475,13.45,0.047599999999999996,0.3099999999999987,0.00018888888888888888
2024-01-26,172.61,173.06,171.78,172.28,7442955,-0.003823653346374321,0.14069896530547146,0.11750622249009486,0.11607993704818528,170.964,170.4085,15.822778505374558,13.26,0.0478,-0.1899999999999995,0.0001896825396825397
2024-01-29,172.24,172.84,171.3,172.73,6971192,0.002608621519283275,0.1373352608961746,0.11653722260609224,0.11486630763541257,171.488,170.53000000000003,15.757296786766046,13.6,0.047599999999999996,0.33999999999999986,0.00018888888888888888
2024-01-30,172.83,176.7603,172.83,176.27,10822075,0.020287228726669056,0.15023290246777088,0.1353239536659614,0.1194329308370669,172.94400000000002,170.8385,16.197098587487915,13.31,0.048,-0.28999999999999915,0.00019047619047619048
2024-01-31,176.2,178.3,174.34,174.36,11521820,-0.010894783061670256,0.20288444996706764,0.13724967486059256,0.11976922540883865,173.71599999999998,170.95250000000001,16.25975318686464,14.35,0.0473,1.0399999999999991,0.0001876984126984127
2024-02-01,173.64,174.84,171.43,173.73,9354798,-0.0036197574643838564,0.18793724140332108,0.13691155245999032,0.11957033930905972,173.874,171.0725,16.05139992472604,13.88,0.046799999999999994,-0.46999999999999886,0.0001857142857142857
2024-02-02,173.3,175.8162,173.26,174.73,8607839,0.00573955544513883,0.184997319850409,0.1380691299411555,0.11935325741469188,174.36399999999998,171.2385,15.968183857677191,13.85,0.0481,-0.030000000000001137,0.00019087301587301586
2024-02-05,173.86,175.09,172.92,174.5,7820160,-0.0013171837084650724,0.1873696702657814,0.1374345081114603,0.11947542822406436,174.71800000000002,171.35,15.872215572670239,13.67,0.0487,-0.17999999999999972,0.00019325396825396824
2024-02-06,174.61,175.87,173.76,175.1,6765684,0.0034324976493241735,0.10330274485956287,0.1375404916003117,0.11942299876384133,174.48399999999998,171.50400000000002,15.727373923123341,13.06,0.0482,-0.6099999999999994,0.00019126984126984127
2024-02-07,175.69,175.87,173.96,175.43,7225478,0.0018828636492873503,0.059195848451686246,0.1335428068431339,0.11876734365846014,174.69799999999998,171.7425,15.793123948943899,12.83,0.0483,-0.23000000000000043,0.00019166666666666667
2024-02-08,175.0,175.3058,173.57,174.8,6060285,-0.0035976397196582407,0.05908193887132423,0.13466050941735141,0.11713666883258583,174.912,171.9315,15.617267386642606,12.79,0.0483,-0.040000000000000924,0.00019166666666666667
2024-02-09,175.0,175.1,173.6731,175.01,6296729,0.0012006519266309016,0.044145693045614304,0.1331911196957956,0.11618047697733729,174.96800000000002,172.167,15.655540850178266,12.93,0.048600000000000004,0.14000000000000057,0.00019285714285714286
2024-02-12,174.78,176.808,173.7,175.79,8539316,0.0044469856637336085,0.04933740515281449,0.12946925195336503,0.11192569148831563,175.226,172.504,15.960191468880268,13.93,0.0487,1.0,0.00019325396825396824
2024-02-13,175.32,176.2299,172.615,174.26,8397631,-0.008741664008658927,0.0830561499219865,0.131811202054768,0.11370007838755815,175.058,172.81750000000002,15.943460200227825,15.85,0.0499,1.92,0.000198015873015873
2024-02-14,175.07,176.1,174.42,176.03,7056664,0.010105998254740171,0.1151248313312585,0.13204137645144906,0.11331402791126041,175.178,173.2645,15.769482976549622,14.38,0.049400000000000006,-1.4699999999999989,0.00019603174603174606
2024-02-15,176.15,180.21,176.15,179.87,8723390,0.021579932681998468,0.17782978246663136,0.14815362407212518,0.11917319322334423,176.19199999999998,173.887,15.981518481804892,14.01,0.0493,-0.370000000000001,0.00019563492063492062
2024-02-16,179.61,179.98,178.16,179.03,8152647,-0.004680978176697792,0.1916115094385921,0.14182265804099434,0.12012971717514205,176.996,174.323,15.9138532177618,14.24,0.049800000000000004,0.23000000000000043,0.00019761904761904763
2024-02-20,179.19,180.46,178.405,179.73,9667959,0.0039023352007615548,0.19166753932163116,0.1412231373914776,0.11976043822652793,177.784,174.804,16.084327780002145,15.42,0.049699999999999994,1.1799999999999997,0.0001972222222222222
2024-02-21,179.95,180.99,178.52,180.9,7027857,0.0064886676373062694,0.15213373781972164,0.13731186992081432,0.12001080804745205,179.112,175.39950000000002,15.76539238089942,15.34,0.049800000000000004,-0.08000000000000007,0.00019761904761904763
2024-02-22,181.82,183.42,181.24,183.07,9296459,0.011924200961673782,0.15463852731421757,0.13932401971460537,0.12143093611905885,180.52,176.028,16.045144132930602,14.54,0.050199999999999995,-0.8000000000000007,0.0001992063492063492
2024-02-23,183.81,185.2,183.19,183.99,7105833,0.005012814943078729,0.09524035895545185,0.1337090087133841,0.12101267930074398,181.344,176.5805,15.776426554020414,13.75,0.05,-0.7899999999999991,0.0001984126984126984
2024-02-26,183.75,184.46,182.48,183.36,7145391,-0.0034299747796272427,0.0877371196305879,0.13344580259815944,0.12173224543241867,182.21,177.1345,15.78197809143175,13.74,0.050300000000000004,-0.009999999999999787,0.00019960317460317463
2024-02-27,183.31,183.54,182.24,183.45,5717065,0.0004907172749160763,0.0930673029088096,0.1337640965448979,0.12175489265021419,182.954,177.6705,15.558966119780916,13.43,0.050300000000000004,-0.3100000000000005,0.00019960317460317463
2024-02-28,183.43,185.2,182.96,184.38,6131608,0.005056694569157303,0.09128743962468738,0.11762535650591695,0.12056559415482412,183.65,178.076,15.628967589989788,13.84,0.05,0.41000000000000014,0.0001984126984126984
2024-02-29,185.66,186.43,183.85,186.06,9643012,0.009070356969964279,0.07633122756829307,0.10907405962129611,0.12118362771782827,184.248,178.661,16.081744065917757,13.4,0.0501,-0.4399999999999995,0.0001988095238095238
2024-03-01,185.7,186.44,185.1,185.29,6311996,-0.00414703704608942,0.0894942647158494,0.10952945899443689,0.12165606422297705,184.50799999999998,179.239,15.657962507794085,13.11,0.049400000000000006,-0.2900000000000009,0.00019603174603174606
2024-03-04,184.71,187.59,184.27,186.68,7063605,0.007473755787291711,0.08575774196485242,0.11022910318983928,0.12191029196471748,185.172,179.8365,15.770466102375208,13.49,0.049800000000000004,0.3800000000000008,0.00019761904761904763
2024-03-05,186.36,189.3,186.36,188.55,6617832,0.00996730262275133,0.09045006754738615,0.11122293435972609,0.11954774471575957,186.192,180.53900000000002,15.705278381828698,14.46,0.049400000000000006,0.9700000000000006,0.00019603174603174606
2024-03-06,189.25,190.07,187.63,189.53,7572891,0.005184099633842667,0.09041664569988382,0.11130490553244733,0.11962203749394373,187.22199999999998,181.2605,15.840085454753236,14.5,0.0495,0.03999999999999915,0.00019642857142857144
2024-03-07,189.91,190.5,186.63,187.87,7618277,-0.0087970890590012,0.12747171805651017,0.1200594326041539,0.12096125148587993,187.584,181.8825,15.846060786609304,14.44,0.0493,-0.0600000000000005,0.00019563492063492062
2024-03-08,188.44,190.455,187.92,188.22,6172199,0.001861257151434175,0.11603089785787114,0.1173573990438811,0.12096501542500947,188.17000000000002,182.55349999999999,15.635565734330378,14.74,0.0492,0.3000000000000007,0.00019523809523809525
2024-03-11,187.28,188.44,186.22,188.29,5728082,0.00037183607769519046,0.11011480766098018,0.11762792907453207,0.12039298655019948,188.49200000000002,183.2175,15.56089130316261,15.22,0.0495,0.4800000000000004,0.00019642857142857144
2024-03-12,188.95,190.16,187.91,189.84,5503976,0.00819828461917112,0.10219657273826106,0.11871077844459108,0.12092044043589133,188.75,183.92000000000002,15.520981298120693,13.84,0.05,-1.3800000000000008,0.0001984126984126984
2024-03-13,190.36,191.73,189.84,191.38,7719367,0.008079368223608602,0.11072635697156516,0.10973332419091768,0.11720982152632353,189.12,184.776,15.859242923820547,13.75,0.0501,-0.08999999999999986,0.0001988095238095238
2024-03-14,191.03,191.63,187.103,187.97,10243134,-0.017978604722612698,0.17009892494676784,0.13394593970286076,0.12406055873725012,189.14000000000001,185.373,16.142118185437955,14.4,0.0504,0.6500000000000004,0.0002
2024-03-15,186.48,190.94,186.48,190.3,17214229,0.012319398673599807,0.19172483644586824,0.12052826725041399,0.12556090743488088,189.55599999999998,185.89450000000002,16.661246867228435,14.41,0.050499999999999996,0.009999999999999787,0.0002003968253968254
2024-03-18,190.63,192.7,189.89,192.66,9013843,0.012325203027373602,0.20300049316410168,0.12160621125191613,0.1252226083580594,190.43,186.576,16.01427206473026,14.33,0.0506,-0.08000000000000007,0.0002007936507936508
2024-03-19,192.71,193.93,192.38,193.79,8478717,0.00584812120868046,0.20104404861083666,0.12185169387055107,0.12217802344189639,191.22,187.279,15.953069699151703,13.82,0.0506,-0.5099999999999998,0.0002007936507936508
2024-03-20,194.19,196.56,193.61,196.33,9367043,0.013021818372499772,0.21003898217992018,0.12592646309078193,0.12390136868706075,192.21,188.0505,16.052708022764698,13.04,0.0501,-0.7800000000000011,0.0001988095238095238
2024-03-21,196.52,199.43,196.33,199.06,11203796,0.013809369907259735,0.05078541829687808,0.12764749542680448,0.12579355219818417,194.428,188.85,16.231763207413437,12.92,0.0501,-0.11999999999999922,0.0001988095238095238
2024-03-22,199.01,200.48,196.54,196.62,8108840,-0.01233335487913927,0.17480138788474306,0.14037470165870503,0.12942617327022357,195.69199999999998,189.4815,15.908465382569126,13.06,0.049800000000000004,0.14000000000000057,0.00019761904761904763
2024-03-25,196.6,196.94,194.36,194.82,8620015,-0.009196876595968727,0.19544039570127061,0.14545311029037566,0.1314464261231693,196.124,190.0545,15.969597382777573,13.19,0.05,0.129999999999999,0.0001984126984126984
2024-03-26,194.59,196.66,194.0554,195.73,5961484,0.0046601031716228605,0.19423299672472116,0.14524002899678162,0.13139132238265766,196.512,190.6685,15.600830001336439,13.24,0.05,0.05000000000000071,0.0001984126984126984
2024-03-27,196.5,199.6,196.38,199.52,8725757,0.019178323417293933,0.21952819408220633,0.155846076715228,0.1356317532919428,197.15,191.4255,15.981789784466795,12.78,0.0499,-0.46000000000000085,0.000198015873015873
2024-03-28,199.49,200.72,198.54,200.3,8628313,0.0039017607400463473,0.19981236475865932,0.15466739183601322,0.1343837120907994,197.398,192.1375,15.970559563070085,13.01,0.050300000000000004,0.23000000000000043,0.00019960317460317463
2024-04-01,199.99,200.94,198.565,198.94,6215356,-0.006812970947504756,0.17893664103906406,0.15673410772063992,0.13501178352297769,197.86200000000002,192.82,15.642533562058793,13.65,0.0506,0.6400000000000006,0.0002007936507936508
2024-04-02,198.39,199.78,198.08,198.86,6680105,-0.00040221217234022775,0.15207073772453134,0.1566150186293426,0.13507914137123614,198.67000000000002,193.42900000000003,15.714644263952167,14.61,0.050499999999999996,0.9599999999999991,0.0002003968253968254
2024-04-03,199.04,199.56,197.7,198.3,9282109,-0.0028200240261772565,0.15944379447828427,0.15581915075313235,0.1354048883930519,199.18400000000003,193.91649999999998,16.04359934187311,14.33,0.050300000000000004,-0.27999999999999936,0.00019960317460317463
2024-04-04,199.15,199.68,195.55,195.65,9198521,-0.013453686869328841,0.10470713733828078,0.16534740482267477,0.1390278961676452,198.41,194.22250000000003,16.03455326822629,16.35,0.05,2.0200000000000014,0.0001984126984126984
2024-04-05,196.16,198.1224,195.11,197.45,6498212,0.009158039076236793,0.13241841669867097,0.16265027934752568,0.1381440778627245,197.84,194.70149999999998,15.687037620102192,16.03,0.050499999999999996,-0.3200000000000003,0.0002003968253968254
2024-04-08,197.62,198.98,197.62,198.48,7976207,0.00520295165088716,0.13724441714576324,0.16291215561087893,0.1382588008222638,197.748,195.2145,15.891973543145617,15.19,0.0507,-0.8400000000000016,0.0002011904761904762
2024-04-09,198.07,198.88,194.91,197.15,6425927,-0.006723479059909265,0.1442273506253083,0.16614511964214804,0.1388711733751005,197.406,195.6575,15.675851458493819,14.98,0.050300000000000004,-0.20999999999999908,0.00019960317460317463
2024-04-10,195.55,197.07,194.18,195.47,7681377,-0.008557945358705698,0.1524826030834816,0.16887815814950932,0.13925130893039384,196.84,195.93900000000002,15.854309385927092,15.8,0.0519,0.8200000000000003,0.00020595238095238096
2024-04-11,196.0,196.57,193.24,195.43,10137699,-0.000204655922945073,0.12015773107246754,0.1671233536155869,0.13817984012464668,196.796,196.1415,16.131771607299452,14.91,0.051699999999999996,-0.8900000000000006,0.00020515873015873015
2024-04-12,188.32,188.93,182.54,182.79,31532308,-0.06686430611347287,0.4645868226365457,0.2875995889005241,0.1977918055698812,193.86399999999998,195.8825,17.26652322896911,17.31,0.0513,2.3999999999999986,0.00020357142857142856
2024-04-15,184.5,187.46,182.195,182.89,14766592,0.0005469262879715479,0.45258071762234314,0.283154270756046,0.19779873116532926,190.746,195.512,16.507877889901064,19.23,0.0516,1.9200000000000017,0.00020476190476190477
2024-04-16,182.9,183.16,179.65,180.8,16451801,-0.011493431258408125,0.4474191876120625,0.27979036887436093,0.19682272238270593,187.476,194.919,16.615945512465473,18.4,0.0518,-0.8300000000000018,0.00020555555555555556
2024-04-17,181.37,182.4199,179.2,180.08,9017093,-0.0039902513595993375,0.4541753256618218,0.27775343358480126,0.19703980834408472,184.398,194.2335,16.01463255628047,18.21,0.0516,-0.18999999999999773,0.00020476190476190477
2024-04-18,181.1,183.36,179.97,181.25,9557720,0.006476097136307263,0.4713369273858438,0.27347540460480085,0.19672106947839088,181.562,193.4795,16.072859762859583,18.0,0.0518,-0.21000000000000085,0.00020555555555555556
2024-04-19,182.4,185.88,181.41,185.8,13402313,0.024793532644954,0.2176062605937238,0.2854766959108053,0.2020154592818194,182.164,192.81650000000002,16.41093786196571,18.71,0.051699999999999996,0.7100000000000009,0.00020515873015873015
2024-04-22,185.99,190.125,185.98,189.41,11529668,0.019243151288912064,0.2419979414800693,0.294307021447801,0.2036322314407536,183.46800000000002,192.456,16.26043409738141,16.94,0.0516,-1.7699999999999996,0.00020476190476190477
2024-04-23,191.13,192.225,190.52,192.14,9144372,0.014310295312942112,0.1788152694275123,0.29834410269597605,0.20498790388117505,185.73600000000002,192.322,16.028649166043976,15.69,0.051399999999999994,-1.2500000000000018,0.00020396825396825393
2024-04-24,190.53,193.23,190.17,193.08,6964905,0.004880337810699771,0.1337249513703674,0.29839752890408927,0.20507815785506522,188.33599999999998,192.1895,15.756394525476317,15.97,0.051699999999999996,0.28000000000000114,0.00020515873015873015
2024-04-25,192.25,193.935,191.18,193.37,9802265,0.0015008412702082906,0.15430274992157408,0.28925045792072873,0.20144860445441312,190.76,191.882,16.0981240393851,15.37,0.0521,-0.6000000000000014,0.00020674603174603175
2024-04-26,193.57,194.87,193.06,193.49,6413655,0.0006203794853369669,0.131048083165462,0.2886617659646688,0.19978732900081955,192.298,191.54149999999998,15.673939869201114,15.03,0.0521,-0.33999999999999986,0.00020674603174603175
2024-04-29,193.48,194.26,192.43,193.28,5411129,-0.0010859168013872878,0.09740571168658439,0.28803926570604377,0.1995646190295392,193.07199999999997,191.2585,15.50396831666596,14.67,0.052000000000000005,-0.35999999999999943,0.00020634920634920637
2024-04-30,192.81,194.99,191.64,191.74,8153681,-0.007999627097599596,0.07561655751913393,0.288936176855224,0.2003841781922206,192.99200000000002,190.90249999999997,15.913980039692694,15.65,0.0525,0.9800000000000004,0.00020833333333333332
2024-05-01,192.27,194.46,190.79,191.86,7446703,0.0006256517409510899,0.061566866069528346,0.28903734107183876,0.20030505571443888,192.748,190.5805,15.82328194206587,15.39,0.0521,-0.2599999999999998,0.00020674603174603175
2024-05-02,193.07,193.5,189.52,191.66,6501657,-0.001042970474185435,0.05682632918201922,0.2856530421739247,0.20033832325017484,192.406,190.381,15.687567625455422,14.68,0.0516,-0.7100000000000009,0.00020476190476190477
2024-05-03,192.0,192.529,188.46,190.51,8922775,-0.006018282288272586,0.05869866819517966,0.28354575533400517,0.20092837535112068,191.81,190.03400000000002,16.004117554829747,13.49,0.0512,-1.1899999999999995,0.00020317460317460318
2024-05-06,191.73,192.2,189.815,192.0,7911134,0.007790685400437967,0.09835720439811976,0.28453913759002647,0.2010801559860433,191.554,189.71,15.883781692300227,13.49,0.0512,0.0,0.00020317460317460318
2024-05-07,191.7,192.93,191.65,191.75,7688771,-0.0013029317804160172,0.07940857242388318,0.2839095356556425,0.20116493184581982,191.55599999999998,189.44,15.855271510764194,13.23,0.0513,-0.2599999999999998,0.00020357142857142856
2024-05-08,191.0,196.65,191.0,195.65,9227561,0.020134908409056025,0.1643193132216449,0.29244019100349056,0.20467758450786352,192.31400000000002,189.449,16.037705324539054,13.0,0.0513,-0.23000000000000043,0.00020357142857142856
2024-05-09,195.17,197.59,195.1,197.5,7977291,0.00941123568475504,0.16118891799472282,0.2943168150300126,0.20407041639545945,193.482,189.5525,15.892109438107546,12.69,0.0512,-0.3100000000000005,0.00020317460317460318
2024-05-10,198.54,199.3399,198.27,198.77,7529790,0.006409793061331135,0.12223638388990839,0.1525955071622356,0.2035900402630541,195.134,190.35150000000002,15.834377710940972,12.55,0.051699999999999996,-0.1399999999999988,0.00020515873015873015
2024-05-13,198.8,199.85,198.04,198.73,7049241,-0.00020125786231462575,0.1373454346319174,0.15285533973835885,0.19950689301956956,196.48,191.14350000000002,15.768430509418275,13.6,0.0516,1.049999999999999,0.00020476190476190477
2024-05-14,199.0,201.58,198.16,201.51,8596175,0.013891888406689765,0.12171205589021639,0.14473535593605116,0.20061271524607074,198.432,192.179,15.9668278948435,13.42,0.0516,-0.17999999999999972,0.00020476190476190477
2024-05-15,202.01,202.69,199.77,202.11,8369975,0.002973095693795332,0.08711811796151715,0.14078582865071027,0.200583550630217,199.724,193.28050000000002,15.940161455603372,12.45,0.051,-0.9700000000000006,0.00020238095238095236
2024-05-16,202.22,204.48,201.9901,202.47,8497927,0.0017796237827466738,0.08787838861132947,0.14145906924921556,0.20036107608643666,200.71800000000002,194.3415,15.955332809363467,12.42,0.0513,-0.02999999999999936,0.00020357142857142856
2024-05-17,203.81,205.05,202.8149,204.79,9260490,0.01139333642479606,0.09938822933415725,0.12420889948683182,0.20025030344894718,201.922,195.291,16.041267520989113,11.99,0.051399999999999994,-0.4299999999999997,0.00020396825396825393
2024-05-20,204.39,205.88,195.4,195.58,17373253,-0.046015560964091824,0.38893953848682333,0.21023573563059852,0.222858639142025,201.292,195.5995,16.670442397597377,12.15,0.051500000000000004,0.16000000000000014,0.0002043650793650794
2024-05-21,197.0,199.9,196.6,199.52,14420799,0.0199449790475972,0.40761869932179234,0.21563503912115348,0.22599251504843373,200.894,195.9685,16.484182097439998,11.86,0.051399999999999994,-0.2900000000000009,0.00020396825396825393
2024-05-22,199.0,200.935,197.69,198.31,9425338,-0.006083019033987866,0.40574504516729104,0.21712137299388207,0.22650741736955027,200.13400000000001,196.23000000000002,16.058912152724286,12.29,0.0516,0.4299999999999997,0.00020476190476190477
2024-05-23,197.81,198.3,196.07,196.92,8069445,-0.007033908007738754,0.40292943515734014,0.21913981238178065,0.2270052559747761,199.024,196.4075,15.903595264646944,12.77,0.052000000000000005,0.4800000000000004,0.00020634920634920637
2024-05-24,197.75,200.76,197.56,200.71,7356233,0.0190635252814019,0.42626350150366615,0.22840018645926097,0.2294155431379098,198.208,196.7685,15.811058539027986,11.93,0.0521,-0.8399999999999999,0.00020674603174603175
2024-05-28,199.86,200.41,198.66,199.5,6910206,-0.006046843841483631,0.2252699499381801,0.22991453533612694,0.22963983166223648,198.99200000000002,197.0795,15.748510007166347,12.92,0.0521,0.9900000000000002,0.00020674603174603175
2024-05-29,198.0,198.99,196.89,198.11,6120045,-0.006991804343682822,0.18191507119769576,0.2293845941806683,0.22987379125758114,198.70999999999998,197.398,15.627080007402652,14.28,0.052199999999999996,1.3599999999999994,0.00020714285714285713
2024-05-30,198.56,199.85,198.4,199.33,6829719,0.0061393107484390055,0.18286211577541858,0.22989746367368638,0.22936861195166994,198.91400000000002,197.7715,15.736794088680119,14.47,0.0519,0.19000000000000128,0.00020595238095238096
2024-05-31,199.3,203.3,198.35,202.63,14417885,0.016419913142563473,0.19324599932893913,0.235217872275701,0.23140617066350996,200.05599999999998,198.32,16.483980007773916,12.92,0.0518,-1.5500000000000007,0.00020555555555555556
2024-06-03,202.31,202.42,199.19,201.82,6444309,-0.004005444840855087,0.15928282704789037,0.23432578120676748,0.23073701537251665,200.278,198.8855,15.67870797371223,13.11,0.051399999999999994,0.1899999999999995,0.00020396825396825393
2024-06-04,200.16,201.98,198.28,199.16,6848338,-0.013267689262400722,0.18575265015841508,0.24032267886700218,0.23262549894554999,200.21,199.24349999999998,15.73951655306231,13.16,0.051100000000000007,0.05000000000000071,0.0002027777777777778
2024-06-05,199.76,199.82,196.92,197.26,8351597,-0.009585866248134583,0.19239796574311394,0.24353220955525562,0.23362265348251504,200.04000000000002,199.519,15.937963336024687,12.63,0.0508,-0.5299999999999994,0.00020158730158730158
2024-06-06,197.26,198.02,195.33,196.91,7640289,-0.0017758839687686443,0.18219243388105288,0.23340439613196717,0.23316291817782325,199.55599999999998,199.582,15.848945987652403,12.58,0.0508,-0.05000000000000071,0.00020158730158730158
2024-06-07,197.43,200.92,197.01,199.95,6964498,0.015320563735748565,0.17504897076650577,0.23736581399405637,0.2346214858364059,199.02,199.7045,15.75633608793953,12.22,0.051699999999999996,-0.35999999999999943,0.00020515873015873015
2024-06-10,199.24,200.84,198.44,199.61,6071201,-0.0017018724700359577,0.1746994642622909,0.23648472922980227,0.23142744239461496,198.578,199.7465,15.61906700178391,12.74,0.0516,0.5199999999999996,0.00020476190476190477
2024-06-11,197.91,197.94,193.6,194.36,9235302,-0.02665335328508903,0.24127462013939238,0.2550109504567967,0.23700199802171093,197.618,199.528,16.03854387275919,12.85,0.051699999999999996,0.10999999999999943,0.00020515873015873015
2024-06-12,196.0,196.72,191.31,191.53,12751329,-0.014667655223132557,0.2500572978113687,0.25286616005781365,0.23763264210494509,196.472,199.029,16.361146059430705,12.04,0.0513,-0.8100000000000005,0.00020357142857142856
2024-06-13,192.32,194.58,190.88,193.66,8587786,0.011059589868815303,0.2783788396825516,0.2568029478183551,0.23842830206993876,195.822,198.6065,15.96585151917942,11.94,0.0507,-0.09999999999999964,0.0002011904761904762
2024-06-14,191.45,194.86,191.42,193.78,6874029,0.0006194507734730273,0.2320406608411924,0.25660130207180076,0.23688246863191573,194.58800000000002,198.172,15.743260955178478,12.66,0.0507,0.7200000000000006,0.0002011904761904762
2024-06-17,193.48,195.58,192.64,194.98,8725445,0.006173494244267334,0.2479928629264903,0.2535868153839467,0.23546382852965994,193.66199999999998,197.6815,15.981754027617493,12.75,0.051100000000000007,0.08999999999999986,0.0002027777777777778
2024-06-18,194.6,197.96,194.13,197.0,9022971,0.010306739536863126,0.16758220118996253,0.19797635168834002,0.23511168711040883,194.19,197.7525,16.01528421696283,12.3,0.0509,-0.4499999999999993,0.00020198412698412699
2024-06-20,196.39,199.45,196.11,198.67,8731062,0.008441428041983659,0.06658527344711615,0.18677859367923655,0.2349331758784359,195.618,197.70999999999998,15.982397569901622,13.28,0.051,0.9799999999999986,0.00020238095238095236
2024-06-21,196.71,197.17,194.22,196.3,20972495,-0.012001055497556654,0.14272521016189355,0.1903915937044553,0.23609883430696274,196.14600000000002,197.6095,16.85872237529512,13.2,0.051,-0.08000000000000007,0.00020238095238095236
2024-06-24,197.81,199.23,197.1,198.88,9785929,0.01305752647998558,0.1577798059502152,0.1945710214665867,0.23430702676257292,197.166,197.70749999999998,16.096456095542266,13.33,0.051,0.13000000000000078,0.00020238095238095236
2024-06-25,198.09,200.07,197.74,198.07,6915909,-0.004081124193228308,0.17009087234099685,0.18222927077951545,0.23430260438085118,197.78400000000002,197.57549999999998,15.749334967804016,12.84,0.051,-0.4900000000000002,0.00020238095238095236
2024-06-26,197.45,197.94,196.275,197.43,7758582,-0.003236412433035214,0.1611010691610186,0.18139897594879198,0.23398500993553276,197.87,197.472,15.86431014350312,12.55,0.0513,-0.28999999999999915,0.00020357142857142856
2024-06-27,197.44,199.86,196.9,199.17,7913453,0.008774640263040033,0.16215811169012512,0.18256960807917566,0.23469365298551298,197.97,197.525,15.884074780520045,12.24,0.051,-0.3100000000000005,0.00020238095238095236
2024-06-28,200.01,202.6,199.3018,202.26,15307616,0.015395267074846718,0.14477975618276412,0.1893488606469722,0.23671040743667165,199.16199999999998,197.6715,16.54386104029018,12.44,0.0509,0.1999999999999993,0.00020198412698412699
2024-07-01,202.84,207.09,202.66,205.45,10205836,0.015648696855394356,0.15365431687730638,0.18851923097695733,0.2369861643829009,200.476,197.8125,16.138470271497916,12.22,0.051,-0.21999999999999886,0.00020238095238095236
2024-07-02,205.29,208.86,204.77,208.83,7802936,0.016317828519266248,0.1318525139900281,0.19547853642115098,0.2385121456888754,202.628,198.16299999999998,15.870010631091661,12.03,0.0507,-0.19000000000000128,0.0002011904761904762
2024-07-03,209.55,210.38,207.65,208.69,5560925,-0.0006706265819457115,0.11510945179061975,0.1876363033389691,0.2383668252962054,204.88000000000002,198.6395,15.531275019295801,12.09,0.0504,0.0600000000000005,0.0002
2024-07-05,206.99,207.37,204.52,204.79,8093096,-0.01886483341851824,0.24459600866512726,0.19805783469273877,0.24129218239492914,206.004,199.016,15.906521910510536,12.48,0.049800000000000004,0.39000000000000057,0.00019761904761904763
2024-07-08,205.04,206.9,203.97,205.17,8706967,0.0018538399298934317,0.2286852119820255,0.1975894018915784,0.24054044301543012,206.586,199.429,15.979634067749592,12.37,0.0499,-0.11000000000000121,0.000198015873015873
2024-07-09,205.63,209.76,205.45,207.63,9060258,0.011918745743767407,0.21676334137750605,0.19491099022427957,0.24160342949306518,207.022,199.81300000000002,16.019408154434895,12.51,0.050199999999999995,0.14000000000000057,0.0001992063492063492
2024-07-10,206.14,207.97,205.58,207.8,8328493,0.0008184291432453195,0.17705685225869336,0.19450080404590833,0.19588180542732037,206.81599999999997,200.2225,15.935193085411463,12.85,0.0501,0.33999999999999986,0.0001988095238095238
2024-07-11,206.21,208.1,205.38,207.45,10666937,-0.0016857318862502433,0.1770885547912525,0.16340475949529748,0.1960126262856035,206.56799999999998,200.877,16.182659515524744,12.92,0.049100000000000005,0.07000000000000028,0.00019484126984126987
2024-07-12,204.0,207.45,202.1,204.94,15443441,-0.01217309340730497,0.13680697566225436,0.15997904469243457,0.19621878814122937,206.598,201.5475,16.552694940425003,12.46,0.0487,-0.4599999999999991,0.00019325396825396824
2024-07-15,207.19,211.61,206.72,210.05,10719670,0.024628344243819263,0.22306290980174784,0.17514534537197618,0.20113570689780405,207.57399999999998,202.367,16.187590929551018,13.12,0.048499999999999995,0.6599999999999984,0.00019246031746031743
2024-07-16,210.0,213.74,208.08,213.62,11557018,0.016853138046158237,0.23552391722645513,0.18031621972033055,0.20311197147244678,208.77200000000002,203.359,16.262803429453985,13.19,0.048499999999999995,0.07000000000000028,0.00019246031746031743
2024-07-17,213.8,217.56,213.27,216.87,11572470,0.015099360018766071,0.23872088184726026,0.1839171898696753,0.19955647704980262,210.586,204.45350000000002,16.264139559531642,14.48,0.048499999999999995,1.290000000000001,0.00019246031746031743
2024-07-18,215.63,216.635,209.235,209.98,12415125,-0.03228580759352034,0.37897736628406825,0.22594122318603713,0.20889883318635766,211.092,205.10250000000002,16.334426045339285,15.93,0.048600000000000004,1.4499999999999993,0.00019285714285714286
2024-07-19,211.2,212.35,208.92,209.78,8095898,-0.0009529255533373404,0.35962723595411883,0.2255058727659742,0.20730504993814403,212.06,205.658,15.906868071615788,16.52,0.0487,0.5899999999999999,0.00019325396825396824
2024-07-22,210.46,212.17,209.71,210.28,7663223,0.0023806134177895566,0.3135695683181686,0.21872983530572085,0.2071923626955857,212.106,206.35699999999997,15.85194321040345,14.91,0.048799999999999996,-1.6099999999999994,0.00019365079365079365
2024-07-23,211.02,211.475,209.3527,210.33,5557262,0.00023774993573862292,0.27823620061384025,0.2159696479748925,0.20720648619191936,211.448,206.92950000000002,15.530616098892226,14.72,0.048499999999999995,-0.1899999999999995,0.00019246031746031743
2024-07-24,209.55,212.03,208.07,208.59,7118957,-0.008307123107949836,0.22658651590941692,0.21826395577560428,0.20815575062106903,209.792,207.45549999999997,15.778271783893587,18.04,0.0482,3.3199999999999985,0.00019126984126984127
2024-07-25,208.65,210.19,208.05,208.67,6403774,0.00038345396625706396,0.06543020373426321,0.21735923049805733,0.20810702539349513,209.53000000000003,208.0175,15.672398062032547,18.46,0.0483,0.4200000000000017,0.00019166666666666667
2024-07-26,209.24,213.16,208.62,212.24,8027787,0.01696365308419086,0.14537558695046016,0.22224911797759506,0.20963694566026175,210.02200000000002,208.671,15.898419456408863,16.39,0.0479,-2.0700000000000003,0.00019007936507936508
2024-07-29,212.65,213.61,210.545,210.85,6533636,-0.006570729636915394,0.15848418418789628,0.2198988033624684,0.21031112642226268,210.13600000000002,209.1005,15.692474160990207,16.6,0.0479,0.21000000000000085,0.00019007936507936508
2024-07-30,213.23,215.79,212.96,215.19,8850705,0.02037437861388397,0.21162039876805375,0.22436090293517347,0.21372579121024077,211.108,209.5875,15.996007674828292,17.69,0.0478,1.0899999999999999,0.0001896825396825397
2024-07-31,214.78,216.39,212.67,212.8,9071637,-0.011168601338963307,0.2232447327365648,0.2228187357444303,0.21480179968295432,211.95,209.786,16.020663290921608,16.36,0.0473,-1.3300000000000018,0.0001876984126984127
2024-08-01,213.2,213.83,206.38,207.96,10918644,-0.02300700395197428,0.29675055113097837,0.2385157361091162,0.2203611875064998,211.808,209.74949999999998,16.205982344746403,18.59,0.0462,2.2300000000000004,0.00018333333333333334
2024-08-02,203.88,204.67,196.89,199.14,18041676,-0.04333765855557684,0.3704852457311174,0.27671095973740906,0.23859135477265558,209.18800000000002,209.467,16.7081949729397,23.39,0.0433,4.800000000000001,0.00017182539682539683
2024-08-05,194.05,196.1699,190.9,194.9,13926997,-0.021521488446423025,0.36999962150300153,0.28537134443759027,0.23931837832170474,205.998,208.9535,16.449339744626286,38.57,0.0434,15.18,0.00017222222222222224
2024-08-06,195.4,202.6,194.0,200.34,10605780,0.027529316670103027,0.4147657449425117,0.3008420979040955,0.24519073402157296,203.028,208.589,16.1769096934884,27.71,0.0446,-10.86,0.00017698412698412697
2024-08-07,203.51,205.75,200.2,200.4,9204434,0.00029944602709169486,0.4280016303205972,0.3007881184875922,0.24485334004461265,200.548,208.219,16.035195882437268,27.85,0.044500000000000005,0.14000000000000057,0.0001765873015873016
2024-08-08,202.47,204.91,201.79,204.06,7761199,0.01809869903644934,0.45975554057676665,0.3089858263403617,0.2476024019165608,199.768,208.0495,15.864647390533191,23.79,0.044800000000000006,-4.060000000000002,0.0001777777777777778
2024-08-09,203.47,206.47,202.9,205.8,5540240,0.008490755152790172,0.2974452728009631,0.30762221512081295,0.24659455478739106,201.1,208.09249999999997,15.527548379084765,20.37,0.045,-3.419999999999998,0.00017857142857142857
2024-08-12,206.41,207.14,203.66,206.19,6935954,0.001893250401674279,0.18221088002482067,0.2939687466485995,0.24655544093380807,203.358,207.8995,15.752229165355931,20.71,0.0447,0.33999999999999986,0.00017738095238095238
2024-08-13,207.73,208.09,205.4,207.94,6387942,0.008451502748200529,0.11154279319699431,0.28869427083047094,0.24710116726256603,204.87800000000001,207.61550000000003,15.669922708751713,18.12,0.044000000000000004,-2.59,0.00017460317460317462
2024-08-14,207.74,210.755,207.12,210.24,6999809,0.01100015874642162,0.09260803661352741,0.28595057730230833,0.24702805897852884,206.846,207.28400000000002,15.76139342093304,16.19,0.044199999999999996,-1.9299999999999997,0.00017539682539682538
2024-08-15,213.0,213.89,211.1,211.55,7001005,0.006211641869830714,0.05430584800285267,0.26278662262381025,0.2274955960078963,208.344,207.3625,15.761564268142768,15.23,0.0452,-0.9600000000000009,0.00017936507936507936
2024-08-16,211.69,214.09,211.585,213.97,7931234,0.011374441112783072,0.06191756157215592,0.26559020365652436,0.2251628385583341,209.978,207.57200000000003,15.886319193106315,14.8,0.0449,-0.4299999999999997,0.0001781746031746032
2024-08-19,214.0,215.53,213.82,215.45,6090818,0.006893045782987396,0.03716551675112474,0.26638564694346584,0.2249489640600069,211.83,207.83049999999997,15.622292949221158,14.65,0.044800000000000006,-0.15000000000000036,0.0001777777777777778
2024-08-20,215.0,216.0,213.68,214.52,5640223,-0.0043258899471224944,0.10073950241649214,0.2670991687672935,0.2245844182162413,213.14600000000002,208.04000000000002,15.545434161699689,15.88,0.0443,1.2300000000000004,0.00017579365079365078
2024-08-21,214.43,215.0,212.84,214.6,5202472,0.00037285608187362086,0.09723207880099993,0.2648612720506696,0.22156141394379647,214.01800000000003,208.34049999999996,15.464644455207573,16.27,0.0436,0.3899999999999988,0.00017301587301587302
2024-08-22,214.58,216.8,214.335,216.63,5247098,0.009414998934601883,0.10402623359560591,0.2663284976722363,0.2216925201040088,215.03400000000002,208.7385,15.473185719833861,17.55,0.0443,1.2800000000000011,0.00017579365079365078
2024-08-23,217.6,219.19,216.5,218.31,7213981,0.0077252418959048805,0.09189567465467309,0.26135768819414607,0.2213722070903991,215.902,209.042,15.79153150667448,15.86,0.0436,-1.6900000000000013,0.00017301587301587302
2024-08-26,219.01,219.68,218.05,219.17,5105245,0.003931613366522794,0.0883928942601496,0.2597581467408531,0.22122581579135886,216.64600000000002,209.458,15.44577900059386,16.15,0.0438,0.28999999999999915,0.0001738095238095238
2024-08-27,219.51,220.42,219.19,220.18,5185221,0.004597709248629549,0.05579589177057366,0.2507861001454694,0.21915596993295794,217.77800000000002,209.70749999999998,15.461323021688253,15.43,0.0434,-0.7199999999999989,0.00017222222222222224
2024-08-28,219.25,222.21,219.19,221.29,6506402,0.005028664865517494,0.03699927515073423,0.24679585522676853,0.21898898148994428,219.11599999999999,210.13199999999998,15.688297173224303,17.11,0.0436,1.6799999999999997,0.00017301587301587302
2024-08-29,222.15,222.98,218.94,222.21,6416149,0.004148822185533018,0.02435873644268147,0.22851242141838182,0.21685909329928463,220.23200000000003,210.84449999999998,15.674328651450853,15.65,0.0438,-1.459999999999999,0.0001738095238095238
2024-08-30,222.5,225.48,221.93,224.8,8574128,0.01158823732622858,0.05128227673567291,0.14919747324672214,0.2164414423827444,221.53000000000003,212.1275,15.964259854883302,15.0,0.0438,-0.6500000000000004,0.0001738095238095238
2024-09-03,222.3,224.1,219.24,220.3,8956089,-0.020220864211238518,0.19466841681123676,0.14604661138305083,0.2211307808107776,221.756,213.39749999999998,16.007844194123493,20.72,0.0435,5.719999999999999,0.00017261904761904762
2024-09-04,221.04,222.07,217.21,219.33,7345660,-0.004412808834963187,0.1947704863738062,0.12668667667654115,0.2196977249720049,221.586,214.34700000000004,15.809620220598822,21.32,0.042300000000000004,0.6000000000000014,0.00016785714285714288
2024-09-05,220.15,220.8,216.03,217.63,8067874,-0.007781071847358578,0.19193918636715573,0.1333364902697736,0.22043311149685313,220.85399999999998,215.20850000000002,15.903400560680943,19.9,0.0421,-1.4200000000000017,0.00016706349206349207
2024-09-06,217.6,218.74,211.09,212.46,7776998,-0.024042637774108352,0.22430136767437106,0.1566309018340382,0.21907268651256914,218.904,215.62849999999997,15.866680960508473,22.38,0.040999999999999995,2.4800000000000004,0.00016269841269841268
2024-09-09,215.19,218.15,214.175,216.81,8935074,0.02026765861113204,0.2767574309782275,0.16823553310730086,0.2197696238108904,217.30599999999998,216.17900000000003,16.005494988578302,19.45,0.0412,-2.9299999999999997,0.0001634920634920635
2024-09-10,218.6,218.64,200.61,205.56,28406903,-0.05328343183897055,0.43101499723757797,0.2602045794325986,0.2464623498867222,214.358,216.14749999999998,17.162142736976598,19.08,0.0407,-0.370000000000001,0.00016150793650793652
2024-09-11,205.25,207.7,201.831,207.23,13658743,0.008091325425367337,0.45664357224080065,0.2600497043406723,0.2468891882032043,211.93800000000002,216.11200000000002,16.429890387374968,17.69,0.0412,-1.389999999999997,0.0001634920634920635
2024-09-12,207.65,208.78,204.89,206.6,9055756,-0.0030447308638580084,0.4601995359166705,0.25680612936535707,0.24680580509804345,209.73200000000003,215.92999999999998,16.01891113559922,17.07,0.0409,-0.620000000000001,0.0001623015873015873
2024-09-13,206.86,207.8482,203.02,204.32,10226694,-0.011097164401309015,0.44495039603627345,0.2578203423981955,0.2472431121833777,208.10399999999998,215.56850000000003,16.140511918542625,16.56,0.04,-0.5100000000000016,0.00015873015873015873
2024-09-16,205.83,208.21,205.59,207.86,8634936,0.017177383876046507,0.4330452222071841,0.2625150242374249,0.24906677582747583,206.314,215.263,15.971326857838866,17.14,0.039599999999999996,0.5800000000000018,0.00015714285714285713
2024-09-17,207.73,209.93,207.66,209.25,7573345,0.006664933209308939,0.17281747617234694,0.26242011870723525,0.24791905197816128,207.052,214.95299999999997,15.840145403640886,17.61,0.039900000000000005,0.46999999999999886,0.00015833333333333335
2024-09-18,209.01,211.3361,206.7,207.53,8259876,-0.008253801836015724,0.18437815457478743,0.2633577943851315,0.24736229878471452,207.112,214.6035,15.92692013327794,18.23,0.0395,0.620000000000001,0.00015674603174603175
2024-09-19,209.78,211.91,207.34,210.48,11635168,0.014114729198468259,0.2040267211889169,0.2692143945140935,0.24866450405599577,207.888,214.39749999999998,16.269542793806377,16.33,0.0393,-1.9000000000000021,0.00015595238095238097
2024-09-20,209.93,211.415,209.5,211.09,20884974,0.002893946085941847,0.15927880200470834,0.26686313030984843,0.2485344105241729,209.24200000000002,214.1205,16.85454051100002,16.15,0.0392,-0.17999999999999972,0.00015555555555555556
2024-09-23,211.0,211.8,209.99,211.44,7223491,0.0016566874780546894,0.12910434967191325,0.265005393723254,0.24802501772957072,209.958,213.777,15.792848912017385,15.89,0.0391,-0.259999999999998,0.00015515873015873016
2024-09-24,211.15,212.95,210.37,211.59,7323239,0.0007091695921638381,0.1265585506138229,0.26435954065111295,0.24620290673199458,210.426,213.398,15.80656327440808,15.39,0.0388,-0.5,0.00015396825396825397
2024-09-25,211.68,212.24,208.61,210.19,8976520,-0.006638556316308962,0.11838952436138739,0.26378371053180766,0.2446750999692243,210.958,212.8985,16.01012283733042,15.41,0.038900000000000004,0.019999999999999574,0.00015436507936507937
2024-09-26,211.13,211.7,209.01,209.78,7807480,-0.001952521038430804,0.06007497173804576,0.262363788986502,0.24244682157187783,210.81799999999998,212.323,15.87059280649664,15.37,0.039599999999999996,-0.040000000000000924,0.00015714285714285713
2024-09-27,210.65,212.44,209.33,210.5,7032450,0.003426290588978272,0.0621456920996378,0.2621271281371438,0.24253832587038252,210.7,211.7375,15.766045709473735,16.96,0.039,1.5900000000000016,0.00015476190476190475
2024-09-30,206.31,210.96,205.26,210.86,8668314,0.0017087530263676025,0.06226366767075767,0.25728229716569884,0.23929447577375038,210.584,211.04049999999998,15.975184866178394,16.73,0.0398,-0.23000000000000043,0.00015793650793650795
2024-10-01,208.9,209.09,206.19,207.04,8540064,-0.018282394836267975,0.13799782323039864,0.2556684365564574,0.24234204992592537,209.67399999999998,210.3775,15.96027905988187,19.26,0.039599999999999996,2.530000000000001,0.00015714285714285713
2024-10-02,207.08,208.95,205.69,207.29,5810931,0.0012067676988842555,0.14099973019487,0.2560647184939076,0.24111160984804852,209.094,209.77550000000002,15.575251356954738,18.9,0.0397,-0.360000000000003,0.00015753968253968254
2024-10-03,206.17,206.49,204.34,205.23,7251325,-0.009987477570403561,0.14932657901585805,0.25675020686120603,0.24196521119919173,208.18400000000003,209.1555,15.796694768753225,20.49,0.04019999999999999,1.5899999999999999,0.0001595238095238095
2024-10-04,209.3,211.67,206.91,211.22,10213415,0.02876894287731203,0.28215703937257536,0.26737763039951074,0.24911446644854865,208.32800000000003,209.0935,16.139212610220138,19.21,0.042,-1.2799999999999976,0.0001666666666666667
2024-10-07,211.03,213.33,209.69,210.93,6718898,-0.001373919439148658,0.2822996423971509,0.2561035120953035,0.24778451375054453,208.342,208.7995,15.720434710956576,22.64,0.0424,3.4299999999999997,0.00016825396825396826
2024-10-08,210.58,211.33,208.38,210.75,6021772,-0.0008537279972147978,0.23389821398910393,0.16742744287366834,0.2426270007579945,209.084,209.05900000000003,15.610892126131375,21.42,0.0421,-1.2199999999999989,0.00016706349206349207
2024-10-09,209.7,214.24,209.38,213.42,7023998,0.012589458306453968,0.240571690577682,0.17059770304287608,0.24152103164366667,210.31,209.36849999999998,15.764843129559008,20.86,0.0424,-0.5600000000000023,0.00016825396825396826
2024-10-10,214.81,214.81,211.47,212.84,7927051,-0.002721345460250215,0.21460546324493945,0.17048798064303988,0.23951047059368363,211.83199999999997,209.68050000000002,15.885791645506178,20.93,0.042199999999999994,0.07000000000000028,0.00016746031746031745
2024-10-11,215.67,224.6299,215.16,222.29,18320650,0.04344212597464969,0.3108576400979061,0.2198596611198143,0.24651116845718848,214.046,210.579,16.72353939693019,20.46,0.0418,-0.46999999999999886,0.00016587301587301585
2024-10-14,223.2,223.7,218.88,221.48,9048925,-0.003650543748051991,0.31657300521504395,0.21596873185624996,0.24666203598953174,216.156,211.26,16.01815652409028,19.7,0.0418,-0.7600000000000016,0.00016587301587301585
2024-10-15,223.66,225.45,221.82,222.39,9235825,0.004100305381971735,0.30794396551388503,0.21561038060112553,0.24673115852340227,218.484,211.917,16.03860050168065,20.64,0.0418,0.9400000000000013,0.00016587301587301585
2024-10-16,222.33,223.68,221.04,223.64,6382515,0.005605018821706479,0.3093074247742654,0.21155169972523938,0.24691166454857189,220.52799999999996,212.7225,15.669072778271277,19.58,0.0417,-1.0600000000000023,0.00016547619047619047
2024-10-17,224.27,225.85,223.31,224.42,6470186,0.0034816800782755558,0.29693706040442736,0.2079709326358157,0.24619000494160395,222.844,213.41950000000003,15.682715414131872,19.11,0.0421,-0.46999999999999886,0.00016706349206349207
2024-10-18,225.0,225.92,223.1,225.37,7000543,0.004224199793854055,0.058137345748844264,0.20799802601232867,0.24626013859328863,223.45999999999998,214.1335,15.761498275439651,18.03,0.04190000000000001,-1.0799999999999983,0.0001662698412698413
2024-10-21,225.22,225.7,222.9,223.0,5869959,-0.010571724570455536,0.10666687853233475,0.21370910437152232,0.24523490150745655,223.76399999999998,214.71149999999997,15.585358207112083,18.37,0.0424,0.33999999999999986,0.00016825396825396826
2024-10-22,223.02,225.28,221.1,224.12,9586793,0.005009851236965039,0.10831740065575031,0.2137332497034775,0.24489154079975123,224.10999999999999,215.33799999999997,16.075896980087215,18.2,0.0424,-0.1700000000000017,0.00016825396825396826
2024-10-23,223.66,224.7999,222.53,223.41,6180528,-0.0031729743064199123,0.10550337566249021,0.21203423089408155,0.24167536244489496,224.064,215.99900000000002,15.636914262677553,19.24,0.042699999999999995,1.0399999999999991,0.00016944444444444442
2024-10-24,221.83,225.06,221.66,224.98,6002202,0.007002860974015946,0.11572326681405558,0.2116144935583036,0.2407554197138342,224.17600000000002,216.75900000000001,15.607636959864301,19.08,0.0425,-0.16000000000000014,0.00016865079365079366
2024-10-25,225.0,225.62,220.875,222.31,6369720,-0.011938705150779579,0.13773432275379444,0.21859644992114535,0.23709637808197576,223.564,217.34950000000003,15.667066070538295,20.33,0.0429,1.25,0.00017023809523809523
2024-10-28,223.35,225.64,222.95,225.5,6842956,0.0142473547288329,0.15970830389897947,0.22231932033728583,0.21971942761881477,224.064,218.0815,15.738730359985569,19.8,0.042800000000000005,-0.5299999999999976,0.00016984126984126986
2024-10-29,225.21,226.75,222.81,222.9,6580004,-0.011596918550909815,0.18327278447650733,0.21482927613983444,0.21607888515339418,223.82,218.87449999999998,15.699545911204051,19.34,0.0429,-0.46000000000000085,0.00017023809523809523
2024-10-30,222.54,226.31,221.58,224.41,7110941,0.006751495543661943,0.1896060090519656,0.21488060173709636,0.20979553750166588,224.01999999999998,219.73049999999998,15.777145141826594,20.35,0.042800000000000005,1.0100000000000016,0.00016984126984126986
2024-10-31,224.7,225.69,221.82,221.92,7829932,-0.011157779368963726,0.19644966367586705,0.2159262715663788,0.21147401654722983,223.408,220.565,15.87346438338266,23.16,0.042699999999999995,2.8099999999999987,0.00016944444444444442
2024-11-01,223.56,226.15,222.7,222.94,6923452,0.004585720394955913,0.1822082286275589,0.19505312781295495,0.20879472165335947,223.53400000000002,221.151,15.750425047143217,21.88,0.042800000000000005,-1.2800000000000011,0.00016984126984126986
2024-11-04,222.65,223.76,219.17,219.78,8229588,-0.014275630942699433,0.15822085286604365,0.20380707547346946,0.2107312912646725,222.39000000000001,221.5935,15.92324651064683,21.98,0.0425,0.10000000000000142,0.00016865079365079366
2024-11-05,220.03,221.96,220.0,221.49,5600686,0.007750395720405856,0.16779662776466575,0.20446571866973862,0.21116743124417886,222.108,222.13049999999998,15.538399648202866,20.49,0.042699999999999995,-1.490000000000002,0.00016944444444444442
2024-11-06,235.0,248.0,234.77,247.06,23987753,0.1092537803694838,0.8131933271305736,0.4306381630764104,0.30580800907646133,226.638,223.8125,16.99305396640245,16.27,0.0431,-4.219999999999999,0.00017103174603174602
2024-11-07,244.5,244.57,235.22,236.38,16451071,-0.044190542524573106,0.9180202918054768,0.46707752150380066,0.3201252590314829,229.52999999999997,224.9895,16.615901139439305,15.2,0.042800000000000005,-1.0700000000000003,0.00016984126984126986
2024-11-08,239.34,239.34,235.78,236.98,9502100,0.0025350698044994207,0.9192661940772077,0.4447447268553212,0.3200050151031255,232.33800000000002,225.724,16.067023384773815,14.94,0.0432,-0.2599999999999998,0.00017142857142857143
2024-11-11,240.0,242.1,239.0,239.29,9017079,0.009700456102630718,0.8910646598107336,0.44454223412257093,0.3198114767288427,236.24,226.6145,16.014631003672456,14.97,0.0432,0.030000000000001137,0.00017142857142857143
2024-11-12,240.55,241.46,238.76,239.56,6860956,0.0011277019050372084,0.896623331955925,0.44464677552109017,0.3196424666418357,239.85399999999998,227.473,15.741357348593143,14.71,0.0438,-0.2599999999999998,0.0001738095238095238
2024-11-13,240.58,244.09,240.31,241.16,11472557,0.006656706224943077,0.3533700093961584,0.4447216188740006,0.31954059880669794,238.67399999999998,228.34900000000002,16.255468393641486,14.02,0.0431,-0.6900000000000013,0.00017103174603174602
2024-11-14,242.415,244.29,241.05,241.87,10172202,0.002939778114550864,0.055742750524418384,0.4447304570321816,0.3195297551157292,239.772,229.22150000000002,16.13516926376189,14.31,0.0436,0.2900000000000009,0.00017301587301587302
2024-11-15,241.46,246.42,241.46,245.31,11518836,0.01412232510623997,0.08289247410657913,0.44625744253566557,0.32014177087595086,241.43800000000002,230.2185,16.2594941664603,16.14,0.0434,1.83,0.00017222222222222224
2024-11-18,247.76,247.93,242.68,245.03,9052575,-0.0011420648139411412,0.09477957512203819,0.4433524781806854,0.3199887340852839,242.586,231.32000000000002,16.018559805591757,15.58,0.0433,-0.5600000000000005,0.00017182539682539683
2024-11-19,242.25,245.1509,241.55,243.09,6792660,-0.007948906887310874,0.13140622019615372,0.4456168868429161,0.32059616277420105,243.292,232.26850000000005,15.731353175397192,16.35,0.0434,0.7700000000000014,0.00017222222222222224
2024-11-20,244.4,244.61,238.64,240.78,9015290,-0.009548091633863283,0.15127508296591427,0.4475601422201081,0.32136485476970567,243.21599999999998,233.137,16.014432582710032,17.16,0.0437,0.8099999999999987,0.00017341269841269843
2024-11-21,243.23,245.49,242.105,244.76,8783516,0.016394485087459373,0.19371754379033143,0.44970363604844416,0.3227405220833524,243.794,234.12600000000003,15.98838734103123,16.87,0.043899999999999995,-0.28999999999999915,0.00017420634920634919
2024-11-22,243.61,249.15,243.0347,248.55,7997307,0.015365893946341996,0.19860772137359542,0.4471335518439703,0.32392353567952725,244.442,235.43799999999996,15.894615417973197,15.24,0.044199999999999996,-1.6300000000000008,0.00017539682539682538
2024-11-25,249.59,254.31,249.06,250.29,10295350,0.006976213041411128,0.1972666295412546,0.4460073559009326,0.32346993867482626,245.494,236.67749999999995,16.147202894952102,14.6,0.0437,-0.6400000000000006,0.00017341269841269843
2024-11-26,250.49,251.0,248.34,249.97,6212142,-0.0012793349204223959,0.17580181327237865,0.44233771101555736,0.32027828184227985,246.86999999999998,238.031,15.642016321972067,14.1,0.0437,-0.5,0.00017341269841269843
2024-11-27,249.35,251.19,248.771,249.79,5472265,-0.0007203457971165026,0.13418252353305132,0.44290383025497243,0.32004660265482426,248.67200000000003,239.3,15.515203165474482,14.1,0.0434,0.0,0.00017222222222222224
2024-11-29,249.86,251.77,249.45,249.72,5494825,-0.00028027467101044773,0.11406317462420756,0.43919172991970973,0.31941929280770054,249.664,240.69,15.51931729817897,13.51,0.043,-0.5899999999999999,0.0001706349206349206
2024-12-02,249.55,250.25,245.03,246.25,8899741,-0.013993010141345089,0.12022257237176635,0.4448446842240503,0.31653129744173986,249.204,241.85549999999998,16.001532733155326,13.34,0.043,-0.16999999999999993,0.0001706349206349206
2024-12-03,248.23,249.04,244.63,244.82,6657694,-0.00582403340483184,0.09198396406848228,0.4409893782382317,0.314773314957777,248.10999999999999,243.1075,15.711283736313254,13.3,0.042699999999999995,-0.03999999999999915,0.00016944444444444442
2024-12-04,244.7,245.345,242.23,243.4,7346265,-0.005817066093939537,0.08776953462560913,0.4426547487453636,0.2934601398784114,246.796,244.20300000000003,15.809702578765004,13.45,0.042300000000000004,0.14999999999999858,0.00016785714285714288
2024-12-05,245.39,247.18,244.62,245.48,6572536,0.008509296967469292,0.13173480021280487,0.2108620510139336,0.29349347920173985,245.93400000000003,244.12399999999997,15.698410312938993,13.54,0.042300000000000004,0.08999999999999986,0.00016785714285714288
2024-12-06,245.7,247.74,244.84,247.36,5519738,0.007629287878160908,0.15393835435205386,0.13414405738393068,0.29339718875393,245.462,244.67299999999994,15.523840953358722,12.77,0.04190000000000001,-0.7699999999999996,0.0001662698412698413
2024-12-09,247.13,247.8699,243.76,243.81,7076466,-0.014455531965834068,0.1562453340566149,0.1466718400628418,0.29416616885753644,244.974,245.0145,15.772285188509429,14.19,0.042,1.42,0.0001666666666666667
2024-12-10,243.89,247.96,242.22,242.86,9108339,-0.003904087807550155,0.1538547194021805,0.14441844598466205,0.2929800160197966,244.58200000000002,245.19299999999998,16.02470092549947,14.18,0.042199999999999994,-0.009999999999999787,0.00016746031746031745
2024-12-11,244.0,244.27,242.18,243.53,7884442,0.002754992593491101,0.15108984246900192,0.14459173399854566,0.2928575030024085,244.608,245.3915,15.880402008595508,13.58,0.0421,-0.5999999999999996,0.00016706349206349207
2024-12-12,243.0,244.1,241.04,241.53,6113771,-0.008246449239164937,0.13870336239079942,0.1462825896126161,0.29285634715653736,243.81800000000004,245.41,15.626054325710196,13.92,0.042199999999999994,0.33999999999999986,0.00016746031746031745
2024-12-13,242.07,242.715,239.1437,239.94,10392749,-0.006604796893217131,0.09974116174317241,0.1477211887024531,0.29243328422758225,242.334,245.31349999999998,16.15661890940814,13.81,0.0424,-0.10999999999999943,0.00016825396825396826
2024-12-16,240.61,240.67,237.52,239.58,9032044,-0.0015015017835970255,0.06894488919304846,0.13739851380027646,0.2925263863336905,241.488,245.02700000000004,16.01628925636753,14.69,0.0424,0.879999999999999,0.00016825396825396826
2024-12-17,238.65,239.02,236.63,238.36,8083635,-0.005105254424406808,0.0699086304603802,0.13810171761111512,0.2928991538285842,240.58800000000002,244.6935,15.905352205570926,15.87,0.0425,1.1799999999999997,0.00016865079365079366
2024-12-18,239.0,239.07,229.53,230.37,11322358,-0.03409542386821635,0.20776915480240252,0.1795605916145725,0.30209372441060006,237.956,244.05749999999998,16.242289912933995,27.62,0.043,11.750000000000002,0.0001706349206349206
2024-12-19,232.27,236.36,232.27,232.96,11790773,0.011180052997759232,0.2630576547393772,0.18407416484915898,0.3022712803459775,236.24200000000002,243.66649999999998,16.282827834401647,24.09,0.042800000000000005,-3.530000000000001,0.00016984126984126986
2024-12-20,231.92,239.21,231.5877,237.6,32348414,0.019721822480168644,0.3258676051982006,0.18872072455331873,0.30440448016122723,235.77399999999997,243.3085,17.29207555143424,18.36,0.042699999999999995,-5.73,0.00016944444444444442
2024-12-23,236.07,238.62,234.88,238.39,8611528,0.003319400514208951,0.32808473261236715,0.17905160670843115,0.30440253303400217,235.536,242.8005,15.968612328718715,16.78,0.0426,-1.5799999999999983,0.00016904761904761904
2024-12-24,239.43,242.4922,239.07,242.31,3729092,0.016309910119615915,0.34592648241026713,0.18815170115300084,0.30579534992203933,236.32599999999996,242.40150000000003,15.131675330350319,14.27,0.0424,-2.5100000000000016,0.00016825396825396826
2024-12-26,241.43,243.26,240.79,243.14,4452168,0.003419511005333185,0.11787101801844797,0.18900194746717247,0.3027705995362145,238.88000000000002,242.06,15.30890172651465,14.73,0.042300000000000004,0.46000000000000085,0.00016785714285714288
2024-12-27,242.72,243.39,240.04,241.17,5730607,-0.008135330119668733,0.1781798646266928,0.1904829192023719,0.30356887226229506,240.522,241.629,15.56133201676272,15.95,0.042,1.2199999999999989,0.0001666666666666667
2024-12-30,238.77,240.84,237.11,239.32,5723765,-0.007700510486148104,0.15949747013724458,0.1915386198301307,0.3032022753681731,240.86599999999999,241.109,15.560137363609542,17.4,0.0417,1.4499999999999993,0.00016547619047619047
2024-12-31,240.05,241.4393,239.03,239.71,4870971,0.0016282908634877985,0.15869363691389143,0.18666747796632363,0.2982436034157977,241.13000000000002,240.782,15.398803859168,17.35,0.0416,-0.04999999999999716,0.00016507936507936506
